Branch office code,BIC code,Name of the branch office,Address of the branch office,Branch office may send VIBER items,Branch office may receive VIBER items
10002003,HUSTHUHB,Magyar Államkincstár. értékp.-pénztár,"1139 Budapest, Váci út 71.",,R
10003004,HUSTHUHB,Magyar Államkincstár Központ,"1054 Budapest, Hold utca 7.",S,R
10023002,HUSTHUHB,Magyar Államkincstár. Budapest,"1139 Budapest, Váci út 71.",,R
10024003,HUSTHUHB,Magyar Államkincstár. Pécs,"7621 Pécs, Apáca utca 6.",,R
10025004,HUSTHUHB,Magyar Államkincstár. Kecskemét,"6000 Kecskemét, Szabadság tér 1.",,R
10026005,HUSTHUHB,Magyar Államkincstár. Békéscsaba,"5600 Békéscsaba, Dózsa György út 1.",,R
10027006,HUSTHUHB,Magyar Államkincstár. Miskolc,"3525 Miskolc, Hősök tere 3.",,R
10028007,HUSTHUHB,Magyar Államkincstár Szeged,"6720 Szeged, Vár utca 5.",,R
10029008,HUSTHUHB,Magyar Államkincstár Székesfehérvár,"8000 Székesfehérvár, Ősz utca 11.",,R
10032000,HUSTHUHB,Magyar Államkincstár Budapest,"1139 Budapest, Váci út 71.",,R
10033001,HUSTHUHB,Magyar Államkincstár. Győr,"9022 Győr, Czuczor Gergely utca 26.",,R
10034002,HUSTHUHB,Magyar Államkincstár. Debrecen,"4025 Debrecen, Hatvan utca 15.",,R
10035003,HUSTHUHB,Magyar Államkincstár Eger,"3300 Eger, Eszterházy tér 5.",,R
10036004,HUSTHUHB,Magyar Államkincstár. Tatabánya,"2800 Tatabánya, Fő tér 32.",,R
10037005,HUSTHUHB,Magyar Államkincstár. Salgótarján,"3100 Salgótarján, Rákóczi út 15.",,R
10039007,HUSTHUHB,Magyar Államkincstár Kaposvár,"7400 Kaposvár, Széchenyi tér 3-4.",,R
10044001,HUSTHUHB,Magyar Államkincstár. Nyíregyháza,"4400 Nyíregyháza, Széchenyi utca 3.",,R
10045002,HUSTHUHB,Magyar Államkincstár. Szolnok,"5000 Szolnok, Magyar utca 8.",,R
10046003,HUSTHUHB,Magyar Államkincstár. Szekszárd,"7100 Szekszárd, Augusz Imre utca 7.",,R
10047004,HUSTHUHB,Magyar Államkincstár. Szombathely,"9700 Szombathely, Széll Kálmán utca 20.",,R
10048005,HUSTHUHB,Magyar Államkincstár. Veszprém,"8200 Veszprém, Mindszenty József utca 2.",,R
10049006,HUSTHUHB,Magyar Államkincstár. Zalaegerszeg,"8900 Zalaegerszeg, Dísz tér 7.",,R
10100015,MKKBHUHB,MBH 103 Szent István tér,"1051 Budapest, Hercegprímás utca 10.",S,R
10100022,MKKBHUHB,MBH 103 Duna Pláza,"1138 Budapest, Váci út 178-182.",S,R
10100039,MKKBHUHB,MBH 103 MBH Székház,"1056 Budapest, Váci út 38.",S,R
10100046,MKKBHUHB,MBH 103 Duna Ház,"1093 Budapest, Soroksári út 3/C.",S,R
10100053,MKKBHUHB,MBH 103 Mammut,"1024 Budapest, Széna tér 4.",S,R
10100060,MKKBHUHB,MBH 103 Thököly út,"1146 Budapest, Thököly út 100/A.",S,R
10100077,MKKBHUHB,MBH 103 Fehérvári út,"1119 Budapest, Fehérvári út 95.",S,R
10100084,MKKBHUHB,MBH 103 MOM Park,"1124 Budapest, Alkotás út 53.",S,R
10100091,MKKBHUHB,MBH 103 Árkád,"1106 Budapest, Örs Vezér tere 25.",S,R
10100101,MKKBHUHB,MBH 103 Eurocenter,"1037 Budapest, Vörösvári út 131.",S,R
10100118,MKKBHUHB,MBH 103 Rákoskeresztúr,"1173 Budapest, Pesti út 237.",S,R
10100125,MKKBHUHB,MBH 103 Nyugati tér,"1132 Budapest, Nyugati tér 5.",S,R
10100132,MKKBHUHB,MBH 103 Csepel Pláza,"1211 Budapest, II. Rákóczi Ferenc út 154-170.",S,R
10100149,MKKBHUHB,MBH 103 Paks,"7030 Paks, Dózsa György út 75.",S,R
10100156,MKKBHUHB,MBH 103 Siófok,"8600 Siófok, Sió utca 2.",S,R
10100163,MKKBHUHB,MBH 103 Gödöllő,"2100 Gödöllő, Kossuth Lajos utca 13.",S,R
10100170,MKKBHUHB,MBH 103 Cegléd,"2700 Cegléd, Kossuth tér 8.",S,R
10100187,MKKBHUHB,MBH 103 Dunaújváros,"2400 Dunaújváros, Vasmű utca 4/B.",S,R
10100194,MKKBHUHB,MBH 103 Érd,"2030 Érd, Budai út 7/a.",S,R
10100204,MKKBHUHB,MBH 103 Dunakeszi,"2120 Dunakeszi, Fő út 16-18.",S,R
10100211,MKKBHUHB,MBH 103 Győr,"9021 Győr, Bécsi kapu tér 12.",S,R
10100228,MKKBHUHB,MBH 103 Szolnok,"5000 Szolnok, Baross utca 10-12.",S,R
10100235,MKKBHUHB,MBH 103 Szeged,"6720 Szeged, Kölcsey utca 8.",S,R
10100242,MKKBHUHB,MBH 103 Sopron,"9400 Sopron, Várkerület 16.",S,R
10100259,MKKBHUHB,MBH 103 Debrecen Vár u.,"4024 Debrecen, Vár utca 6/c.",S,R
10100266,MKKBHUHB,MBH 103 Herend,"8440 Herend, Kossuth Lajos utca 140.",S,R
10100273,MKKBHUHB,MBH 103 Veszprém,"8200 Veszprém, Óváros tér 3.",S,R
10100280,MKKBHUHB,MBH 103 Nagykanizsa,"8800 Nagykanizsa, Erzsébet tér 8.",S,R
10100297,MKKBHUHB,MBH 103 Székesfehérvár,"8000 Székeshehérvár, Budai út 36.",S,R
10100307,MKKBHUHB,MBH 103 Miskolc Pláza,"3535 Miskolc, Szentpáli utca 2-6.",S,R
10100314,MKKBHUHB,MBH 103 Kecskemét,"6000 Kecskemét, Katona József tér 1.",S,R
10100321,MKKBHUHB,MBH 103 Nyíregyháza,"4400 Nyíregyháza, Szarvas utca 11.",S,R
10100338,MKKBHUHB,MBH 103 Szombathely,"9700 Szombathely, Szent Márton utca 4.",S,R
10100345,MKKBHUHB,MBH 103 Tatabánya,"2800 Tatabánya, Fő tér 6.",S,R
10100352,MKKBHUHB,MBH 103 Kaposvár,"7400 Kaposvár, Széchenyi tér 7.",S,R
10100369,MKKBHUHB,MBH 103 Eger,"3300 Eger, Érsek utca 6.",S,R
10100376,MKKBHUHB,MBH 103 Gyöngyös,"3200 Gyöngyös, Köztársaság tér 1.",S,R
10100383,MKKBHUHB,MBH 103 Hódmezővásárhely,"6800 Hódmezővásárhely, Kossuth tér 2.",S,R
10100390,MKKBHUHB,MBH 103 Jászberény,"5100 Jászberény, Lehel vezér tér 16.",S,R
10100400,MKKBHUHB,MBH 103 Kiskunhalas,"6400 Kiskunhalas, Kossuth utca 3.",S,R
10100417,MKKBHUHB,MBH 103 Kisvárda,"4600 Kisvárda, Szt.László utca 51.",S,R
10100424,MKKBHUHB,MBH 103 Mosonmagyaróvár,"9200 Mosonmagyaróvár, Magyar utca 26-28.",S,R
10100431,MKKBHUHB,MBH 103 Salgótarján,"3100 Salgótarján, Fő tér 6.",S,R
10100448,MKKBHUHB,MBH 103 Szekszárd,"7100 Szekszárd, Garay tér 8.",S,R
10100455,MKKBHUHB,MBH 103 Zalaegerszeg,"8900 Zalaegerszeg, Kossuth utca 22.",S,R
10100462,MKKBHUHB,MBH 103 Szentendre,"2000 Szentendre, Kossuth L. utca 10.",S,R
10100479,MKKBHUHB,MBH 103 Budaörs,"2040 Budaörs, Szabadság út 45.",S,R
10100486,MKKBHUHB,MBH 103 Baja,"6500 Baja, Tóth Kálmán tér 1.",S,R
10100493,MKKBHUHB,MBH 103 Békéscsaba,"5600 Békéscsaba, Szabadság tér 2.",S,R
10100503,MKKBHUHB,MBH 103 Győr Árkád,"9027 Győr, Budai út 1.",S,R
10100510,MKKBHUHB,MBH 103 Pécs Árkád,"7622 Pécs, Bajcsy-Zsilinszky utca 11.",S,R
10100716,MKKBHUHB,MBH 101 EMKE,"1072 Budapest, Rákóczi út 42.",S,R
10100730,MKKBHUHB,MBH 101 Közp.Lak.Hitel,"1138 Budapest, Váci út 193.",,
10100747,MKKBHUHB,MBH 101 Különleges Műveletek,"1138 Budapest, Váci út 193.",,R
10100778,MKKBHUHB,MBH 101 Mosonmagyaróvár,"9200 Mosonmagyaróvár, Fő utca 22.",S,R
10100792,MKKBHUHB,MBH 101 Királyhágó,"1126 Budapest, Királyhágó utca 18.",S,R
10100819,MKKBHUHB,MBH 101 Közp.Számlakezelő,"1138 Budapest, Váci út 193.",,R
10100826,MKKBHUHB,MBH 101 Csepel,"1211 Budapest, Kossuth Lajos utca 47-49.",S,R
10100833,MKKBHUHB,MBH 101 Gazdagrét,"1118 Budapest, Rétköz utca ELEVEN CENTER",S,R
10100840,MKKBHUHB,MBH 101 Bosnyák tér,"1149 Budapest, Nagy Lajos király útja 146.",S,R
10100864,MKKBHUHB,MBH 101 Közp. Adatfeld.Szerv,"1138 Budapest, Váci út 193.",,
10100871,MKKBHUHB,MBH 101 Közp.Hiteladminisztráció,"1138 Budapest, Váci út 193.",,
10100888,MKKBHUHB,MBH 101 Központi Értékpapír,"1138 Budapest, Váci út 193.",S,R
10100895,MKKBHUHB,MBH 101 Központi Bankkártya,"1138 Budapest, Váci út 193.",S,R
10100912,MKKBHUHB,MBH 101 Közp. Adatforgalmazó,"1138 Budapest, Váci út 193.",,
10100936,MKKBHUHB,MBH 101 Központi KMF,"1138 Budapest, Váci út 193.",S,R
10100950,MKKBHUHB,MBH 101 Közp. Lak. Jelz. OP.,"5600 Békéscsaba, Andrássy út 37-43.",S,R
10101009,MKKBHUHB,MBH 101 Csepeli 2,"1211 Budapest, Kossuth Lajos utca 47-49.",S,R
10101016,MKKBHUHB,MBH 101 Fogarasi út,"1148 Budapest, Fogarasi út 13.",S,R
10101023,MKKBHUHB,MBH 101 Kőbánya,"1102 Budapest, Kőrösi Csoma sétány 4.",S,R
10101030,MKKBHUHB,MBH 101 Keszthely,"8360 Keszthely, Kossuth Lajos utca 103.",S,R
10101047,MKKBHUHB,MBH 101 Kiskunhalas,"6400 Kiskunhalas, Kossuth utca 10.",S,R
10101054,MKKBHUHB,MBH 101 Pápa,"8500 Pápa, Szent László utca 1.",S,R
10101061,MKKBHUHB,MBH Bank Nyrt. - Etele Pláza,"1115 Budapest, Hadak útja 1.",S,R
10101078,MKKBHUHB,MBH 101 Hódmezővásárhely,"6800 Hódmezővásárhely, Dr. Rapcsák Andrá út 4.",S,R
10101085,MKKBHUHB,MBH 101 Hatvan,"3000 Hatvan, Kossuth tér 23.",S,R
10101092,MKKBHUHB,MBH 101 Baja,"6500 Baja, Vörösmarty Mihály utca 5/A.",S,R
10101102,MKKBHUHB,MBH 101 Orosház,"5900 Orosháza, Thököly utca 15.",S,R
10101119,MKKBHUHB,MBH 101 Érd,"2030 Érd, Budai út 11.",S,R
10101126,MKKBHUHB,MBH 101 Budaörs,"2040 Budaörs, Szabadság út 91./2.",S,R
10101133,MKKBHUHB,MBH 101 Ajka,"8400 Ajka, Szabadság tér 8.",S,R
10101140,MKKBHUHB,MBH 101 Paks,"7030 Paks, Dózsa György út 45.",S,R
10101157,MKKBHUHB,MBH 101 Money plus központ,"1123 Budapest, Alkotás utca 39/C.",S,R
10101164,MKKBHUHB,MBH 101 Kalocsa,"6300 Kalocsa, Szent István király út 57/A. FSZ. 16",S,R
10101171,MKKBHUHB,MBH 101 Karcag,"5300 Karcag, Horváth Ferenc utca 3. FSZ. 1.",S,R
10101188,MKKBHUHB,MBH 101 Kisvárda,"4600 Kisvárda, Szent László utca 14. FSZ. 2.",S,R
10101195,MKKBHUHB,MBH 101 Komárom,"2900 Komárom, Igmándi út 19-21.",S,R
10101205,MKKBHUHB,MBH 101 Újpest,"1042 Budapest, Árpád út 57-59. FSZ. 1.",S,R
10101212,MKKBHUHB,MBH 101 Ózd,"3600 Ózd, Gyújtó tér 1.",S,R
10101229,MKKBHUHB,MBH 101 Mohács,"7700 Mohács, Szabadság utca 38.",S,R
10101236,MKKBHUHB,MBH 101 Nyíregyháza2,"4400 Nyíregyháza, Kossuth tér 3.",S,R
10101243,MKKBHUHB,MBH 101 Berettyóújfalu,"4100 Berettyóújfalu, Dózsa György utca 24.",S,R
10101250,MKKBHUHB,MBH 101 Mezőkövesd,"3400 Mezőkövesd, Mátyás király út 79.",S,R
10101267,MKKBHUHB,MBH 101 Nagykáta,"2760 Nagykáta, Szabadság tér 12.",S,R
10101274,MKKBHUHB,MBH 101 Kazincbarcika,"3700 Kazincbarcika, Egressy Béni út 26.",S,R
10101281,MKKBHUHB,MBH 101 Békéscsabai2,"5600 Békéscsaba, Munkácsy utca 3.",S,R
10101298,MKKBHUHB,MBH 101 Veszprém,"8200 Veszprém, Mindszenty József utca 7.",S,R
10101308,MKKBHUHB,MBH 101 Budagyöngye 2,"1026 Budapest, Pázsit utca 2.",S,R
10101315,MKKBHUHB,MBH 101 Siófok,"8600 Siófok, Fő tér 7.",S,R
10101322,MKKBHUHB,MBH 101 Érd2,"2030 Érd, Budai út 11.",S,R
10101339,MKKBHUHB,MBH 101 Pestszentimre,"1188 Budapest, Dózsa György utca 2.",S,R
10101346,MKKBHUHB,MBH 101 Dunakeszi,"2120 Dunakeszi, Fő út 16.",S,R
10101353,MKKBHUHB,MBH 101 Belváros,"1065 Budapest, Bajcsy-Zsilinszky út 5.",S,R
10101360,MKKBHUHB,MBH 101 Campona,"1223 Budapest, Nagytétényi út 37-43.",S,R
10101377,MKKBHUHB,MBH 101 József krt.,"1085 Budapest, József körút 36.",S,R
10101384,MKKBHUHB,MBH 101 Debrecen2,"4024 Debrecen, Vár utca 6/A.",S,R
10101391,MKKBHUHB,MBH 101 Nyugati téri 2,"1132 Budapest, Nyugati tér 4.",S,R
10101401,MKKBHUHB,MBH 101 Dombóvár,"7200 Dombovar, Hunyadi János út 20/B.",S,R
10101418,MKKBHUHB,MBH 101 Pécs 2,"7621 Pécs, Rákóczi út 60.",S,R
10101425,MKKBHUHB,MBH 101 Békásmegyer,"1039 Budapest, Heltai Jenő tér 15.",S,R
10101432,MKKBHUHB,MBH 101 Miskolc2,"3530 Miskolc, Széchenyi István út 46.",S,R
10101449,MKKBHUHB,MBH 101 Emke2,"1072 Budapest, Rákóczi út 42.",S,R
10101456,MKKBHUHB,MBH 101 Pécs,"7623 Pécs, Rákóczi út 28.",S,R
10101463,MKKBHUHB,MBH 101 Kispest,"1191 Budapest, Fő utca 7.",S,R
10101470,MKKBHUHB,MBH 101 Nyírpalota,"1156 Budapest, Nyírpalota út 2.",S,R
10101487,MKKBHUHB,MBH 101 Északpesti 2,"1138 Budapest, Váci út 193.",S,R
10101494,MKKBHUHB,MBH 101 Árkád,"1106 Budapest, Kerepesi út 61.",S,R
10101511,MKKBHUHB,MBH 101 Devizakönyvelés,"1138 Budapest, Váci út 193.",,R
10101528,MKKBHUHB,MBH Bank Nyrt. - Zenit Corso,"1147 Budapest, Csömöri út 13.",S,R
10101535,MKKBHUHB,MBH 101 Bartók Béla út,"1114 Budapest, Bartók Béla út 41.",S,R
10101542,MKKBHUHB,MBH 101 MOM,"1123 Budapest, Alkotás utca 53.",S,R
10101559,MKKBHUHB,MBH 101 Mamut,"1024 Budapest, Lövőház utca 2-6.",S,R
10101566,MKKBHUHB,MBH 101 Váci Greens,"1138 Budapest, Váci út 117.",S,R
10101580,MKKBHUHB,MBH 101 Budai Privátbanki Központ,"1126 Budapest, Nagy Jenő utca 12.",S,R
10101597,MKKBHUHB,MBH 101 Integrált Szolg. Kp.,"1056 Budapest, Váci utca 38.",S,R
10102086,MKKBHUHB,MBH 101 Belváros,"1065 Budapest, Bajcsy-Zsilinszky út 5.",S,R
10102093,MKKBHUHB,MBH 101 Délbuda,"1119 Budapest, Etele út 57.",S,R
10102103,MKKBHUHB,MBH 101 Óbuda,"1023 Budapest, Lajos utca 30.",S,R
10102237,MKKBHUHB,MBH 101 Rákosszentmihály,"1162 Budapest, Rákosi út 128.",S,R
10102244,MKKBHUHB,MBH 101 Északpest,"1138 Budapest, Váci út 193.",S,R
10102440,MKKBHUHB,MBH 101 Pécs,"7621 Pécs, Rákóczi út 60.",S,R
10102529,MKKBHUHB,MBH 101 Kecskemét,"6000 Kecskemét, Nagykőrösi utca 2.",S,R
10102543,MKKBHUHB,MBH 101 Kiskörős,"6200 Kiskőrös, Petőfi Sándor tér 18.",S,R
10102615,MKKBHUHB,MBH 101 Békéscsaba,"5600 Békéscsaba, Andrássy út 18.",S,R
10102718,MKKBHUHB,MBH 101 Miskolc,"3530 Miskolc, Széchenyi István út 46.",S,R
10102770,MKKBHUHB,MBH 101 Tiszaújváros,"3580 Tiszaújváros, Kazinczy út 12.",S,R
10102842,MKKBHUHB,MBH 101 Szeged,"6720 Szeged, Klauzál tér 4.",S,R
10102914,MKKBHUHB,MBH 101 Bicske,"2060 Bicske, Kossuth tér 7.",S,R
10102952,MKKBHUHB,MBH 101 Székesfehérvár,"8000 Székesfehérvár, Bástya utca 10.",S,R
10102969,MKKBHUHB,MBH 101 Dunaújváros,"2400 Dunaújváros, Dózsa György út 4/B.",S,R
10103056,MKKBHUHB,MBH 101 Rákoskeresztúr,"1173 Budapest, Pesti út 159-163.",S,R
10103104,MKKBHUHB,MBH 101 Nyugati tér,"1132 Budapest, Nyugati tér 4-5.",S,R
10103173,MKKBHUHB,MBH 101 Lipótváros,"1055 Budapest, Kossuth Lajos tér 10.",S,R
10103214,MKKBHUHB,MBH 101 Kaposvár,"7400 Kaposvár, Fő utca 3.",S,R
10103379,MKKBHUHB,MBH 101 Győr,"9021 Győr, Bajcsy-Zsilinszky út 36.",S,R
10103386,MKKBHUHB,MBH 101 Sopron,"9400 Sopron, Várkerület 77.",S,R
10103434,MKKBHUHB,MBH 101 Debrecen,"4024 Debrecen, Vár utca 6/A.",S,R
10103513,MKKBHUHB,MBH 101 Eger,"3300 Eger, Almagyar utca 5.",S,R
10103551,MKKBHUHB,MBH 101 Gyöngyös,"3200 Gyöngyös, Fő tér 19.",S,R
10103623,MKKBHUHB,MBH 101 Tatabánya,"2800 Tatabánya, Szent Borbála tér 6.",S,R
10103661,MKKBHUHB,MBH 101 Esztergom,"2500 Esztergom, Kossuth Lajos utca 14-18.",S,R
10103719,MKKBHUHB,MBH 101 Balassagyarmat,"2660 Balassagyarmat, Rákóczi fejedelem út 14.",S,R
10103726,MKKBHUHB,MBH 101 Salgótarján,"3100 Salgótarján, Losonci utca 2.",S,R
10103788,MKKBHUHB,MBH 101 Balatonboglár,"8630 Balatonboglár, Sétáló utca 3.",S,R
10103805,MKKBHUHB,MBH 101 Dél-Budai Igazgatóság,"1119 Budapest, Etele út 57.",S,R
10103812,MKKBHUHB,MBH 101 Cegléd,"2700 Cegléd, Rákóczi út 2.",S,R
10103829,MKKBHUHB,MBH 101 Dabas,"2370 Dabas, Falu Tamás utca 4.",S,R
10103836,MKKBHUHB,MBH 101 Gödöllő,"2100 Gödöllő, Kossuth Lajos utca 13.",S,R
10103843,MKKBHUHB,MBH 101 Monor,"2200 Monor, Kossuth Lajos utca 73.",S,R
10103850,MKKBHUHB,MBH 101 Szigetszentmiklós,"2310 Szigetszentmiklós, Losonczi utca 1.",S,R
10103867,MKKBHUHB,MBH 101 Ráckeve,"2300 Ráckeve, Kossuth Lajos utca 47.",S,R
10103874,MKKBHUHB,MBH 101 Szentendre,"2000 Szentendre, Duna korzó 18.",S,R
10103881,MKKBHUHB,MBH 101 Pestszentlőrinc,"1184 Budapest, Üllői út 396.",S,R
10103898,MKKBHUHB,MBH 101 Vác,"2600 Vác, Köztársaság út 10.",S,R
10104105,MKKBHUHB,MBH 101 Budagyöngye,"1026 Budapest, Pázsit utca 2.",S,R
10104167,MKKBHUHB,MBH 101 Pestszenterzsébet,"1203 Budapest, Török Flóris utca 70.",S,R
10104260,MKKBHUHB,MBH 101 Jászberény,"5100 Jászberény, Lehel vezér tér 32-33.",S,R
10104459,MKKBHUHB,MBH 101 Nyíregyháza,"4400 Nyíregyháza, Kossuth tér 3.",S,R
10104552,MKKBHUHB,MBH 101 Debreceni3,"4024 Debrecen, Vár utca 6/A.",S,R
10104569,MKKBHUHB,MBH 101 Szolnok,"5000 Szolnok, Hősök tere 1.",S,R
10104617,MKKBHUHB,MBH 101 Szekszárd,"7100 Szekszárd, Arany János utca 23-25.",S,R
10104789,MKKBHUHB,MBH 101 Szombathely,"9700 Szombathely, Kőszegi utca 3/A.",S,R
10104820,MKKBHUHB,MBH 101 Veszprém,"8200 Veszprém, Mindszenty József utca 7.",S,R
10104961,MKKBHUHB,MBH 101 Zalaegerszeg,"8900 Zalaegerszeg, Kossuth Lajos utca 2.",S,R
10104985,MKKBHUHB,MBH 101 Nagykanizsa,"8800 Nagykanizsa, Erzsébet tér 19.",S,R
10104992,MKKBHUHB,MBH 101 Autóhitel,"1138 Budapest, Váci út 193.",S,R
10105058,MKKBHUHB,MBH 504 Káloz Bajcsy,"8124 Káloz, Bajcsy-Zsilinszky utca 3",S,R
10105065,MKKBHUHB,MBH 504 Gönc Kossuth,"3895 Gönc, Kossuth Lajos utca 42",S,R
10105072,MKKBHUHB,MBH 504 Ajka Szabadság11,"8400 Ajka, Szabadság tér 11",S,R
10105089,MKKBHUHB,MBH 504 Aszód Kossuth,"2170 Aszód, Kossuth Lajos utca 4",S,R
10105096,MKKBHUHB,MBH 504 Tura Bartók,"2194 Tura, Bartók tér 21",S,R
10105106,MKKBHUHB,MBH 504 Bácsalmás GrófTeleki,"6430 Bácsalmás, Gróf Teleki József utca 2",S,R
10105113,MKKBHUHB,MBH 504 Bácsbokod GrófSzéchenyi,"6453 Bácsbokod, Gróf Széchenyi István utca 85",S,R
10105120,MKKBHUHB,MBH 504 Baja Szentháromság,"6500 Baja, Szentháromság tér 7",S,R
10105137,MKKBHUHB,MBH 504 Hercegszántó Albert,"6525 Hercegszántó, Albert Flórián tér 2",S,R
10105144,MKKBHUHB,MBH 504 Vaskút Alkotmány,"6521 Vaskút, Alkotmány utca 3/A",S,R
10105151,MKKBHUHB,MBH 504 Baktalórántháza Köztársaság,"4561 Baktalórántháza, Köztársaság tér 7",S,R
10105168,MKKBHUHB,MBH 504 Levelek Rákóczi,"4555 Levelek, Rákóczi utca 4",S,R
10105175,MKKBHUHB,MBH 504 Balassagyarmat Thököly,"2660 Balassagyarmat, Thököly utca 1",S,R
10105182,MKKBHUHB,MBH 504 Érsekvadkert Rákóczi,"2659 Érsekvadkert, Rákóczi út 122",S,R
10105199,MKKBHUHB,MBH 504 Balatonalmádi Baross,"8220 Balatonalmádi, Baross Gábor út 11",S,R
10105209,MKKBHUHB,MBH 504 Balatonföldvár Balatonszentgy,"8623 Balatonföldvár, Balatonszentgyörgyi út 1",S,R
10105216,MKKBHUHB,MBH 504 Balatonfüred Kossuth,"8230 Balatonfüred, Kossuth Lajos utca 20",S,R
10105223,MKKBHUHB,MBH 504 Balmazújvárosi Veres,"4060 Balmazújváros, Veres Péter utca 3",S,R
10105230,MKKBHUHB,MBH 504 Barcs Bajcsy,"7570 Barcs, Bajcsy-Zsilinszky utca 83",S,R
10105247,MKKBHUHB,MBH 504 Bátonyterenye Ózdi,"3070 Bátonyterenye, Ózdi út 47",S,R
10105254,MKKBHUHB,MBH 504 Békéscsaba Andrássy,"5600 Békéscsaba, Andrássy út 29-33",S,R
10105261,MKKBHUHB,MBH 504 Újkígyós Gyulai,"5661 Újkígyós, Gyulai út 25",S,R
10105278,MKKBHUHB,MBH 504 Békéscsaba Hunyadi,"5600 Békéscsaba, Hunyadi tér 10.",S,R
10105285,MKKBHUHB,MBH 504 Békéscsaba Mednyánszki,"5600 Békéscsaba, Mednyánszki utca 8",S,R
10105292,MKKBHUHB,MBH 504 Békés Szarvasi,"5630 Békés, Szarvasi utca 1",S,R
10105302,MKKBHUHB,MBH 504 Mezőberény Békési,"5650 Mezőberény, Békési út 6",S,R
10105319,MKKBHUHB,MBH 504 Bélapátfalva Május1,"3346 Bélapátfalva, Május 1. út 2/A",S,R
10105326,MKKBHUHB,MBH 504 Berettyóújfalu Dózsa,"4100 Berettyóújfalu, Dózsa György utca 3-5",S,R
10105333,MKKBHUHB,MBH 504 Biharkeresztes Hősök,"4110 Biharkeresztes, Hősök tere 10",S,R
10105340,MKKBHUHB,MBH 504 Alcsútdoboz Béke,"8087 Alcsútdoboz, Béke utca 1",S,R
10105357,MKKBHUHB,MBH 504 Bicske Csabdi,"2060 Bicske, Csabdi út 4",S,R
10105364,MKKBHUHB,MBH 504 Cigánd Fő,"3973 Cigánd, Fő út 75",S,R
10105371,MKKBHUHB,MBH 504 Bonyhád Szabadság9,"7150 Bonyhád, Szabadság tér 9",S,R
10105388,MKKBHUHB,MBH 504 Tevel Fő,"7181 Tevel, Fő utca 396",S,R
10105395,MKKBHUHB,MBH 504 Budakeszi Fő,"2092 Budakeszi, Fő utca 126",S,R
10105405,MKKBHUHB,MBH 504 Herceghalom Zsámbéki,"2053 Herceghalom, Zsámbéki út 16",S,R
10105412,MKKBHUHB,MBH 504 Törökbálint Munkácsy,"2045 Törökbálint, Munkácsy Mihály utca 11",S,R
10105429,MKKBHUHB,MBH 504 Budapest Árpád45,"1043 Budapest, Árpád út 45.",S,R
10105436,MKKBHUHB,MBH 504 Budapest Báthory,"1054 Budapest, Báthory utca 1.",S,R
10105443,MKKBHUHB,MBH 504 Budapest Czuczor,"1093 Budapest, Czuczor utca 2-10",S,R
10105450,MKKBHUHB,MBH 504 Budapest Flórián,"1033 Budapest, Flórián tér 4-5.",S,R
10105467,MKKBHUHB,MBH 504 Pálháza Dózsa,"3994 Pálháza, Dózsa György út 119",S,R
10105474,MKKBHUHB,MBH 504 Budapest Infopark,"1117 Budapest, Magyar Tudósok kör út a 9",S,R
10105481,MKKBHUHB,MBH 504 Budapest Károly,"1075 Budapest, Károly kör út 7",S,R
10105498,MKKBHUHB,MBH 504 Budapest Kolozsvár,"1155 Budapest, Kolozsvár utca 2/b",S,R
10105508,MKKBHUHB,MBH 504 Budapest Kossuth,"1201 Budapest, Kossuth Lajos utca 32-36",S,R
10105515,MKKBHUHB,MBH 504 Budapest KossuthLajos47,"1211 Budapest, Kossuth Lajos utca 47-49.",S,R
10105522,MKKBHUHB,MBH 504 Abaújszántó Béke,"3881 Abaújszántó, Béke út 32",S,R
10105539,MKKBHUHB,MBH 504 Balatonkenese Fő Fiók,"8174 Balatonkenese, Fő utca 23",S,R
10105546,MKKBHUHB,MBH 504 Budapest Üllői399,"1181 Budapest, Üllői út 399",S,R
10105553,MKKBHUHB,MBH 504 Budapest Üllői48,"1082 Budapest, Üllői út 48.",S,R
10105560,MKKBHUHB,MBH 504 Budapest Váci20,"1132 Budapest, Váci út 20.",S,R
10105577,MKKBHUHB,MBH 504 Budapest Váci6,"1132 Budapest, Váci út 6.",S,R
10105584,MKKBHUHB,MBH 504 Budapest Villányi,"1113 Budapest, Villányi út 20.",S,R
10105591,MKKBHUHB,MBH 504 Budapest Zalán,"1144 Budapest, Zalán utca 23",S,R
10105601,MKKBHUHB,MBH 504 Abony Kossuth,"2740 Abony, Kossuth tér 3-4",S,R
10105618,MKKBHUHB,MBH 504 Albertirsa Pesti,"2730 Albertirsa, Pesti út 28",S,R
10105625,MKKBHUHB,MBH 504 Pilis Rákóczi,"2721 Pilis, Rákóczi utca 34",S,R
10105632,MKKBHUHB,MBH 504 Cegléd Eötvös,"2700 Cegléd, Eötvös tér 6",S,R
10105649,MKKBHUHB,MBH 504 Nagykőrösi Rákóczi,"2750 Nagykőrös, Rákóczi utca 1",S,R
10105656,MKKBHUHB,MBH 504 Celldömölk Kossuth,"9500 Celldömölk, Kossuth Lajos utca 18",S,R
10105663,MKKBHUHB,MBH 504 Csenger Ady,"4765 Csenger, Ady utca 5",S,R
10105670,MKKBHUHB,MBH 504 Csepreg Széchenyi,"9735 Csepreg, Széchenyi tér 4",S,R
10105687,MKKBHUHB,MBH 504 Csongrád Fő,"6640 Csongrád, Fő utca 28",S,R
10105694,MKKBHUHB,MBH 504 Csorna SzentIstván,"9300 Csorna, Szent István tér 23",S,R
10105704,MKKBHUHB,MBH 504 Csurgó Csokonai,"8840 Csurgó, Csokonai utca 14",S,R
10105711,MKKBHUHB,MBH 504 Dabas SzentIstván,"2370 DABAS, Szent István tér 1/D",S,R
10105728,MKKBHUHB,MBH 504 Inárcs Széchenyi,"2365 Inárcs, Széchenyi út 4",S,R
10105735,MKKBHUHB,MBH 504 Kakucs Sas,"2366 Kakucs, Sas telep 1",S,R
10105742,MKKBHUHB,MBH 504 Örkény Kossuth,"2377 Örkény, Kossuth Lajos út 34/a",S,R
10105759,MKKBHUHB,MBH 504 Debrecen Bethlen,"4026 Debrecen, Bethlen G. utca 6-8",S,R
10105766,MKKBHUHB,MBH 504 Debrecen Mátyás,"4025 Debrecen, Mátyás Király utca 29",S,R
10105773,MKKBHUHB,MBH 504 Debrecen Szentgyörgyfalvi,"4225 Debrecen, Szentgyörgyfalvi utca 9",S,R
10105780,MKKBHUHB,MBH 504 Derecske Rákóczi,"4130 Derecske, Rákóczi út 2",S,R
10105797,MKKBHUHB,MBH 504 Hosszúpályi Basi,"4274 Hosszúpályi, Bagosi utca 2",S,R
10105807,MKKBHUHB,MBH 504 Létavértes Baross,"4281 Létavértes, Baross utca 1",S,R
10105814,MKKBHUHB,MBH 504 Dombóvár Hunyadi,"7200 Dombóvár, Hunyadi tér 42",S,R
10105821,MKKBHUHB,MBH 504 Dorog Bécsi,"2510 Dorog, Bécsi út 33",S,R
10105838,MKKBHUHB,MBH 504 Dunakeszi Fő,"2120 Dunakeszi, Fő út 66-68",S,R
10105845,MKKBHUHB,MBH 504 Fót Dózsa,"2151 Fót, Dózsa György út 54",S,R
10105852,MKKBHUHB,MBH 504 Göd Pesti,"2131 Göd, Pesti út 93",S,R
10105869,MKKBHUHB,MBH 504 Dunaújváros Vasmű,"2400 Dunaújváros, Vasmű út 7",S,R
10105876,MKKBHUHB,MBH 504 Edelény Tóth,"3780 Edelény, Tóth Árpád út 5",S,R
10105883,MKKBHUHB,MBH 504 Szendrő Hősök,"3752 Szendrő, Hősök tere 2",S,R
10105890,MKKBHUHB,MBH 504 Eger DrSándor,"3300 Eger, Dr. Sándor Imre utca 4.",S,R
10105900,MKKBHUHB,MBH 504 Eger Katona,"3300 Eger, Katona István tér 7-9",S,R
10105917,MKKBHUHB,MBH 504 Verpelét Szabadság,"3351 Verpelét, Szabadság tér 8/a",S,R
10105924,MKKBHUHB,MBH 504 Encs Petőfi,"3860 Encs, Petőfi út 31",S,R
10105931,MKKBHUHB,MBH 504 Dunakiliti Kossuth,"9225 Dunakiliti, Kossuth utca 88",S,R
10105948,MKKBHUHB,MBH 504 Enying Deák,"8130 Enying, Deák Ferenc út 1",S,R
10105955,MKKBHUHB,MBH 504 Ercsi SzentIstván,"2451 Ercsi, Szent István út 3",S,R
10105962,MKKBHUHB,MBH 504 Martonvásár Brunszvik,"2462 Martonvásár, Brunszvik út 1/B",S,R
10105979,MKKBHUHB,MBH 504 Lábatlan Rákóczi,"2541 Lábatlan, Rákóczi út 138-140",S,R
10105986,MKKBHUHB,MBH 504 Fehérgyarmat Móricz,"4900 Fehérgyarmat, Móricz Zsigmond utca 19",S,R
10105993,MKKBHUHB,MBH 504 Jánkmajtis Kossuth,"4741 Jánkmajtis, Kossuth utca 12",S,R
10106035,MKKBHUHB,MBH 504 Füzesabony Rákóczi,"3390 Füzesabony, Rákóczi út 58",S,R
10106042,MKKBHUHB,MBH 504 Gárdony-Agárd Balatoni,"2484 Gárdony, Balatoni út 43",S,R
10106059,MKKBHUHB,MBH 504 Kápolnásnyék Fő,"2475 Kápolnásnyék, Fő út 29",S,R
10106066,MKKBHUHB,MBH 504 Gödöllő Petőfi,"2100 Gödöllő, Petőfi Sándor tér 8",S,R
10106073,MKKBHUHB,MBH 504 Isaszeg Kossuth,"2117 Isaszeg, Kossuth Lajos utca 15/a",S,R
10106080,MKKBHUHB,MBH 504 Pécel Ráday,"2119 Pécel, Ráday Gedeon tér 10",S,R
10106097,MKKBHUHB,MBH 504 Kistarcsa Széchenyi,"2143 Kistarcsa, Széchenyi út 67",S,R
10106114,MKKBHUHB,MBH 504 Gyál Kőrösi,"2360 GYÁL, Kőrösi utca 116",S,R
10106121,MKKBHUHB,MBH 504 Gyöngyös Magyar,"3200 Gyöngyös, Magyar út 1",S,R
10106138,MKKBHUHB,MBH 504 Gyöngyöspata Dózsa,"3035 Gyöngyöspata, Dózsa György út 1-3",S,R
10106145,MKKBHUHB,MBH 504 Gönyű Bajcsy,"9071 Gönyű, Bajcsy-Zsilinszky utca 13",S,R
10106152,MKKBHUHB,MBH 504 Győr Árpád,"9021 Győr, Árpád út 25",S,R
10106169,MKKBHUHB,MBH 504 Győr Árpád23,"9021 Győr, Árpád út 23.",S,R
10106176,MKKBHUHB,MBH 504 Győr Lehel,"9023 Győr, Lehel utca 27",S,R
10106183,MKKBHUHB,MBH 504 Győr Riesz,"9024 Győr, Riesz F. utca 11/a",S,R
10106190,MKKBHUHB,MBH 504 Gyula Városház,"5700 Gyula, Városház utca 23",S,R
10106217,MKKBHUHB,MBH 504 Hajdúdorog Tokaji,"4087 Hajdúdorog, Tokaji út 6",S,R
10106224,MKKBHUHB,MBH 504 Hajdúhadház Bocskai,"4242 Hajdúhadház, Bocskai tér 2/a",S,R
10106231,MKKBHUHB,MBH 504 Hajdúsámson Rákóczi,"4251 Hajdúsámson, Rákóczi utca 6",S,R
10106248,MKKBHUHB,MBH 504 Nyíradony Árpád,"4254 Nyíradony, Árpád tér 12",S,R
10106255,MKKBHUHB,MBH 504 Vámospércs Nagy,"4287 Vámospércs, Nagy utca 9",S,R
10106262,MKKBHUHB,MBH 504 Hajdúszoboszló Hősök,"4200 Hajdúszoboszló, Hősök tere 15",S,R
10106279,MKKBHUHB,MBH 504 Hatvan Kossuth,"3000 Hatvan, Kossuth tér 22",S,R
10106286,MKKBHUHB,MBH 504 Petőfibánya Mária,"3023 Petőfibánya, Mária utca 4",S,R
10106293,MKKBHUHB,MBH 504 Heves Hunyadi,"3360 Heves, Hunyadi utca 11-13",S,R
10106303,MKKBHUHB,MBH 504 Hévíz Széchenyi,"8380 Hévíz, Széchenyi utca 66",S,R
10106310,MKKBHUHB,MBH 504 Hódmezővásárhely Andrássy,"6800 Hódmezővásárhely, Andrássy út 50",S,R
10106327,MKKBHUHB,MBH 504 Mindszenti Csokonai,"6630 Mindszent, Csokonai Vitéz Mihály utca 28",S,R
10106334,MKKBHUHB,MBH 504 Gávavencsellő Petőfi,"4471 Gávavencsellő, Petőfi utca 3",S,R
10106341,MKKBHUHB,MBH 504 Ibrány Lehel,"4484 Ibrány, Lehel út 3",S,R
10106358,MKKBHUHB,MBH 504 Jánoshalma Dózsa,"6440 Jánoshalma, Dózsa György utca 82",S,R
10106365,MKKBHUHB,MBH 504 Mélykút Petőfi,"6449 Mélykút, Petőfi tér 3",S,R
10106372,MKKBHUHB,MBH 504 Jászapáti István,"5130 Jászapáti, István Király út 3",S,R
10106389,MKKBHUHB,MBH 504 Jászárokszállás Árpád,"5123 Jászárokszállás, Árpád tér 2",S,R
10106396,MKKBHUHB,MBH 504 Jászberény Szabadság,"5100 Jászberény, Szabadság tér 9-10",S,R
10106406,MKKBHUHB,MBH 504 Harta Kossuth,"6326 Harta, Kossuth Lajos utca 31",S,R
10106413,MKKBHUHB,MBH 504 Kalocsa Hunyadi,"6300 Kalocsa, Hunyadi utca 47-49",S,R
10106420,MKKBHUHB,MBH 504 Solt Posta,"6320 Solt, Posta utca 14",S,R
10106437,MKKBHUHB,MBH 504 Biatorbágy Szabadság Fiók,"2051 Biatorbágy, Szabadság út 11/A",S,R
10106444,MKKBHUHB,MBH 504 Kaposvár Fő,"7400 Kaposvár, Fő utca 51.",S,R
10106451,MKKBHUHB,MBH 504 Beled Rákóczi,"9343 Beled, Rákóczi utca 131",S,R
10106468,MKKBHUHB,MBH 504 Kapuvár Gesztenye,"9330 Kapuvár, Gesztenye sor 5",S,R
10106475,MKKBHUHB,MBH 504 Békéscsaba Csabacenter,"5600 Békéscsaba, Andrássy út 37-43.",S,R
10106482,MKKBHUHB,MBH 504 Kisújszállás Szabadságutca8,"5310 Kisújszállás, Szabadság utca 8",S,R
10106499,MKKBHUHB,MBH 504 Kazincbarcika Egressy,"3700 Kazincbarcika, Egressy Béni út 52",S,R
10106509,MKKBHUHB,MBH 504 Sajószentpéter Kossuth,"3770 Sajószentpéter, Kossuth Lajos út 179",S,R
10106516,MKKBHUHB,MBH 504 Dunavarsány Kossuth Fiók,"2336 Dunavarsány, Kossuth Lajos utca 38 B fszt 1",S,R
10106523,MKKBHUHB,MBH 504 Kecskemét Dobó,"6000 Kecskemét, Dobó kör út 15",S,R
10106530,MKKBHUHB,MBH 504 Hajdúnánás Kossuth Fiók,"4080 Hajdúnánás, Kossuth Lajos út 17",S,R
10106547,MKKBHUHB,MBH 504 Kecskemét Szabadság,"6000 Kecskemét, Szabadság tér 3",S,R
10106554,MKKBHUHB,MBH 504 Kecskemét Széchenyi,"6000 Kecskemét, Széchenyi sétány 5",S,R
10106561,MKKBHUHB,MBH 504 Kerekegyháza Fő,"6041 Kerekegyháza, Fő utca 82/a",S,R
10106578,MKKBHUHB,MBH 504 Lajosmizse Szabadság,"6050 Lajosmizse, Szabadság tér 10",S,R
10106585,MKKBHUHB,MBH 504 Lakitelek Liget,"6065 Lakitelek, Liget utca 2",S,R
10106592,MKKBHUHB,MBH 504 Tiszakécske SzentImre,"6060 Tiszakécske, Szent Imre tér 3",S,R
10106602,MKKBHUHB,MBH 504 Keszthely Bem,"8360 Keszthely, Bem utca 23",S,R
10106619,MKKBHUHB,MBH 504 Kisbér Kossuth,"2870 Kisbér, Kossuth Lajos utca 14",S,R
10106626,MKKBHUHB,MBH 504 Akasztó Fő,"6221 Akasztó, Fő utca 53",S,R
10106633,MKKBHUHB,MBH 504 Bócsa Kecskeméti,"6235 Bócsa, Kecskeméti út 20",S,R
10106640,MKKBHUHB,MBH 504 Csengőd Dózsa,"6222 Csengőd, Dózsa György utca 69",S,R
10106657,MKKBHUHB,MBH 504 Izsák Szabadság,"6070 Izsák, Szabadság tér 10",S,R
10106671,MKKBHUHB,MBH 504 Kiskőrös Petőfi,"6200 Kiskőrös, Petőfi tér 10-11",S,R
10106688,MKKBHUHB,MBH 504 Kiskunfélegyháza Fekete Pál,"6100 Kiskunfélegyháza, Fekete Pál sétány 2",S,R
10106695,MKKBHUHB,MBH 504 Kiskunhalas Kossuth,"6400 Kiskunhalas, Kossuth utca 4",S,R
10106705,MKKBHUHB,MBH 504 Kiskunmajsa Fő,"6120 Kiskunmajsa, Fő utca 57",S,R
10106712,MKKBHUHB,MBH 504 Kistelek SzentLászló,"6760 Kistelek, Szent László tér 2",S,R
10106729,MKKBHUHB,MBH 504 Kisvárda SzentLászló,"4600 Kisvárda, Szent László út 68",S,R
10106736,MKKBHUHB,MBH 504 Bábolna Béke,"2943 Bábolna, Béke út 1",S,R
10106743,MKKBHUHB,MBH 504 Komárom Igmándi,"2900 Komárom, Igmándi út 45",S,R
10106750,MKKBHUHB,MBH 504 Nagyigmánd Kossuth,"2942 Nagyigmánd, Kossuth Lajos utca 2",S,R
10106767,MKKBHUHB,MBH 504 Komló Városház,"7300 Komló, Városház tér 5",S,R
10106774,MKKBHUHB,MBH 504 Körmend Thököly,"9900 Körmend, Thököly utca 1",S,R
10106781,MKKBHUHB,MBH 504 Kőszeg Rákóczi,"9730 Kőszeg, Rákóczi utca 12",S,R
10106798,MKKBHUHB,MBH 504 Kunszentmárton Mátyás,"5440 Kunszentmárton, Mátyás Király út 1",S,R
10106808,MKKBHUHB,MBH 504 Tiszaföldvár Kossuth,"5430 Tiszaföldvár, Kossuth Lajos út 139",S,R
10106815,MKKBHUHB,MBH 504 Kunszentmiklós Kálvin,"6090 Kunszentmiklós, Kálvin tér 11",S,R
10106822,MKKBHUHB,MBH 504 Szabadszállás Kálvin,"6080 Szabadszállás, Kálvin tér 2",S,R
10106839,MKKBHUHB,MBH 504 Lenti Kossuth,"8960 Lenti, Kossuth út 4",S,R
10106846,MKKBHUHB,MBH 504 Letenye Kossuth,"8868 Letenye, Kossuth utca 15",S,R
10106853,MKKBHUHB,MBH 504 Makó Úri,"6900 Makó, Úri utca 1",S,R
10106860,MKKBHUHB,MBH 504 Hodász Széchenyi,"4334 Hodász, Széchenyi út 8",S,R
10106877,MKKBHUHB,MBH 504 Mátészalka Szalkay,"4700 Mátészalka, Szalkay László utca 2",S,R
10106884,MKKBHUHB,MBH 504 Nagyecsed Rákóczi,"4355 Nagyecsed, Rákóczi út 16",S,R
10106891,MKKBHUHB,MBH 504 Vaja Damjanich,"4562 Vaja, Damjanich utca 70",S,R
10106901,MKKBHUHB,MBH 504 Mezőcsát Kossuth,"3450 Mezőcsát, Kossuth út 7",S,R
10106918,MKKBHUHB,MBH 504 Kevermes Templom,"5744 Kevermes, Templom utca 2/a",S,R
10106925,MKKBHUHB,MBH 504 Mezőkovácsháza Árpád,"5800 Mezőkovácsháza, Árpád utca 188-192",S,R
10106932,MKKBHUHB,MBH 504 Bükkábrány Mátyás,"3422 Bükkábrány, Mátyás király utca 15",S,R
10106949,MKKBHUHB,MBH 504 Mezőkeresztes Dózsa,"3441 Mezőkeresztes, Dózsa György út 37",S,R
10106956,MKKBHUHB,MBH 504 Mezőkövesd Mátyás,"3400 Mezőkövesd, Mátyás király út 70",S,R
10106963,MKKBHUHB,MBH 504 Mezőtúr Dózsa,"5400 Mezőtúr, Dózsa György utca 24",S,R
10106970,MKKBHUHB,MBH 504 Túrkeve Petőfi,"5420 Túrkeve, Petőfi tér 3-5",S,R
10106987,MKKBHUHB,MBH 504 Felsőzsolca Kassai,"3561 Felsőzsolca, Kassai utca 28",S,R
10106994,MKKBHUHB,MBH 504 Miskolc Ady,"3527 Miskolc, Ady Endre utca 16.",S,R
10107005,MKKBHUHB,MBH 504 Miskolc Gutenberg,"3528 Miskolc, Gutenberg utca 1",S,R
10107012,MKKBHUHB,MBH 504 Miskolc Vasgyár,"3532 Miskolc, Vasgyári út 3",S,R
10107029,MKKBHUHB,MBH 504 Bóly Hősök,"7754 Bóly, Hősök tere 8/c",S,R
10107036,MKKBHUHB,MBH 504 Dunaszekcső Kossuth,"7712 Dunaszekcső, Kossuth Lajos utca 37",S,R
10107043,MKKBHUHB,MBH 504 Himesháza Kossuth,"7735 Himesháza, Kossuth Lajos utca 62",S,R
10107050,MKKBHUHB,MBH 504 Mohács Dózsa,"7700 Mohács, Dózsa György utca 31",S,R
10107067,MKKBHUHB,MBH 504 Szederkény Pécsi,"7751 Szederkény, Pécsi utca 40",S,R
10107074,MKKBHUHB,MBH 504 Gyömrő Táncsics,"2230 Gyömrő, Táncsics utca 82",S,R
10107081,MKKBHUHB,MBH 504 Monor Kossuth,"2200 Monor, Kossuth Lajos utca 77",S,R
10107098,MKKBHUHB,MBH 504 Üllő Pesti,"2225 Üllő, Pesti út 71",S,R
10107108,MKKBHUHB,MBH 504 Vecsés Telepi,"2220 Vecsés, Telepi út 50/a",S,R
10107115,MKKBHUHB,MBH 504 Mórahalom Millenniumi,"6782 Mórahalom, Millenniumi sétány 1",S,R
10107122,MKKBHUHB,MBH 504 Üllés Fogarasi,"6794 Üllés, Fogarasi utca 1",S,R
10107139,MKKBHUHB,MBH 504 Mór Deák,"8060 Mór, Deák Ferenc utca 28",S,R
10107146,MKKBHUHB,MBH 504 Hegyeshalom Fő,"9222 Hegyeshalom, Fő utca 135",S,R
10107153,MKKBHUHB,MBH 504 Lébény Fő,"9155 Lébény, Fő út 85",S,R
10107160,MKKBHUHB,MBH 504 Mosonmagyaróvár Kökény,"9200 Mosonmagyaróvár, Kökény utca 9",S,R
10107177,MKKBHUHB,MBH 504 Mosonmagyaróvár Palánk,"9200 Mosonmagyaróvár, Palánk utca 8",S,R
10107184,MKKBHUHB,MBH 504 Nagycenk Iskola,"9485 Nagycenk, Iskola utca 2",S,R
10107191,MKKBHUHB,MBH 504 Nagyatád Kossuth,"7500 Nagyatád, Kossuth Lajos utca 16",S,R
10107201,MKKBHUHB,MBH 504 BalkányiFő,"4233 Balkány, Fő utca 31",S,R
10107218,MKKBHUHB,MBH 504 Bökönyi Dózsa,"4231 Bököny, Dózsa György utca 5",S,R
10107225,MKKBHUHB,MBH 504 Nagykálló Zrínyi,"4320 Nagykálló, Zrínyi Miklós utca 22",S,R
10107232,MKKBHUHB,MBH 504 Újfehértó Béke,"4244 Újfehértó, Béke tér 4",S,R
10107256,MKKBHUHB,MBH 504 Nagykáta Dózsa,"2760 Nagykáta, Dózsa György út 10",S,R
10107263,MKKBHUHB,MBH 504 Sülysáp Malom,"2241 Sülysáp, Malom utca 1/a",S,R
10107270,MKKBHUHB,MBH 504 Tápiószentmárton Kossuth,"2711 Tápiószentmárton, Kossuth Lajos utca 17/a",S,R
10107287,MKKBHUHB,MBH 504 Nyírbátor Szabadság,"4300 Nyírbátor, Szabadság tér 5",S,R
10107294,MKKBHUHB,MBH 504 Nyíregyháza Dózsa,"4400 Nyíregyháza, Dózsa György út 11.",S,R
10107304,MKKBHUHB,MBH 504 Nyíregyháza Kossuth,"4400 Nyíregyháza, Kossuth utca 68",S,R
10107311,MKKBHUHB,MBH 504 Nyírtelek Arany,"4461 Nyírtelek, Arany János utca 1",S,R
10107328,MKKBHUHB,MBH 504 Csorvás Rákóczi,"5920 Csorvás, Rákóczi utca 1",S,R
10107335,MKKBHUHB,MBH 504 Orosháza Thököly,"5900 Orosháza, Thököly utca 15",S,R
10107342,MKKBHUHB,MBH 504 Bokod Fő,"2855 Bokod, Fő utca 50/a",S,R
10107359,MKKBHUHB,MBH 504 Oroszlány Rákóczi,"2840 Oroszlány, Rákóczi Ferenc utca 7/a",S,R
10107366,MKKBHUHB,MBH 504 Debrecen Debrecen Plaza,"4025 Debrecen, Péterfia utca 18.",S,R
10107373,MKKBHUHB,MBH 504 Putnok Mohos,"3630 Putnok, Mohos sétány 2.",S,R
10107380,MKKBHUHB,MBH 504 Őriszentpéter Városszer,"9941 Őriszentpéter, Városszer utca 106",S,R
10107397,MKKBHUHB,MBH 504 Dunaföldvár Fehérvári,"7020 Dunaföldvár, Fehérvári utca 4",S,R
10107407,MKKBHUHB,MBH 504 Nagydorog Kossuth,"7044 Nagydorog, Kossuth utca 52",S,R
10107414,MKKBHUHB,MBH 504 Németkér Széchenyi,"7039 Németkér, Széchenyi utca 43",S,R
10107421,MKKBHUHB,MBH 504 Paks Táncsics,"7030 Paks, Táncsics Mihály utca 4",S,R
10107438,MKKBHUHB,MBH 504 Pannonhalma Petőfi,"9090 Pannonhalma, Petőfi utca 20",S,R
10107445,MKKBHUHB,MBH 504 Pápa Zimmermann,"8501 Pápa, Zimmermann utca 1",S,R
10107452,MKKBHUHB,MBH 504 Pásztó Fő,"3060 Pásztó, Fő út 64",S,R
10107469,MKKBHUHB,MBH 504 Kozármisleny Orna,"7761 Kozármisleny, Orgona utca 2",S,R
10107476,MKKBHUHB,MBH 504 Pécs Bajcsy,"7622 Pécs, Bajcsy-Zsilinszky Endre utca 7",S,R
10107483,MKKBHUHB,MBH 504 Pécs Páfrány,"7634 Pécs, Páfrány utca 2/A",S,R
10107490,MKKBHUHB,MBH 504 Mecseknádasd Rákóczi,"7695 Mecseknádasd, Rákóczi Ferenc utca 40",S,R
10107500,MKKBHUHB,MBH 504 Pécsvárad Kossuth30,"7720 Pécsvárad, Kossuth Lajos utca 30",S,R
10107517,MKKBHUHB,MBH 504 Pétervására Szabadság,"3250 Pétervására, Szabadság tér 21",S,R
10107524,MKKBHUHB,MBH 504 Nagykovácsi Kossuth,"2094 Nagykovácsi, Kossuth Lajos utca 67",S,R
10107531,MKKBHUHB,MBH 504 Piliscsaba Bajcsy,"2081 Piliscsaba, Bajcsy-Zsilinszky utca 14",S,R
10107548,MKKBHUHB,MBH 504 Pilisvörösvár Fő,"2085 Pilisvörösvár, Fő út 69",S,R
10107555,MKKBHUHB,MBH 504 Solymár Mátyás,"2083 Solymár, Mátyás Király utca 14",S,R
10107562,MKKBHUHB,MBH 504 Üröm Fő,"2096 Üröm, Fő tér 1",S,R
10107579,MKKBHUHB,MBH 504 Kaba Rákóczi,"4183 Kaba, Rákóczi Ferenc út 120",S,R
10107586,MKKBHUHB,MBH 504 Püspökladány Gagarin,"4150 Püspökladány, Gagarin utca 1",S,R
10107593,MKKBHUHB,MBH 504 Dunaharaszti Baktay,"2330 DUNAHARASZTI, BAKTAY tér 5",S,R
10107603,MKKBHUHB,MBH 504 Ráckeve Kossuth,"2300 Ráckeve, Kossuth utca 32",S,R
10107610,MKKBHUHB,MBH 504 Tököl József,"2316 Tököl, József Attila utca 24",S,R
10107627,MKKBHUHB,MBH 504 Rétság Korányi,"2651 Rétság, Korányi út 2",S,R
10107634,MKKBHUHB,MBH 504 Salgótarján Erzsébet,"3100 Salgótarján, Erzsébet tér 7.",S,R
10107641,MKKBHUHB,MBH 504 Salgótarján Klapka,"3100 Salgótarján, Klapka György út 1",S,R
10107658,MKKBHUHB,MBH 504 Sárbogárd Ady,"7000 Sárbogárd, Ady Endre utca 107",S,R
10107665,MKKBHUHB,MBH 504 Sarkad Kossuth,"5720 Sarkad, Kossuth utca 14-16",S,R
10107672,MKKBHUHB,MBH 504 Sárospatak Eötvös,"3950 Sárospatak, Eötvös utca 3",S,R
10107689,MKKBHUHB,MBH 504 Répcelak Petőfi,"9653 Répcelak, Petőfi Sándor utca 50.",S,R
10107696,MKKBHUHB,MBH 504 Sárvár Batthyány,"9600 Sárvár, Batthyány utca 42/C",S,R
10107706,MKKBHUHB,MBH 504 Mács Szabadság,"7342 Mágocs, Szabadság utca 23",S,R
10107713,MKKBHUHB,MBH 504 Sásd Rákóczi,"7370 Sásd, Rákóczi utca 26",S,R
10107720,MKKBHUHB,MBH 504 Sátoraljaújhely Széchenyi,"3980 Sátoraljaújhely, Széchenyi tér 8",S,R
10107737,MKKBHUHB,MBH 504 Sellye Mátyás,"7960 Sellye, Mátyás Király utca 73",S,R
10107744,MKKBHUHB,MBH 504 Harkány Kossuth,"7815 Harkány, Kossuth Lajos utca 16",S,R
10107751,MKKBHUHB,MBH 504 Újpetre Kossuth,"7766 Újpetre, Kossuth utca 16/a",S,R
10107768,MKKBHUHB,MBH 504 Siófok Széchenyi,"8600 Siófok, Széchenyi utca 6/b",S,R
10107775,MKKBHUHB,MBH 504 Fertőd Fő,"9431 Fertőd, Fő utca 62",S,R
10107782,MKKBHUHB,MBH 504 Tótkomlós. Kossuth,"5940 Tótkomlós, Kossuth utca 1",S,R
10107799,MKKBHUHB,MBH 504 Sopron Várkerület,"9400 Sopron, Várkerület utca 18",S,R
10107809,MKKBHUHB,MBH 504 Maglód Fő Fiók,"2234 Maglód, Fő út 13",S,R
10107816,MKKBHUHB,MBH 504 Sümeg Kossuth,"8330 Sümeg, Kossuth utca 17",S,R
10107823,MKKBHUHB,MBH 504 Szentgál Fő Fiók,"8444 Szentgál, Fő utca 30",S,R
10107830,MKKBHUHB,MBH 504 Gyomaendrőd Kossuth,"5500 Gyomaendrőd, Kossuth utca 20",S,R
10107847,MKKBHUHB,MBH 504 Kondoros Csabai,"5553 Kondoros, Csabai út 14",S,R
10107854,MKKBHUHB,MBH 504 Szarvas Szabadság,"5540 Szarvas, Szabadság út 30",S,R
10107861,MKKBHUHB,MBH 504 Szécsény Rákóczi,"3170 Szécsény, Rákóczi út 71",S,R
10107878,MKKBHUHB,MBH 504 Domaszék Köztársaság,"6781 Domaszék, Köztársaság tér 4",S,R
10107885,MKKBHUHB,MBH 504 Sándorfalva Alkotmány,"6762 Sándorfalva, Alkotmány körút 21/A",S,R
10107892,MKKBHUHB,MBH 504 Szigethalom Mű Fiók,"2315 Szigethalom, Mű út 73/H",S,R
10107902,MKKBHUHB,MBH 504 Szeged Honvéd,"6722 Szeged, Honvéd tér 7",S,R
10107919,MKKBHUHB,MBH 504 Szeged Hősök,"6771 Szeged, Hősök tere 4/B",S,R
10107926,MKKBHUHB,MBH 504 Szeged Széchenyi,"6720 Szeged, Széchenyi tér 3.",S,R
10107933,MKKBHUHB,MBH 504 Szeged Szőregi,"6726 Szeged, Szőregi út 80",S,R
10107940,MKKBHUHB,MBH 504 Bátaszék Budai,"7140 Bátaszék, Budai utca 24",S,R
10107957,MKKBHUHB,MBH 504 Szombathely Szűrcsapó Fiók,"9700 Szombathely, Szűrcsapó utca 23",S,R
10107964,MKKBHUHB,MBH 504 Szekszárd Széchenyi62,"7100 Szekszárd, Széchenyi utca 62",S,R
10107971,MKKBHUHB,MBH 504 Tolna Deák,"7130 Tolna, Deák Ferenc utca 4",S,R
10107988,MKKBHUHB,MBH 504 Zomba Fő,"7173 Zomba, Fő tér 5",S,R
10107995,MKKBHUHB,MBH 504 Budakalász Petőfi,"2011 Budakalász, Petőfi tér 11",S,R
10108006,MKKBHUHB,MBH 504 Dunabogdány Hajó,"2023 Dunabogdány, Hajó utca 3",S,R
10108257,MKKBHUHB,MBH 504 Tatabánya Fő,"2800 Tatabánya, Fő tér 20/a",S,R
10108264,MKKBHUHB,MBH 504 Tata Ady,"2890 Tata, Ady Endre út 17",S,R
10108271,MKKBHUHB,MBH 504 Tét Fő,"9100 Tét, Fő utca 86",S,R
10108288,MKKBHUHB,MBH 504 Abádszalók István,"5241 Abádszalók, István király utca 8",S,R
10108295,MKKBHUHB,MBH 504 Kunhegyes Szabadság,"5340 Kunhegyes, Szabadság tér 11",S,R
10108305,MKKBHUHB,MBH 504 Tiszafüred Kossuth,"5350 Tiszafüred, Kossuth tér 17",S,R
10108312,MKKBHUHB,MBH 504 Tiszaújváros SzentIstván,"3580 Tiszaújváros, Szent István út 29/B",S,R
10108329,MKKBHUHB,MBH 504 Rakamaz SzentIstván,"4465 Rakamaz, Szent István utca 25",S,R
10108336,MKKBHUHB,MBH 504 Tiszaeszlár Rákóczi,"4464 Tiszaeszlár, Rákóczi utca 79",S,R
10108343,MKKBHUHB,MBH 504 Tiszalök Kossuth,"4450 Tiszalök, Kossuth utca 79/b",S,R
10108350,MKKBHUHB,MBH 504 Tiszavasvári Kossuth,"4440 Tiszavasvári, Kossuth Lajos utca 1",S,R
10108367,MKKBHUHB,MBH 504 Tokaj Bajcsy,"3910 Tokaj, Bajcsy-Zsilinszky Endre utca 18",S,R
10108374,MKKBHUHB,MBH 504 Törökszentmiklós Kossuth,"5200 Törökszentmiklós, Kossuth út 146",S,R
10108381,MKKBHUHB,MBH 504 Vác Káptalan,"2600 Vác, Káptalan utca 14",S,R
10108398,MKKBHUHB,MBH 504 Berhida Szabadság,"8181 Berhida, Szabadság tér 6",S,R
10108408,MKKBHUHB,MBH 504 Várpalota Posta,"8100 Várpalota, Posta út 8",S,R
10108415,MKKBHUHB,MBH 504 Vásárosnamény Rákóczi,"4800 Vásárosnamény, Rákóczi utca 1",S,R
10108422,MKKBHUHB,MBH 504 Vasvár Főszolgabíró,"9800 Vasvár, Főszolgabíró tér 1",S,R
10108439,MKKBHUHB,MBH 504 Veresegyház Fő,"2112 Veresegyház, Fő út 53",S,R
10108446,MKKBHUHB,MBH 504 Nagyvázsony Kinizsi,"8291 Nagyvázsony, Kinizsi utca 82",S,R
10108453,MKKBHUHB,MBH 504 Veszprém Budapest,"8200 Veszprém, Budapest út 16",S,R
10108460,MKKBHUHB,MBH 504 Veszprém Cserhát,"8200 Veszprém, Cserhát lakótelep 7.",S,R
10108477,MKKBHUHB,MBH 504 Bak Széchenyi,"8945 Bak, Széchenyi tér 2",S,R
10108484,MKKBHUHB,MBH 504 Zalaegerszeg Dísz,"8900 Zalaegerszeg, Dísz tér 7.",S,R
10108491,MKKBHUHB,MBH 504 Zalaegerszeg Eötvös,"8900 Zalaegerszeg, Eötvös utca 1-3",S,R
10108501,MKKBHUHB,MBH 504 Zalaszentgrót Nefelejcs,"8790 Zalaszentgrót, Nefelejcs utca 1",S,R
10108518,MKKBHUHB,MBH 504 Zalaszentlászló Kossuth,"8788 Zalaszentlászló, Kossuth utca 18",S,R
10108525,MKKBHUHB,MBH 504 Zirc József,"8420 Zirc, József Attila utca 4",S,R
10108532,MKKBHUHB,MBH 504 Devecser Kossuth,"8460 Devecser, Kossuth út 2",S,R
10108549,MKKBHUHB,MBH 504 Diósd SzentIstván,"2049 Diósd, Szent István tér 12",S,R
10108556,MKKBHUHB,MBH 504 Érd Budai,"2030 Érd, Budai út 20",S,R
10108563,MKKBHUHB,MBH 504 Érd Hegesztő,"2030 Érd, Hegesztő utca 10",S,R
10108570,MKKBHUHB,MBH 504 Százhalombatta Damjanich,"2440 Százhalombatta, Damjanich utca 23",S,R
10108587,MKKBHUHB,MBH 504 Tárnok Rákóczi,"2461 Tárnok, Rákóczi út 91",S,R
10108594,MKKBHUHB,MBH 504 Balatonmáriafürdő GrófSzéchenyi,"8647 Balatonmáriafürdő, Gróf Széchenyi Imre tér 10",S,R
10108611,MKKBHUHB,MBH 504 Pacsa József,"8761 Pacsa, József Attila utca 3",S,R
10108628,MKKBHUHB,MBH 504 Dévaványa Árpád,"5510 Dévaványa, Árpád utca 8",S,R
10108635,MKKBHUHB,MBH 504 Füzesgyarmat Mátyás,"5525 Füzesgyarmat, Mátyás utca 2",S,R
10108642,MKKBHUHB,MBH 504 Szeghalom Tildy,"5520 Szeghalom, Tildy utca 20-24",S,R
10108659,MKKBHUHB,MBH 504 Vésztő Kossuth,"5530 Vésztő, Kossuth utca 53/a",S,R
10108666,MKKBHUHB,MBH 504 Székesfehérvár Budai,"8000 Székesfehérvár, Budai út 42",S,R
10108673,MKKBHUHB,MBH 504 Székesfehérvár Koronázó,"8000 Székesfehérvár, Koronázó tér 2.",S,R
10108680,MKKBHUHB,MBH 504 Záhony Alkotmány,"4625 Záhony, Alkotmány út 2",S,R
10108697,MKKBHUHB,MBH 504 Galambok Ady,"8754 Galambok, Ady utca 4/A",S,R
10108714,MKKBHUHB,MBH 504 Tiszabecs Rákóczi,"4951 Tiszabecs, Rákóczi utca 55",S,R
10108721,MKKBHUHB,MBH 504 Balatonboglár Sétáló,"8630 Balatonboglár, Sétáló utca 7",S,R
10108738,MKKBHUHB,MBH 504 Besenyőtelek Fő,"3373 Besenyőtelek, Fő út 112",S,R
10108745,MKKBHUHB,MBH 504 Alsónémedi Fő,"2351 ALSÓNÉMEDI, Fő út 66/A",S,R
10108752,MKKBHUHB,MBH 504 Hajdúböszörmény Kossuth,"4220 Hajdúböszörmény, Kossuth Lajos út 5",S,R
10108769,MKKBHUHB,MBH 504 Kecel Fő,"6237 Kecel, Fő tér 8",S,R
10108776,MKKBHUHB,MBH 504 Nagykanizsa Erzsébet,"8800 Nagykanizsa, Erzsébet tér 1",S,R
10108783,MKKBHUHB,MBH 504 Leányfalu Móricz,"2016 Leányfalu, Móricz Zsigmond utca 128/A",S,R
10108790,MKKBHUHB,MBH 504 Pomáz Kossuth,"2013 Pomáz, Kossuth Lajos utca 5",S,R
10108817,MKKBHUHB,MBH 504 Szentendre Kossuth,"2000 Szentendre, Kossuth Lajos utca 22",S,R
10108824,MKKBHUHB,MBH 504 Tahitótfalu Petőfi,"2021 Tahitótfalu, Petőfi Sándor utca 27",S,R
10108831,MKKBHUHB,MBH 504 Zsadány Béke,"5537 Zsadány, Béke utca 92",S,R
10108848,MKKBHUHB,MBH 504 Szentes Szabadság,"6600 Szentes, Szabadság tér 2",S,R
10108855,MKKBHUHB,MBH 504 Szentgotthárd Hunyadi,"9970 Szentgotthárd, Hunyadi utca 5.",S,R
10108862,MKKBHUHB,MBH 504 Szentlőrinc Munkácsy,"7940 Szentlőrinc, Munkácsy utca 19",S,R
10108879,MKKBHUHB,MBH 504 Szerencs Rákóczi,"3900 Szerencs, Rákóczi utca 105",S,R
10108893,MKKBHUHB,MBH 504 Halmaj Fő,"3842 Halmaj, Fő út 14",S,R
10108941,MKKBHUHB,MBH 504 Szombathelyi Petőfi16,"9700 Szombathely, Petőfi Sándor utca 16.",S,R
10108958,MKKBHUHB,MBH 504 Tab Kossuth,"8660 Tab, Kossuth Lajos utca 84/b",S,R
10108965,MKKBHUHB,MBH 504 Hőgyész Fő,"7191 Hőgyész, Fő utca 14",S,R
10108972,MKKBHUHB,MBH 504 Simontornya Mátyás,"7081 Simontornya, Mátyás király utca 2-3",S,R
10108989,MKKBHUHB,MBH 504 Tamási Szabadság,"7090 Tamási, Szabadság utca 41/b",S,R
10108996,MKKBHUHB,MBH 504 Badacsonytomaj Kert,"8258 Badacsonytomaj, Kert utca 12",S,R
10109007,MKKBHUHB,MBH 504 Tapolca Fő,"8300 Tapolca, Fő tér 4",S,R
10109014,MKKBHUHB,MBH 504 Tarján Rákóczi,"2831 Tarján, Rákóczi utca 8",S,R
10109021,MKKBHUHB,MBH 504 Tatabánya Dózsa,"2800 Tatabánya, Dózsa György út 56.",S,R
10109038,MKKBHUHB,MBH 504 Marcali Rákóczi,"8700 Marcali, Rákóczi utca 16",S,R
10109045,MKKBHUHB,MBH 504 Zalakaros Petőfi,"8749 Zalakaros, Petőfi utca 48",S,R
10109052,MKKBHUHB,MBH 504 Szikszó Bolt,"3800 Szikszó, Bolt utca 11",S,R
10109069,MKKBHUHB,MBH 504 Tápiószele Rákóczi,"2766 Tápiószele, Rákóczi út 2",S,R
10109076,MKKBHUHB,MBH 504 Újhartyán Újsor,"2367 Újhartyán, Újsor utca 1",S,R
10109083,MKKBHUHB,MBH 504 Szolnok Nagy,"5000 Szolnok, Nagy Imre körút út 10/A",S,R
10109090,MKKBHUHB,MBH 504 Szolnoki Kossuth,"5000 Szolnok, Kossuth tér 7-8",S,R
10109100,MKKBHUHB,MBH 504 Újszász Erkel,"5052 Újszász, Erkel Ferenc út 2/a",S,R
10109117,MKKBHUHB,MBH 504 Szigetvár József,"7900 Szigetvár, József Attila utca 19",S,R
10109124,MKKBHUHB,MBH 504 Tarcal Fő,"3915 Tarcal, Fő út 66",S,R
10109131,MKKBHUHB,MBH 504 Vajszló Kodolányi,"7838 Vajszló, Kodolányi tér 2",S,R
10200012,OKHBHUHB,K&H Bank Zrt. 242 Pécs,"7626 Pécs, Búza tér 6/A",S,R
10200050,OKHBHUHB,K&H Bank Zrt. 460 Szekszárd,"7100 Szekszárd, Széchenyi utca 18-20.",S,R
10200074,OKHBHUHB,K&H Bank Zrt. 063 Kiskunfélegyháza,"6100 Kiskunfélegyháza, Petőfi tér 2.",S,R
10200081,OKHBHUHB,K&H Bank Zrt. 251 Baja,"6500 Baja, Vörösmarty Mihály utca 4.",S,R
10200098,OKHBHUHB,K&H Bank Zrt. 250 Kecskemét,"6000 Kecskemét, Nagykőrösi utca 9/A",S,R
10200108,OKHBHUHB,K&H Bank Zrt. 062 Kiskőrös,"6200 Kiskőrös, Petőfi Sándor tér 2.",S,R
10200115,OKHBHUHB,K&H Bank Zrt. 813 Szarvas,"5540 Szarvas, Szabadság út 30.",S,R
10200122,OKHBHUHB,K&H Bank Zrt. 260 Békéscsaba,"5600 Békéscsaba, Szent István tér 5.",S,R
10200139,OKHBHUHB,K&H Bank Zrt. 276 Miskolc,"3530 Miskolc, Széchenyi István út 88.",S,R
10200146,OKHBHUHB,K&H Bank Zrt. 502 Kazincbarcika,"3700 Kazincbarcika, Egres utca 46/A",S,R
10200153,OKHBHUHB,K&H Bank Zrt. 031 Sárospatak,"3950 Sárospatak, Hild tér 3.",S,R
10200160,OKHBHUHB,K&H Bank Zrt. 032 Szerencs,"3900 Szerencs, Kossuth tér 1.",S,R
10200177,OKHBHUHB,K&H Bank Zrt. 035 Ózd,"3600 Ózd, 48-as út 1.",S,R
10200184,OKHBHUHB,K&H Bank Zrt. 055 Hódmezővásárhely,"6800 Hódmezővásárhely, Kossuth tér 5.",S,R
10200201,OKHBHUHB,K&H Bank Zrt. 126 Szeged,"6720 Szeged, Széchenyi tér 9.",S,R
10200218,OKHBHUHB,K&H Bank Zrt. 046 Dunaújváros,"2400 Dunaújváros, Vasmű út 39.",S,R
10200225,OKHBHUHB,K&H Bank Zrt. 022 Dunaföldvár,"7020 Dunaföldvár, Béke tér 13.",S,R
10200232,OKHBHUHB,K&H Bank Zrt. 290 Székesfehérvár,"8000 Székesfehérvár, Dózsa György út 5.",S,R
10200249,OKHBHUHB,K&H Bank Zrt. 040 Győr,"9022 Győr, Rákóczi Ferenc utca 2-4.",S,R
10200263,OKHBHUHB,K&H Bank Zrt. 498 Kapuvár,"9330 Kapuvár, Fő tér 13.",S,R
10200270,OKHBHUHB,K&H Bank Zrt. 331 Csorna,"9300 Csorna, Mártírok tere 1-3",S,R
10200287,OKHBHUHB,K&H Bank Zrt. 333 Mosonmagyaróvár,"9200 Mosonmagyaróvár, Fő utca 26.",S,R
10200294,OKHBHUHB,K&H Bank Zrt. 497 Sopron,"9400 Sopron, Petőfi tér 7.",S,R
10200304,OKHBHUHB,K&H Bank Zrt. 342 Debrecen,"4024 Debrecen, Piac utca 52.",S,R
10200335,OKHBHUHB,K&H Bank Zrt. 025 Hajdúszoboszló,"4200 Hajdúszoboszló, Szilfákalja 10-12.",S,R
10200342,OKHBHUHB,K&H Bank Zrt. 034 Hajdúböszörmény,"4220 Hajdúböszörmény, Petőfi Sándor utca 15.",S,R
10200380,OKHBHUHB,K&H Bank Zrt. 038 Berettyóújfalu,"4100 Berettyóújfalu, Dózsa György utca 15-17.",S,R
10200421,OKHBHUHB,K&H Bank Zrt. 052 Gyöngyös,"3200 Gyöngyös, Bugát Pál tér 6.",S,R
10200445,OKHBHUHB,K&H Bank Zrt. 350 Eger,"3300 Eger, Barkóczy utca 3.",S,R
10200452,OKHBHUHB,K&H Bank Zrt. 091 Tatabánya,"2800 Tatabánya, Szent Borbála tér 2.",S,R
10200483,OKHBHUHB,K&H Bank Zrt. 364 Esztergom,"2500 Esztergom, Rákóczi tér 1-3.",S,R
10200490,OKHBHUHB,K&H Bank Zrt. 078 Salgótarján,"3100 Salgótarján, Fő tér 4.",S,R
10200500,OKHBHUHB,K&H Bank Zrt. 133 Pásztó,"3060 Pásztó, Kölcsey utca 4.",S,R
10200531,OKHBHUHB,K&H Bank Zrt. 392 Siófok,"8600 Siófok, Kele utca 1-3.",S,R
10200548,OKHBHUHB,K&H Bank Zrt. 391 Tab,"8660 Tab, Kossuth Lajos utca 134.",S,R
10200555,OKHBHUHB,K&H Bank Zrt. 440 Nyíregyháza,"4400 Nyíregyháza, Luther utca 3.",S,R
10200562,OKHBHUHB,K&H Bank Zrt. 067 Mátészalka,"4700 Mátészalka, Kálvin tér 1.",S,R
10200586,OKHBHUHB,K&H Bank Zrt. 056 Jászberény,"5100 Jászberény, Szabadság tér 1.",S,R
10200603,OKHBHUHB,K&H Bank Zrt. 060 Törökszentmiklós,"5200 Törökszentmiklós, Kossuth Lajos utca 125.",S,R
10200610,OKHBHUHB,K&H Bank Zrt. 499 Szolnok,"5000 Szolnok, Kossuth Lajos út 18.",S,R
10200627,OKHBHUHB,K&H Bank Zrt. 108 Dombóvár,"7200 Dombóvár, Szabadság utca 21.",S,R
10200634,OKHBHUHB,K&H Bank Zrt. 081 Ajka,"8400 Ajka, Szabadság tér 11.",S,R
10200641,OKHBHUHB,K&H Bank Zrt. 474 Szombathely,"9700 Szombathely, Kőszegi utca 10.",S,R
10200665,OKHBHUHB,K&H Bank Zrt. 066 Kőszeg,"9730 Kőszeg, Fő tér 4.",S,R
10200689,OKHBHUHB,K&H Bank Zrt. 473 Sárvár,"9600 Sárvár, Batthyány utca 1-3.",S,R
10200696,OKHBHUHB,K&H Bank Zrt. 471 Celldömölk,"9500 Celldömölk, Dr. Géfin Lajos tér 13.",S,R
10200706,OKHBHUHB,K&H Bank Zrt. 472 Körmend,"9900 Körmend, Szabadság tér 8.",S,R
10200713,OKHBHUHB,K&H Bank Zrt. 404 Veszprém,"8200 Veszprém, Cserhát lakótelep 8.",S,R
10200720,OKHBHUHB,K&H Bank Zrt. 072 Tapolca,"8300 Tapolca, Fő tér 5-7.",S,R
10200737,OKHBHUHB,K&H Bank Zrt. 484 Pápa,"8500 Pápa, Kossuth Lajos utca 21.",S,R
10200751,OKHBHUHB,K&H Bank Zrt. 404 Veszprém,"8200 Veszprém, Cserhát lakótelep 8.",S,R
10200768,OKHBHUHB,K&H Bank Zrt. 071 Nagykanizsa,"8800 Nagykanizsa, Fő út 2.",S,R
10200782,OKHBHUHB,K&H Bank Zrt. 490 Zalaegerszeg,"8900 Zalaegerszeg, Dísz tér 2/A",S,R
10200799,OKHBHUHB,K&H Bank Zrt. 390 Kaposvár,"7400 Kaposvár, Széchenyi tér 8.",S,R
10200809,OKHBHUHB,K&H Bank Zrt. 080 Letenye,"8868 Letenye, Szabadság tér 7.",S,R
10200823,OKHBHUHB,K&H Bank Zrt. 500 Budapest,"1051 Budapest, Arany János utca 20.",S,R
10200830,OKHBHUHB,K&H Bank Zrt. 500 Budapest,"1051 Budapest, Arany János utca 20.",S,R
10200847,OKHBHUHB,K&H Bank Zrt. 111 Budapest,"1039 Budapest, Szentendrei út 255.",S,R
10200854,OKHBHUHB,K&H Bank Zrt. 095 Budapest,"1024 Budapest, Margit körút 5/A",S,R
10200878,OKHBHUHB,K&H Bank Zrt. 087 Budapest,"1117 Budapest, Móricz Zsigmond körtér 14.",S,R
10200885,OKHBHUHB,K&H Bank Zrt. 095 Budapest,"1024 Budapest, Margit körút 5/A",S,R
10200892,OKHBHUHB,K&H Bank Zrt. 500 Budapest,"1051 Budapest, Arany János utca 20.",S,R
10200902,OKHBHUHB,K&H Bank Zrt. 500 Budapest,"1051 Budapest, Arany János utca 20.",S,R
10200919,OKHBHUHB,K&H Bank Zrt. 099 Vác,"2600 Vác, Köztársaság út 5.",S,R
10200926,OKHBHUHB,K&H Bank Zrt. 313 Érd,"2030 Érd, Budai út 26.",S,R
10200933,OKHBHUHB,K&H Bank Zrt. Számvitel,"1095 Budapest, Lechner Ödön fasor 9.",S,R
10200940,OKHBHUHB,K&H Bank Zrt. 216 Budapest,"1051 Budapest, Október 6. utca 7.",S,R
10200964,OKHBHUHB,K&H Bank Zrt. 096 Budapest,"1119 Budapest, Fehérvári út 79.",S,R
10200971,OKHBHUHB,K&H Bank Zrt. 100 Budapest,"1133 Budapest, Pozsonyi út 77-79.",S,R
10201006,OKHBHUHB,K&H Bank Zrt. Vállalat,"1095 Budapest, Lechner Ödön fasor 9.",S,R
10201013,OKHBHUHB,K&H Bank Zrt. 101 Mór,"8060 Mór, Bajcsy-Zsilinszky utca 10.",S,R
10201075,OKHBHUHB,K&H Bank Zrt. Lakossági bankkártyafiók,"1095 Budapest, Lechner Ödön fasor 9.",S,R
10201099,OKHBHUHB,K&H Bank Zrt. 109 Budapest,"1124 Budapest, Csörsz utca 43. MOM PARK",S,R
10201109,OKHBHUHB,K&H Bank Zrt. 109 Budapest,"1124 Budapest, Csörsz utca 43. MOM PARK",S,R
10205000,OKHBHUHB,K&H Bank Zrt. Lakosság,"1095 Budapest, Lechner Ödön fasor 9.",S,R
10300002,MKKBHUHB,MBH Bank Nyrt.,"1056 Budapest, Váci utca 38.",S,R
10310001,MKKBHUHB,MBH Bank Nyrt.,"1138 Budapest, Váci út 193.",,R
10400023,OKHBHUHB,K&H Bank Zrt. 002 Budapest,"1042 Budapest, Árpád út 112.",S,R
10400054,OKHBHUHB,K&H Bank Zrt. 105 Budapest,"1036 Budapest, Bécsi út 57-61.",S,R
10400061,OKHBHUHB,K&H Bank Zrt. 006 Békéscsaba,"5600 Békéscsaba, Andrássy út 37-43. CSABA CENTER",S,R
10400085,OKHBHUHB,K&H Bank Zrt. 008 Budapest,"1055 Budapest, Nyugati tér 9.",S,R
10400126,OKHBHUHB,K&H Bank Zrt. 012 Budapest,"1051 Budapest, József Attila  utca 24",S,R
10400140,OKHBHUHB,K&H Bank Zrt. 014 Budapest,"1087 Budapest, Baross tér 2.",S,R
10400157,OKHBHUHB,K&H Bank Zrt. 015 Budapest,"1102 Budapest, Liget tér 3.",S,R
10400164,OKHBHUHB,K&H Bank Zrt.016 Budapest,"1119 Budapest, Tétényi út 63.",S,R
10400171,OKHBHUHB,K&H Bank Zrt. 017 Budapest,"1122 Budapest, Magyar jakobinusok tere 1.",S,R
10400188,OKHBHUHB,K&H Bank Zrt. 018 Budapest,"1193 Budapest, Üllői út 234.",S,R
10400195,OKHBHUHB,K&H Bank Zrt. 019 Budapest,"1211 Budapest, Kossuth Lajos utca 97.",S,R
10400205,OKHBHUHB,K&H Bank Zrt. 020 Budapest,"1067 Budapest, Teréz körút 1.",S,R
10400212,OKHBHUHB,K&H Bank Zrt. 021 Budapest,"1028 Budapest, Hidegkúti út 167.",S,R
10400229,OKHBHUHB,K&H Bank Zrt. 022 Dunaföldvár,"7020 Dunaföldvár, Béke tér 13.",S,R
10400243,OKHBHUHB,K&H Bank Zrt. 228 Budapest,"1148 Budapest, Örs vezér tere 2.",S,R
10400250,OKHBHUHB,K&H Bank Zrt. 025 Hajdúszoboszló,"4200 Hajdúszoboszló, Szilfákalja 10-12.",S,R
10400267,OKHBHUHB,K&H Bank Zrt. 128 Budapest,"1203 Budapest, Kossuth Lajos utca 37/B",S,R
10400315,OKHBHUHB,K&H Bank Zrt. 031 Sárospatak,"3950 Sárospatak, Hild tér 3.",S,R
10400322,OKHBHUHB,K&H Bank Zrt. 032 Szerencs,"3900 Szerencs, Kossuth tér 1.",S,R
10400339,OKHBHUHB,K&H Bank Zrt. 033 Debrecen,"4026 Debrecen, Kálvin tér 8.",S,R
10400346,OKHBHUHB,K&H Bank Zrt. 034 Hajdúböszörmény,"4220 Hajdúböszörmény, Korpona utca 14.",S,R
10400353,OKHBHUHB,K&H Bank Zrt. 035 Ózd,"3600 Ózd, Vasvár út 48.",S,R
10400384,OKHBHUHB,K&H Bank Zrt. 038 Berettyóújfalu,"4100 Berettyóújfalu, Dózsa György utca 15-17.",S,R
10400401,OKHBHUHB,K&H Bank Zrt. 040 Győr,"9022 Győr, Rákóczi Ferenc utca 2-4.",S,R
10400418,OKHBHUHB,K&H Bank Zrt. 251 Baja,"6500 Baja, Szentháromság tér 8-10.",S,R
10400425,OKHBHUHB,K&H Bank Zrt. 042 Balatonfüred,"8230 Balatonfüred, Kossuth Lajos utca 5.",S,R
10400463,OKHBHUHB,K&H Bank Zrt. 046 Dunaújváros,"2400 Dunaújváros, Vasmű út 39.",S,R
10400494,OKHBHUHB,K&H Bank Zrt. 049 Gödöllő,"2100 Gödöllő, Szabadság tér 1.",S,R
10400504,OKHBHUHB,K&H Bank Zrt. 052 Gyöngyös,"3200 Gyöngyös, Bugát Pál tér 6.",S,R
10400511,OKHBHUHB,K&H Bank Zrt. 051 Győr,"9021 Győr, Szent István út 29-31.",S,R
10400528,OKHBHUHB,K&H Bank Zrt. 052 Gyöngyös,"3200 Gyöngyös, Bugát Pál tér 6.",S,R
10400535,OKHBHUHB,K&H Bank Zrt. 243 Siklós,"7800 Siklós, Felszabadulás utca 42.",S,R
10400559,OKHBHUHB,K&H Bank Zrt. 055 Hódmezővásárhely,"6800 Hódmezővásárhely, Andrássy út 10-12.",S,R
10400566,OKHBHUHB,K&H Bank Zrt. 056 Jászberény,"5100 Jászberény, Szabadság tér 1.",S,R
10400580,OKHBHUHB,K&H Bank Zrt. 390 Kaposvár,"7400 Kaposvár, Széchenyi tér 8.",S,R
10400607,OKHBHUHB,K&H Bank Zrt. 060 Törökszentmiklós,"5200 Törökszentmiklós, Kossuth Lajos utca 125.",S,R
10400621,OKHBHUHB,K&H Bank Zrt. 062 Kiskőrös,"6200 Kiskőrös, Petőfi Sándor tér 2.",S,R
10400638,OKHBHUHB,K&H Bank Zrt. 063 Kiskunfélegyháza,"6100 Kiskunfélegyháza, Szent János tér 1",S,R
10400652,OKHBHUHB,K&H Bank Zrt. 440 Nyíregyháza,"4400 Nyíregyháza, Luther utca 3.",S,R
10400669,OKHBHUHB,K&H Bank Zrt. 066 Kőszeg,"9730 Kőszeg, Fő tér 4.",S,R
10400676,OKHBHUHB,K&H Bank Zrt. 067 Mátészalka,"4700 Mátészalka, Kálvin tér 1.",S,R
10400690,OKHBHUHB,K&H Bank Zrt. 069 Miskolc,"3525 Miskolc, Széchenyi István út 3-9.",S,R
10400717,OKHBHUHB,K&H Bank Zrt. 071 Nagykanizsa,"8800 Nagykanizsa, Fő út 2.",S,R
10400724,OKHBHUHB,K&H Bank Zrt. 072 Tapolca,"8300 Tapolca, Fő tér 5-7.",S,R
10400762,OKHBHUHB,K&H Bank Zrt. 071 Nagykanizsa,"8800 Nagykanizsa, Fő út 2.",S,R
10400779,OKHBHUHB,K&H Bank Zrt. 077 Pécs,"7621 Pécs, Irgalmasok utcája 2.",S,R
10400786,OKHBHUHB,K&H Bank Zrt. 078 Salgótarján,"3100 Salgótarján, Fő tér 4.",S,R
10400803,OKHBHUHB,K&H Bank Zrt. 080 Letenye,"8868 Letenye, Szabadság tér 7.",S,R
10400810,OKHBHUHB,K&H Bank Zrt. 081 Ajka,"8400 Ajka, Szabadság tér 8.",S,R
10400834,OKHBHUHB,K&H Bank Zrt. 813 Szarvas,"5540 Szarvas, Szabadság út 30.",S,R
10400865,OKHBHUHB,K&H Bank Zrt. 318 Budapest,"1024 Budapest, Margit körút 43-45.",S,R
10400872,OKHBHUHB,K&H Bank Zrt. 087 Budapest,"1117 Budapest, Október huszonharmadika utca 8-10.",S,R
10400889,OKHBHUHB,K&H Bank Zrt. 088 Székesfehérvár,"8000 Székesfehérvár, Ady Endre utca 2.",S,R
10400906,OKHBHUHB,K&H Bank Zrt. 033 Debrecen,"4026 Debrecen, Kálvin tér 8.",S,R
10400913,OKHBHUHB,K&H Bank Zrt. 091 Tatabánya,"2800 Tatabánya, Szent Borbála tér 2.",S,R
10400944,OKHBHUHB,K&H Bank Zrt. 500 Budapest,"1051 Budapest, Arany János utca 20.",S,R
10400951,OKHBHUHB,K&H Bank Zrt. 095 Budapest,"1024 Budapest, Margit körút 5/A",S,R
10400968,OKHBHUHB,K&H Bank Zrt. 096 Budapest,"1119 Budapest, Fehérvári út 79.",S,R
10400975,OKHBHUHB,K&H Bank Zrt. 097 Hévíz,"8380 Hévíz, Rákóczi utca 16.",S,R
10400982,OKHBHUHB,K&H Bank Zrt. 019 Budapest,"1211 Budapest, Kossuth Lajos utca 97.",S,R
10400999,OKHBHUHB,K&H Bank Zrt. 110 Budapest,"2600 Vác, Széchenyi István utca 34. FSZ. 3.",S,R
10401000,OKHBHUHB,K&H Bank Zrt. 100 Budapest,"1133 Budapest, Váci út 76. CAPITAL SQUARE",S,R
10401017,OKHBHUHB,K&H Bank Zrt. 101 Mór,"8060 Mór, Bajcsy-Zsilinszky utca 10.",S,R
10401024,OKHBHUHB,K&H Bank Zrt. 102 Budapest Lőrinc Cente,"1182 Budapest, Üllői út 661. LŐRINC CENTER",S,R
10401031,OKHBHUHB,K&H Bank Zrt. 276 Miskolc,"3530 Miskolc, Széchenyi István út 88.",S,R
10401048,OKHBHUHB,K&H Bank Zrt. 104 Budapest,"1145 Budapest, Róna utca 147.",S,R
10401055,OKHBHUHB,K&H Bank Zrt. 105 Budapest,"1036 Budapest, Bécsi út 57-61.",S,R
10401062,OKHBHUHB,K&H Bank Zrt. 077 Pécs,"7621 Pécs, Széchenyi tér 6.",S,R
10401086,OKHBHUHB,K&H Bank Zrt. 108 Dombóvár,"7200 Dombóvár, Hunyadi tér 12.",S,R
10401093,OKHBHUHB,K&H Bank Zrt. 109 Budapest,"1124 Budapest, Csörsz utca 43. MOM PARK",S,R
10401103,OKHBHUHB,K&H Bank Zrt. 110 Budapest,"2600 Vác, Széchenyi István utca 34. FSZ. 3.",S,R
10401110,OKHBHUHB,K&H Bank Zrt. 111 Budapest,"1039 Budapest, Heltai Jenő tér 15.",S,R
10401141,OKHBHUHB,K&H Bank Zrt. 114 Eger,"3300 Eger, Széchenyi István utca 4.",S,R
10401158,OKHBHUHB,K&H Bank Zrt. 440 Nyíregyháza,"4400 Nyíregyháza, Luther utca 3.",S,R
10401165,OKHBHUHB,K&H Bank Zrt. 116 Kecskemét,"6000 Kecskemét, Dobó István körút 9.",S,R
10401172,OKHBHUHB,K&H Bank Zrt. 390 Kaposvár,"7400 Kaposvár, Széchenyi tér 8.",S,R
10401189,OKHBHUHB,K&H Bank Zrt. 500 Budapest,"1051 Budapest, Arany János utca 20.",S,R
10401196,OKHBHUHB,K&H Bank Zrt. 119 Budapest,"1082 Budapest, Futó utca 47-53",S,R
10401213,OKHBHUHB,K&H Bank Zrt. 121 Budapest,"1042 Budapest, Árpád út 41-43.",S,R
10401220,OKHBHUHB,K&H Bank Zrt. 122 Veszprém,"8200 Veszprém, Mindszenty József utca 4.",S,R
10401251,OKHBHUHB,K&H Bank Zrt. 280 Szeged,"6720 Szeged, Széchenyi tér 9.",S,R
10401268,OKHBHUHB,K&H Bank Zrt. 126 Szeged,"6720 Szeged, Klauzál tér 5.",S,R
10401275,OKHBHUHB,K&H Bank Zrt. 506 Székesfehérvár,"8000 Székesfehérvár, Liszt Ferenc utca 11.",S,R
10401282,OKHBHUHB,K&H Bank Zrt. 128 Budapest,"1203 Budapest, Kossuth Lajos utca 37/B",S,R
10401309,OKHBHUHB,K&H Bank Zrt. 033 Debrecen,"4026 Debrecen, Kálvin tér 8.",S,R
10401323,OKHBHUHB,K&H Bank Zrt. 020 Budapest,"1067 Budapest, Teréz körút 1.",S,R
10401330,OKHBHUHB,K&H Bank Zrt. 133 Pásztó,"3060 Pásztó, Kölcsey utca 4.",S,R
10401361,OKHBHUHB,K&H Bank Zrt. 474 Szombathely,"9700 Szombathely, Kőszegi utca 10.",S,R
10401804,OKHBHUHB,K&H Bank Zrt. 180 Budapest,"1135 Budapest, Béke utca 9. FSZ. 4.",S,R
10401914,OKHBHUHB,K&H Bank Zrt. 191 Budapest,"1165 Budapest, Veres Péter út 105-107.",S,R
10401921,OKHBHUHB,K&H Bank Zrt. 192 Budapest,"1173 Budapest, Ferihegyi út 74.",S,R
10401938,OKHBHUHB,K&H Bank Zrt. 193 Budapest Promontor,"1221 Budapest, Kossuth Lajos utca 25-29.",S,R
10401945,OKHBHUHB,K&H Bank Zrt. 194 Budapest,"1156 Budapest, Nyírpalota út 40.",S,R
10401952,OKHBHUHB,K&H Bank Zrt. 018 Budapest,"1193 Budapest, Üllői út 234.",S,R
10401969,OKHBHUHB,K&H Bank Zrt. 196 Tiszaújváros,"3580 Tiszaújváros, Szent István út 4/B",S,R
10401976,OKHBHUHB,K&H Bank Zrt. 197 Tata,"2890 Tata, Ady Endre utca 3. FÉNYES ÁRUHÁZ",S,R
10401983,OKHBHUHB,K&H Bank Zrt. 198 Szigetszentmiklós,"2310 Szigetszentmiklós, Ifjúság útja 16.",S,R
10401990,OKHBHUHB,K&H Bank Zrt. 199 Nagykőrös,"2750 Nagykőrös, Deák tér 1.",S,R
10402001,OKHBHUHB,K&H Bank Zrt. 200 Bicske,"2060 Bicske, Szent István út 2.",S,R
10402018,OKHBHUHB,K&H Bank Zrt. 201 Dunakeszi,"2120 Dunakeszi, Fő út 31.",S,R
10402025,OKHBHUHB,K&H Bank Zrt. 202 Békés,"5630 Békés, Széchenyi tér 4.",S,R
10402032,OKHBHUHB,K&H Bank Zrt. 203 Kisbér,"2870 Kisbér, Kossuth Lajos utca 5.",S,R
10402049,OKHBHUHB,K&H Bank Zrt. 204 Mezőtúr,"5400 Mezőtúr, Kossuth Lajos tér 3-5.",S,R
10402056,OKHBHUHB,K&H Bank Zrt. 205 Szécsény,"3100 Salgótarján, Fő tér 4.",S,R
10402063,OKHBHUHB,K&H Bank Zrt. 206 Lenti,"8960 Lenti, Kossuth út 6.",S,R
10402070,OKHBHUHB,K&H Bank Zrt. 207 Hajdúnánás,"4080 Hajdúnánás, Bocskai utca 2.",S,R
10402087,OKHBHUHB,K&H Bank Zrt. 208 Kiskunmajsa,"6120 Kiskunmajsa, Fő utca 67. (PETŐFI TÉR 1. )",S,R
10402094,OKHBHUHB,K&H Bank Zrt. 209 Vecsés,"2220 Vecsés, Fő út 183.",S,R
10402104,OKHBHUHB,K&H Bank Zrt. 210 Pilisvörösvár,"2085 Pilisvörösvár, Fő utca 30.",S,R
10402111,OKHBHUHB,K&H Bank Zrt. 211 Heves,"3360 Heves, Fő út 8.",S,R
10402128,OKHBHUHB,K&H Bank Zrt. 212 Dabas,"2370 Dabas, Szent István tér 2.",S,R
10402135,OKHBHUHB,K&H Bank Zrt. 210 Pilisvörösvár,"2085 Pilisvörösvár, Fő utca 30.",S,R
10402142,OKHBHUHB,K and H Zrt. 214 Budapest,"1055 Budapest, Kossuth Lajos tér 18.",S,R
10402159,OKHBHUHB,K&H Bank Zrt. 215 Gárdony,"2483 Gárdony, Szabadság út 5.",S,R
10402166,OKHBHUHB,K&H Bank Zrt. 216 Budapest,"1051 Budapest, József Attila utca 24.",S,R
10402173,OKHBHUHB,K&H Bank Zrt. 217 Kistelek,"6760 Kistelek, Kossuth utca 6-8.",S,R
10402180,OKHBHUHB,K&H Bank Zrt. 071 Nagykanizsa,"8800 Nagykanizsa, Fő út 2.",S,R
10402197,OKHBHUHB,K&H Bank Zrt. 219 Fót,"2151 Fót, Dózsa György utca 18.",S,R
10402207,OKHBHUHB,K&H Bank Zrt. 220 Tiszafüred,"5350 Tiszafüred, Örvényi út 1.",S,R
10402214,OKHBHUHB,K&H Bank Zrt. Eger,"3300 Eger, Barkóczy utca 3.",S,R
10402221,OKHBHUHB,K&H Bank Zrt. 222 Enying,"8130 Enying, Szabadság  tér 18.",S,R
10402238,OKHBHUHB,K&H Bank Zrt. 223 Tolna,"7130 Tolna, Kossuth Lajos utca 33.",S,R
10402245,OKHBHUHB,K&H Bank Nyrt. 224 Gyomaendrőd,"5540 Szarvas, Szabadság út 30.",S,R
10402252,OKHBHUHB,K&H Bank Zrt. 081 Ajka,"8400 Ajka, Szabadság tér 8.",S,R
10402269,OKHBHUHB,K&H Bank Zrt. 490 Zalaegerszeg,"8900 Zalaegerszeg, Kossuth Lajos utca 8.",S,R
10402283,OKHBHUHB,K&H Bank Zrt. 228 Budapest,"1148 Budapest, Örs vezér tere 2.",S,R
10402290,OKHBHUHB,K&H Bank Zrt. 229 Balatonalmádi,"8220 Balatonalmádi, Városház tér 5.",S,R
10402300,OKHBHUHB,K&H Bank Zrt. 230 Ráckeve,"2300 Ráckeve, Móricz Zsigmond utca ",S,R
10402317,OKHBHUHB,K&H Bank Zrt. 062 Kiskőrös,"6200 Kiskőrös, Petőfi Sándor tér 2.",S,R
10402324,OKHBHUHB,K&H Bank Zrt. 232 Zirc,"8420 Zirc, Petőfi Sándor utca 2.",S,R
10402331,OKHBHUHB,K&H Bank Zrt. 233 Tiszakécske,"6060 Tiszakécske, Béke tér 6. FSZ. 13.",S,R
10402348,OKHBHUHB,K&H Bank Zrt. 234 Jánoshalma,"6440 Jánoshalma, Rákóczi Ferenc utca 10. FSZ. 14.",S,R
10402355,OKHBHUHB,K&H Bank Zrt. 490 Zalaegerszeg,"8900 Zalaegerszeg, Kossuth Lajos utca 8.",S,R
10402379,OKHBHUHB,K&H Bank Zrt. 237 Soltvadkert,"6230 Soltvadkert, Kossuth Lajos utca 21.",S,R
10402386,OKHBHUHB,K&H Bank Zrt. 051 Győr,"9021 Győr, Szent István út 29-31.",S,R
10402393,OKHBHUHB,K&H Bank Zrt. 333 Mosonmagyaróvár,"9200 Mosonmagyaróvár, Fő utca 26.",S,R
10402410,OKHBHUHB,K&H Bank Zrt. 241 Mohács,"7700 Mohács, Szentháromság utca 1-3.",S,R
10402427,OKHBHUHB,K&H Bank Zrt. 242 Pécs,"7626 Pécs, Búza tér 6/A",S,R
10402434,OKHBHUHB,K&H Bank Zrt. 243 Siklós,"7800 Siklós, Felszabadulás utca 42.",S,R
10402441,OKHBHUHB,K&H Bank Zrt. 440 Nyíregyháza,"4400 Nyíregyháza, Luther utca 3.",S,R
10402458,OKHBHUHB,K&H Bank Zrt. 245 Szigetvár,"7900 Szigetvár, Széchenyi utca 4.",S,R
10402465,OKHBHUHB,K&H Bank Zrt. 246 Balmazújváros,"4060 Balmazújváros, Kossuth tér 1.",S,R
10402472,OKHBHUHB,K&H Bank Zrt. 035 Ózd,"3600 Ózd, Vasvár út 48.",S,R
10402489,OKHBHUHB,K&H Bank Zrt. 202 Békés,"5630 Békés, Kossuth Lajos utca 3.",S,R
10402496,OKHBHUHB,K&H Bank Zrt. 249 Dorog,"2510 Dorog, Bécsi út 45.",S,R
10402506,OKHBHUHB,K&H Bank Zrt. 250 Kecskemét,"6000 Kecskemét, Nagykőrösi utca 9/A",S,R
10402513,OKHBHUHB,K&H Bank Zrt. 251 Baja,"6500 Baja, Szentháromság tér 8-10.",S,R
10402537,OKHBHUHB,K&H Bank Zrt. 253 Kalocsa,"6300 Kalocsa, Szent István király út 28.",S,R
10402544,OKHBHUHB,K&H Bank Zrt. Orosháza,"5900 Orosháza, Rákóczi út 5.",S,R
10402551,OKHBHUHB,K&H Bank Zrt. 257 Tiszaföldvár,"5430 Tiszaföldvár, Kossuth Lajos út 132.",S,R
10402568,OKHBHUHB,K&H Bank Zrt. 256 Kiskunhalas,"6400 Kiskunhalas, Sétáló utca 1.",S,R
10402575,OKHBHUHB,K&H Bank Zrt. 257 Tiszaföldvár,"5430 Tiszaföldvár, Kossuth Lajos út 132.",S,R
10402582,OKHBHUHB,K&H Bank Zrt. 262 Gyula,"5700 Gyula, Városház utca 17-19.",S,R
10402599,OKHBHUHB,K&H Bank Zrt. 259 Lajosmizse,"6050 Lajosmizse, Szabadság tér 10.",S,R
10402609,OKHBHUHB,K&H Bank Zrt. 260 Békéscsaba,"5600 Békéscsaba, Szent István tér 5.",S,R
10402616,OKHBHUHB,K&H Bank Zrt. 055 Hódmezővásárhely,"6800 Hódmezővásárhely, Kossuth tér 5.",S,R
10402623,OKHBHUHB,K&H Bank Zrt. 262 Gyula,"5700 Gyula, Városház utca 17-19.",S,R
10402630,OKHBHUHB,K&H Bank Zrt. 263 Mezőkovácsháza,"5800 Mezőkovácsháza, Árpád utca 160.",S,R
10402647,OKHBHUHB,K&H Bank Zrt. 264 Orosháza,"5900 Orosháza, Rákóczi út 5.",S,R
10402654,OKHBHUHB,K&H Bank Zrt. 265 Polgárdi,"8000 Székesfehérvár, Ady Endre utca 2.",S,R
10402661,OKHBHUHB,K&H Bank Zrt. 266 Szeghalom,"5520 Szeghalom, Szabadság tér 2.",S,R
10402678,OKHBHUHB,K&H Bank Zrt. Ráckeve,"2300 Ráckeve, Móricz Zsigmond utca 7.",S,R
10402685,OKHBHUHB,K&H Bank Zrt. 268 Tiszavasvári,"4440 Tiszavasvári, Kossuth Lajos utca 17.",S,R
10402692,OKHBHUHB,K&H Bank Zrt. Miskolc,"3530 Miskolc, Széchenyi István út 88.",S,R
10402702,OKHBHUHB,K&H Bank Zrt. 270 Szentgotthárd,"9970 Szentgotthárd, Széll Kálmán tér 23.",S,R
10402719,OKHBHUHB,K&H Bank Zrt. 271 Ács,"2941 Ács, Fő utca 9/5.",S,R
10402726,OKHBHUHB,K&H Bank Zrt. 272 Encs,"3860 Encs, Petőfi út 63-65.",S,R
10402733,OKHBHUHB,K&H Bank Zrt. 273 Mezőkövesd,"3400 Mezőkövesd, Mátyás király út 91-93.",S,R
10402740,OKHBHUHB,K&H Bank Zrt. 274 Sümeg,"8330 Sümeg, Kossuth Lajos utca 8.",S,R
10402757,OKHBHUHB,K&H Bank Zrt. 275 Sátoraljaújhely,"3980 Sátoraljaújhely, Petőfi Sándor utca 3.",S,R
10402764,OKHBHUHB,K&H Bank Zrt. 276 Miskolc,"3530 Miskolc, Széchenyi István út 88.",S,R
10402771,OKHBHUHB,K&H Bank Zrt. 277 Balassagyarmat,"2660 Balassagyarmat, Rákóczi fejedelem út 46.",S,R
10402788,OKHBHUHB,K&H Bank Zrt. 473 Sárvár,"9600 Sárvár, Batthyány utca 1-3.",S,R
10402795,OKHBHUHB,K&H Bank Zrt. 279 Monor,"2200 Monor, Kossuth Lajos utca 71.",S,R
10402805,OKHBHUHB,K&H Bank Zrt. 280 Szeged,"6720 Szeged, Széchenyi tér 9.",S,R
10402812,OKHBHUHB,K&H Bank Zrt. 126 Szeged,"6720 Szeged, Klauzál tér 5.",S,R
10402829,OKHBHUHB,K&H Bank Zrt. 282 Makó,"6900 Makó, Széchenyi tér 13-15. FSZ. 20.",S,R
10402836,OKHBHUHB,K&H Bank Zrt. 283 Szentes,"6600 Szentes, Kossuth Lajos utca 13.",S,R
10402843,OKHBHUHB,K&H Bank Zrt. 284 Bácsalmás,"6500 Baja, Szentháromság tér 8-10.",S,R
10402850,OKHBHUHB,K&H Bank Zrt. 353 Hatvan,"3000 Hatvan, Grassalkovich út 3-5.",S,R
10402867,OKHBHUHB,K&H Bank Zrt. 286 Kisújszállás,"5310 Kisújszállás, Szabadság utca 1.",S,R
10402874,OKHBHUHB,K&H Bank Zrt. 502 Kazincbarcika,"3700 Kazincbarcika, Egres utca 46/A",S,R
10402881,OKHBHUHB,K&H Bank Zrt. Dabas,"2370 Dabas, Szent István tér 2.",S,R
10402898,OKHBHUHB,K&H Bank Zrt. 021 Budapest,"1028 Budapest, Hidegkúti út 167. SZÉPHALOM BEVKÖZP",S,R
10402908,OKHBHUHB,K&H Bank Zrt. 290 Székesfehérvár,"8000 Székesfehérvár, Dózsa György út 5.",S,R
10402915,OKHBHUHB,K&H Bank Zrt. 291 Aszód,"2170 Aszód, Kossuth Lajos utca 27.",S,R
10402922,OKHBHUHB,K&H Bank Zrt. 292 Gyömrő,"2230 Gyömrő, Szent István út 20/A",S,R
10402939,OKHBHUHB,K&H Bank Zrt. 293 Bük,"9700 Szombathely, Kőszegi utca 10.",S,R
10402946,OKHBHUHB,K&H Bank Zrt. 294 Sárbogárd,"7000 Sárbogárd, Ady Endre út 162.",S,R
10402953,OKHBHUHB,K&H Bank Zrt. 488 Várpalota,"8100 Várpalota, Táncsics Mihály utca 5.",S,R
10402960,OKHBHUHB,K&H Bank Zrt. 296 Jászárokszállás,"3200 Gyöngyös, Bugát Pál tér 6.",S,R
10402977,OKHBHUHB,K&H Bank Zrt. Cegléd,"2700 Cegléd, Szabadság tér 1.",S,R
10402984,OKHBHUHB,K&H Bank Zrt. 022 Dunaföldvár,"7020 Dunaföldvár, Béke tér 13.",S,R
10402991,OKHBHUHB,K&H Bank Zrt. 299 Veresegyháza,"2112 Veresegyház, Fő út 37.",S,R
10403002,OKHBHUHB,K&H Bank Zrt. 272. Encs,"3860 Encs, Petőfi út 63-65.",S,R
10403033,OKHBHUHB,K&H Bank Zrt. 443 Kisvárda,"4600 Kisvárda, Somogyi Rezső utca 11.",S,R
10403040,OKHBHUHB,K&H Bank Zrt. 304 Balatonboglár,"8630 Balatonboglár, Sétáló utca 7.",S,R
10403057,OKHBHUHB,K&H Bank Zrt. 305 Pomáz,"2013 Pomáz, Huszár utca 25.",S,R
10403064,OKHBHUHB,K&H Bank Zrt. 375 Budaörs,"2040 Budaörs, Szabadság út 47.",S,R
10403071,OKHBHUHB,K&H Bank Zrt. 292 Gyömrő,"2230 Gyömrő, Szent István út 20/A",S,R
10403088,OKHBHUHB,K&H Bank Zrt. 499 Szolnok,"5000 Szolnok, Kossuth Lajos út 18.",S,R
10403095,OKHBHUHB,K&H Bank Zrt. 309 Budakeszi,"2092 Budakeszi, Fő utca 128.",S,R
10403105,OKHBHUHB,K&H Bank Zrt.310 Dunaharaszti,"2330 Dunaharaszti, Dózsa György út 47.",S,R
10403112,OKHBHUHB,K&H Bank Zrt. 311 Szentendre,"2000 Szentendre, Fő tér 10.",S,R
10403129,OKHBHUHB,K&H Bank Zrt. 312 Cegléd,"2700 Cegléd, Szabadság tér 1.",S,R
10403136,OKHBHUHB,K&H Bank Zrt. 313 Érd,"2030 Érd, Budai út 26.",S,R
10403143,OKHBHUHB,K&H Bank Zrt. Jászberény,"5100 Jászberény, Szabadság tér 1.",S,R
10403167,OKHBHUHB,K&H Bank Zrt. 096 Budapest,"1119 Budapest, Fehérvári út 79.",S,R
10403174,OKHBHUHB,K&H Bank Zrt. 317 Martonvásár,"2462 Martonvásár, Fehérvári út 1/A",S,R
10403181,OKHBHUHB,K&H Bank Zrt. 318 Budapest,"1024 Budapest, Margit körút 43-45.",S,R
10403198,OKHBHUHB,K&H Bank Zrt. 405 Sopron,"9400 Sopron, Várkerület 41.",S,R
10403208,OKHBHUHB,K&H Bank Zrt. 320 Biatorbágy,"2051 Biatorbágy, Szabadság út 76.",S,R
10403215,OKHBHUHB,K&H Bank Zrt. Esztergom,"2500 Esztergom, Rákóczi tér 1-3.",S,R
10403222,OKHBHUHB,K&H Bank Zrt. 322 Barcs,"7570 Barcs, Bajcsy-Zsilinszky utca 73.",S,R
10403239,OKHBHUHB,K&H Bank Zrt. 323 Budapest,"1085 Budapest, József körút 10-12.",S,R
10403246,OKHBHUHB,K&H Bank Zrt. 110 Vác,"2600 Vác, Széchenyi István utca 34.",S,R
10403253,OKHBHUHB,K&H Bank Zrt. 325 Göd,"2131 Göd-Alsógöd, Pesti út 46.",S,R
10403277,OKHBHUHB,K&H Bank Zrt. 440 Nyíregyháza,"4400 Nyíregyháza, Luther utca 3.",S,R
10403291,OKHBHUHB,K&H Bank Zrt. Budapest,"1053 Budapest, Kálvin tér 3.",S,R
10403301,OKHBHUHB,K&H Bank Zrt. 330 Budapest,"1024 Budapest, Lövőház utca 2-6. 2. EM. -MAMUT 1.",S,R
10403318,OKHBHUHB,K&H Bank Zrt. 331 Csorna,"9300 Csorna, Mártírok tere 1-3",S,R
10403332,OKHBHUHB,K&H Bank Zrt. 333 Mosonmagyaróvár,"9200 Mosonmagyaróvár, Fő utca 26.",S,R
10403356,OKHBHUHB,K&H Bank Zrt. 335 Győr,"9021 Győr, Szent István út 13.",S,R
10403363,OKHBHUHB,K&H Bank Zrt. 336 Budapest,"1051 Budapest, József Attila utca 24.",S,R
10403370,OKHBHUHB,K&H Bank Zrt. 337 Csillaghegy,"1039 Budapest, Heltai Jenő tér 15.",S,R
10403387,OKHBHUHB,K&H Bank Zrt. 338 Corvin Negyed,"1082 Budapest, Futó utca 47-53.",S,R
10403394,OKHBHUHB,K&H Bank Zrt. 339 Gazdagrét,"1118 Budapest, Rétköz utca 5.",S,R
10403404,OKHBHUHB,K&H Bank Zrt.340 Budapest Soroksár,"1239 Budapest, Hősök tere 14.",S,R
10403411,OKHBHUHB,K&H Bank Zrt. 341 Budagyöngye,"1026 Budapest, Pázsit utca 2.",S,R
10403428,OKHBHUHB,K&H Bank Zrt. 342 Debrecen,"4024 Debrecen, Piac utca 52.",S,R
10403435,OKHBHUHB,K&H Bank Zrt. 343 Duna Plaza,"1138 Budapest, Váci út 178. 2. EMELET",S,R
10403459,OKHBHUHB,K&H Bank Zrt. 345 Püspökladány,"4150 Püspökladány, Kossuth utca 22.",S,R
10403466,OKHBHUHB,K&H Bank Zrt. 346 Westend,"1062 Budapest, Váci út 1-3.",S,R
10403473,OKHBHUHB,K&H Bank Zrt. 347 Sopron,"9400 Sopron, Várkerület 75",S,R
10403480,OKHBHUHB,K&H Bank Zrt. 348 Nyíregyháza,"4400 Nyíregyháza, Korányi Frigyes utca 5.",S,R
10403497,OKHBHUHB,"K&H Bank Zrt. Budapest, Árkád","1106 Budapest, Örs vezér tere 25/A -1/51. ÜZLET",S,R
10403507,OKHBHUHB,K&H Bank Zrt. 350 Eger,"3300 Eger, Barkóczy utca 3.",S,R
10403538,OKHBHUHB,K&H Bank Zrt. 353 Hatvan,"3000 Hatvan, Grassalkovich út 3-5.",S,R
10403631,OKHBHUHB,K&H Bank Zrt. 363 Komárom,"2900 Komárom, Klapka György út 3. DUNA ÁRUHÁZ",S,R
10403648,OKHBHUHB,K&H Bank Zrt. 364 Esztergom,"2500 Esztergom, Rákóczi tér 1-3.",S,R
10403758,OKHBHUHB,K&H Bank Zrt. 375 Budaörs,"2040 Budaörs, Szabadság út 47.",S,R
10403909,OKHBHUHB,K&H Bank Zrt. 390 Kaposvár,"7400 Kaposvár, Széchenyi tér 8.",S,R
10403916,OKHBHUHB,K&H Bank Zrt. 391 Tab,"8660 Tab, Kossuth Lajos utca 134.",S,R
10403923,OKHBHUHB,K&H Bank Zrt 392 Siófok,"8600 Siófok, Fő tér 8.",S,R
10403930,OKHBHUHB,K&H Bank Zrt. 304 Balatonboglár,"8630 Balatonboglár, Sétáló utca 7.",S,R
10403947,OKHBHUHB,K&H Bank Zrt. 394 Marcali,"8700 Marcali, Rákóczi utca 21.",S,R
10403954,OKHBHUHB,K&H Bank Zrt. 395 Nagyatád,"7500 Nagyatád, Bajcsy-Zsilinszky utca 1/A",S,R
10404003,OKHBHUHB,K&H Bank Zrt. Számvitel,"1095 Budapest, Lechner Ödön fasor 9.",S,R
10404010,OKHBHUHB,K&H Bank Zrt. Devizakönyvelés,"1095 Budapest, Lechner Ödön fasor 9.",S,R
10404027,OKHBHUHB,K&H Bank Zrt. 402 Budapest,"1095 Budapest, Lechner Ödön fasor 9.",S,R
10404034,OKHBHUHB,K&H Bank Zrt. Központi Értéktár,"1095 Budapest, Lechner Ödön fasor 9.",S,R
10404041,OKHBHUHB,K&H Bank Zrt. 404 Veszprém,"8200 Veszprém, Mindszenty József utca 4.",S,R
10404058,OKHBHUHB,K&H Bank Zrt. 405 Sopron,"9400 Sopron, Várkerület 75",S,R
10404065,OKHBHUHB,K&H Bank Zrt. 406 Budapest,"1033 Budapest, Flórián tér 1.",S,R
10404072,OKHBHUHB,K&H Bank Zrt. 407 Budapest,"1061 Budapest, Andrássy út 49.",S,R
10404089,OKHBHUHB,K&H Bank Zrt. 408 Budapest,"1053 Budapest, Kálvin tér 3.",S,R
10404216,OKHBHUHB,K&H Bank Zrt. Private Banking,"1095 Budapest, Lechner Ödön fasor 9.",S,R
10404223,OKHBHUHB,K&H Bank Zrt. ATM befizetés,"1095 Budapest, Lechner Ödön fasor 9.",,
10404247,OKHBHUHB,K&H Bank Zrt. Lakosság,"1095 Budapest, Lechner Ödön fasor 9.",S,R
10404302,OKHBHUHB,K&H Bank Zrt. 430 Komló,"7300 Komló, Városház tér 1.",S,R
10404326,OKHBHUHB,K&H Bank Zrt. 432 Paks,"7030 Paks, Dózsa György út 21.",S,R
10404405,OKHBHUHB,K&H Bank Zrt. 440 Nyíregyháza,"4400 Nyíregyháza, Luther utca 3.",S,R
10404429,OKHBHUHB,K&H Bank Zrt. 442 Fehérgyarmat,"4900 Fehérgyarmat, Móricz Zsigmond utca 2.",S,R
10404436,OKHBHUHB,K&H Bank Zrt. 443 Kisvárda,"4600 Kisvárda, Somogyi Rezső utca 11.",S,R
10404467,OKHBHUHB,K&H Bank Zrt. 446 Nyírbátor,"4300 Nyírbátor, Zrínyi utca 6.",S,R
10404481,OKHBHUHB,K&H Bank Zrt. 448 Vásárosnamény,"4800 Vásárosnamény, Szabadság tér 32.",S,R
10404508,OKHBHUHB,K&H Bank Zrt. 499 Szolnok,"5000 Szolnok, Kossuth Lajos út 18.",S,R
10404522,OKHBHUHB,K&H Bank Zrt. 452 Karcag,"5300 Karcag, Kossuth tér 2-3.",S,R
10404601,OKHBHUHB,K&H Bank Zrt. 460 Szekszárd,"7100 Szekszárd, Széchenyi utca 18-20.",S,R
10404687,OKHBHUHB,K&H Bank Zrt. 468 Bonyhád,"7150 Bonyhád, Perczel Mór utca 20.",S,R
10404711,OKHBHUHB,K&H Bank Zrt. 471 Celldömölk,"9500 Celldömölk, Dr. Géfin Lajos tér 13.",S,R
10404728,OKHBHUHB,K&H Bank Zrt. 472 Körmend,"9900 Körmend, Vida József utca 1/A",S,R
10404735,OKHBHUHB,K&H Bank Zrt. 473 Sárvár,"9600 Sárvár, Batthyány utca 1-3.",S,R
10404742,OKHBHUHB,K&H Bank Zrt. 474 Szombathely,"9700 Szombathely, Kőszegi utca 10.",S,R
10404845,OKHBHUHB,K&H Bank Zrt. 484 Pápa,"8500 Pápa, Rákóczi Ferenc utca 2",S,R
10404883,OKHBHUHB,K&H Bank Zrt. 488 Várpalota,"8100 Várpalota, Táncsics Mihály utca 5.",S,R
10404900,OKHBHUHB,K&H Bank Zrt. 490 Zalaegerszeg,"8900 Zalaegerszeg, Kossuth Lajos utca 8.",S,R
10404948,OKHBHUHB,K&H Bank Zrt. 494 Zalaszentgrót,"8790 Zalaszentgrót, Dózsa György utca 16-18.",S,R
10404955,OKHBHUHB,K&H Bank Zrt. 495 Keszthely,"8360 Keszthely, Fő tér 6-8.",S,R
10404962,OKHBHUHB,K&H Bank Zrt. 460 Szekszárd,"7100 Szekszárd, Széchenyi utca 18-20.",S,R
10404979,OKHBHUHB,K&H Bank Zrt. 405 Sopron,"9400 Sopron, Várkerület 41.",S,R
10404986,OKHBHUHB,K&H Bank Zrt. 498 Kapuvár,"9330 Kapuvár, Fő tér 13.",S,R
10404993,OKHBHUHB,K&H Bank Zrt. 499 Szolnok,"5000 Szolnok, Kossuth Lajos út 18.",S,R
10405004,OKHBHUHB,K&H Bank Zrt. 500 Budapest,"1051 Budapest, Arany János utca 20.",S,R
10405011,OKHBHUHB,K&H Bank Zrt. 242 Pécs,"7626 Pécs, Búza tér 6/A",S,R
10405028,OKHBHUHB,K&H Bank Zrt. 502 Kazincbarcika,"3700 Kazincbarcika, Egres utca 46/A",S,R
10405042,OKHBHUHB,K&H Bank Zrt. 012 Budapest,"1075 Budapest, Károly körút 17-19.",S,R
10405066,OKHBHUHB,K&H Bank Zrt. 506 Székesfehérvár,"8000 Székesfehérvár, Liszt Ferenc utca 11.",S,R
10405073,OKHBHUHB,K&H Bank Zrt. 507 Csongrád,"6640 Csongrád, Hunyadi tér 10-16.",S,R
10405509,OKHBHUHB,K&H Bank Zrt. PEK fiók,"1095 Budapest, Lechner Ödön fasor 9.",,
10406500,OKHBHUHB,K&H Bank Zrt. Értékpapír rendszer,"1095 Budapest, Lechner Ödön fasor 9.",,
10406593,OKHBHUHB,K&H Bank Zrt. Értékpapír Call Center,"1095 Budapest, Lechner Ödön fasor 9.",,
10407501,OKHBHUHB,K&H Bank Zrt. Hitelkártya,"1095 Budapest, Lechner Ödön fasor 9.",,
10408007,OKHBHUHB,K&H Bank Zrt. BPNyugat,"1095 Budapest, Lechner Ödön fasor 9.",S,R
10408014,OKHBHUHB,K&H Bank Zrt. BPKelet,"1095 Budapest, Lechner Ödön fasor 9.",S,R
10408117,OKHBHUHB,K&H Bank Zrt. 811 Oroszlány,"2840 Oroszlány, Rákóczi Ferenc út 80.",S,R
10408131,OKHBHUHB,K&H Bank Zrt. 813 Szarvas,"5540 Szarvas, Szabadság út 30.",S,R
10408155,OKHBHUHB,K&H Bank Zrt. 815 Tamási,"7090 Tamási, Garay utca 1.",S,R
10408502,OKHBHUHB,K&H Bank Zrt. Call Center,"1095 Budapest, Lechner Ödön fasor 9.",S,R
10409015,OKHBHUHB,K&H Bank Zrt. 901 Budapest,"1146 Budapest, Ajtósi Dürer sor 10.",S,R
10409170,OKHBHUHB,K&H Bank Zrt. Hitelkártya rendszer,"1095 Budapest, Lechner Ödön fasor 9.",,
10409345,OKHBHUHB,K&H Bank Zrt. Lakossági hitel,"1095 Budapest, Lechner Ödön fasor 9.",,
10409716,OKHBHUHB,K&H Bank Zrt. Központi BO 0971,"1095 Budapest, Lechner Ödön fasor 9.",S,R
10409723,OKHBHUHB,K&H Bank Zrt. Lízing,"1095 Budapest, Lechner Ödön fasor 9.",S,R
10409747,OKHBHUHB,K&H Bank Zrt Főkönyvi Adminisztrációs,"9022 Győr, Rákóczi Ferenc utca 2-4.",S,R
10409754,OKHBHUHB,K&H SZÉP Kártya központ,"1095 Budapest, Lechner Ödön fasor 9.",,
10409761,OKHBHUHB,K&H Bank Zrt. 976 Okmányos,"1095 Budapest, Lechner Ödön fasor 9.",S,R
10409778,OKHBHUHB,K&H Bank Zrt. Bankkártya,"1095 Budapest, Lechner Ödön fasor 9.",S,R
10409785,OKHBHUHB,K&H Bank Zrt. Finforce,"1095 Budapest, Lechner Ödön fasor 9.",S,R
10409792,OKHBHUHB,K&H Bank Zrt. Humánköltség,"1095 Budapest, Lechner Ödön fasor 9.",S,R
10409802,OKHBHUHB,K&H Bank Zrt. Back Office,"1095 Budapest, Lechner Ödön fasor 9.",S,R
10409819,OKHBHUHB,K&H Bank Zrt. Hitel Back Office,"1095 Budapest, Lechner Ödön fasor 9.",S,R
10409826,OKHBHUHB,K&H Bank Zrt. Pénzügy,"1095 Budapest, Lechner Ödön fasor 9.",S,R
10409864,OKHBHUHB,K&H Bank Zrt. Okmányos,"1095 Budapest, Lechner Ödön fasor 9.",S,R
10409895,OKHBHUHB,K&H Bank Zrt. Nostro/Vostro department,"1095 Budapest, Lechner Ödön fasor 9.",S,R
10409998,OKHBHUHB,K&H Bank Zrt. Központ,"1095 Budapest, Lechner Ödön fasor 9.",S,R
10410008,OKHBHUHB,K&H Bank Zrt. Távszámla - Funda,"1095 Budapest, Lechner Ödön fasor 9.",S,R
10410015,OKHBHUHB,K&H Bank Zrt. Távszámla- K&H Biztosító,"1095 Budapest, Lechner Ödön fasor 9.",S,R
10410022,OKHBHUHB,K&H Bank Zrt.,"1095 Budapest, Lechner Ödön fasor 9.",S,R
10410039,OKHBHUHB,K&H Bank Zrt.,"1095 Budapest, Lechner Ödön fasor 9.",S,R
10410046,OKHBHUHB,K&H Bank Zrt.,"1095 Budapest, Lechner Ödön fasor 9.",S,R
10410053,OKHBHUHB,K&H Bank Zrt.,"1095 Budapest, Lechner Ödön fasor 9.",S,R
10410060,OKHBHUHB,K&H Bank Zrt.,"1095 Budapest, Lechner Ödön fasor 9.",S,R
10410077,OKHBHUHB,K&H Bank Zrt. T24 központi számlanyitás,"1095 Budapest, Lechner Ödön fasor 9.",S,R
10410400,OKHBHUHB,K&H Bank Zrt. T24,"1095 Budapest, Lechner Ödön fasor 9.",S,R
10700017,CIBHHUHB,CIB Bank Zrt. Központ,"1024 Budapest, Petrezselyem utca 2-8.",S,R
10700024,CIBHHUHB,CIB Bank Zrt Medve u. fiók,"1024 Budapest, Petrezselyem utca 2-8.",S,R
10700031,CIBHHUHB,CIB Bank Zrt.  Győri  Központi fiók,"9021 Győr, Aradi vértanúk útja 10.",S,R
10700048,CIBHHUHB,CIB Bank Zrt. Nyíregyházi fiók,"4400 Nyíregyháza, Hősök tere 7.",S,R
10700055,CIBHHUHB,CIB Bank Zrt. Pécs I. Fiók,"7621 Pécs, Irgalmasok utcája 3/1.",S,R
10700062,CIBHHUHB,CIB Bank Zrt. Szegedi Központi fiók,"6720 Szeged, Kiss Menyhért utca 1.",S,R
10700079,CIBHHUHB,CIB Bank Zrt. Andrássy úti fiók,"1065 Budapest, Bajcsy-Zsilinszky út 5-7.",S,R
10700086,CIBHHUHB,CIB Bank Zrt. Miskolci Központi fiók,"3525 Miskolc, Déryné utca 11.",S,R
10700093,CIBHHUHB,CIB Bank Zrt. Szfehérvári központi fiók,"8000 Székesfehérvár, Távirda utca 2/B",S,R
10700103,CIBHHUHB,CIB Bank Zrt. Kecskeméti fiók,"6000 Kecskemét, Csányi utca 1-3.",S,R
10700110,CIBHHUHB,CIB Bank Zrt. Zalaegerszegi fiók,"8900 Zalaegerszeg, Kossuth Lajos utca 8-10.",S,R
10700127,CIBHHUHB,CIB Bank Zrt. Szombathelyi fiók,"9700 Szombathely, Fő tér 33.",S,R
10700134,CIBHHUHB,CIB Bank Zrt. Dunaújvárosi fiók,"2400 Dunaújváros, Dózsa György út 2/C",S,R
10700141,CIBHHUHB,CIB Bank Zrt.Debrecen I.Fiók,"4025 Debrecen, Piac utca 1-3.",S,R
10700158,CIBHHUHB,CIB Bank Zrt. Hódmezővásárhelyi fiók,"6800 Hódmezővásárhely, Deák Ferenc utca 15.",S,R
10700165,CIBHHUHB,CIB Bank Zrt. Békéscsabai fiók,"5600 Békéscsaba, Andrássy út 2.",S,R
10700172,CIBHHUHB,CIB Bank Zrt. Kaposvári fiók,"7400 Kaposvár, Fő utca 13.",S,R
10700189,CIBHHUHB,CIB Bank Zrt. Veszprémi fiók,"8200 Veszprém, Szeglethy József utca 1.",S,R
10700196,CIBHHUHB,CIB Bank Zrt. Gödöllői fiók,"2100 Gödöllő, Szabadság tér 16-17.",S,R
10700206,CIBHHUHB,CIB Bank Zrt. Belvárosi - Pilvax Fiók,"1075 Budapest, Károly körút 3/B",S,R
10700220,CIBHHUHB,CIB Bank Zrt. Salgótarjáni fiók,"3100 Salgótarján, Rákóczi út 1-9.",S,R
10700237,CIBHHUHB,CIB Bank Zrt. Szekszárdi fiók,"7100 Szekszárd, Garay tér 1.",S,R
10700244,CIBHHUHB,CIB Bank Zrt. Rózsakerti fiók,"1027 Budapest, Bem József utca 1/B",S,R
10700251,CIBHHUHB,CIB Bank Zrt. Barcsi fiók,"7400 Kaposvár, Fő utca 13.",S,R
10700268,CIBHHUHB,CIB Bank Zrt. Törökbálinti fiók,"2045 Törökbálint, Bajcsy-Zsilinszky utca 75.",S,R
10700275,CIBHHUHB,CIB Bank Zrt. Nagykanizsai fiók,"8800 Nagykanizsa, Király utca 53.",S,R
10700282,CIBHHUHB,CIB Bank Zrt. Egri fiók,"3300 Eger, Érsek utca 1.",S,R
10700299,CIBHHUHB,CIB Bank Zrt. Gyöngyösi fiók,"3200 Gyöngyös, Szent Bertalan utca 1.",S,R
10700309,CIBHHUHB,CIB Bank Zrt. Szolnoki fiók,"5000 Szolnok, Szapáry utca 22.",S,R
10700316,CIBHHUHB,CIB Bank Zrt. Orosházi fiók,"5900 Orosháza, Széchenyi tér 1.",S,R
10700323,CIBHHUHB,CIB Bank Zrt. Váci fiók,"2600 Vác, Széchenyi István utca 4-6.",S,R
10700330,CIBHHUHB,CIB Bank Zrt. Kerepesi úti fiók,"1148 Budapest, Örs vezér tere 24.",S,R
10700347,CIBHHUHB,CIB Bank Zrt. Károly körúti fiók,"1075 Budapest, Károly körút 3/B",S,R
10700354,CIBHHUHB,CIB Bank Zrt. Bajai fiók,"6500 Baja, Déri Frigyes sétány 1-3.",S,R
10700361,CIBHHUHB,CIB Bank Zrt. Esztergomi fiók,"2500 Esztergom, Széchenyi tér 24.",S,R
10700378,CIBHHUHB,CIB Bank Zrt. Sz. István krt-i fiók,"1055 Budapest, Szent István körút 15.",S,R
10700385,CIBHHUHB,CIB Bank Zrt. József krt-i fiók,"1094 Budapest, Ferenc körút 15.",S,R
10700392,CIBHHUHB,CIB Bank Zrt. Flórián téri fiók,"1032 Budapest, Bécsi út 154",S,R
10700402,CIBHHUHB,CIB Bank Zrt. Mátészalkai fiók,"4700 Mátészalka, Kazinczy utca 2.",S,R
10700419,CIBHHUHB,CIB Bank Zrt. Zöldfa Fiók,"1122 Budapest, Kék Golyó utca 1.",S,R
10700426,CIBHHUHB,CIB Bank Zrt. Soproni fiók,"9400 Sopron, Várkerület 73.",S,R
10700433,CIBHHUHB,CIB Bank Zrt. Szeged II. Fiók,"6720 Szeged, Kiss Menyhért utca 1.",S,R
10700440,CIBHHUHB,CIB Bank Zrt. Kékgolyó utcai fiók,"1122 Budapest, Kék Golyó utca 1.",S,R
10700457,CIBHHUHB,CIB Bank Zrt. Újpesti fiók,"1043 Budapest, István út 8.",S,R
10700464,CIBHHUHB,CIB Bank Zrt. Hilton fiók,"1013 Budapest, Krisztina tér 10.",S,R
10700471,CIBHHUHB,CIB Bank Zrt. Győr II. Fiók,"9027 Győr, Budai út 1.",S,R
10700488,CIBHHUHB,CIB Bank Zrt. Nyugati téri fiók,"1055 Budapest, Szent István körút 15.",S,R
10700495,CIBHHUHB,CIB Bank Zrt.Csillaghegyi fiók,"1039 Budapest, Mátyás király út 24.",S,R
10700505,CIBHHUHB,CIB Bank Zrt. Váci úti fiók,"1043 Budapest, István út 8.",S,R
10700512,CIBHHUHB,CIB Bank Zrt.Szigetszentmiklósi fiók,"2310 Szigetszentmiklós, Bajcsy-Zsilinszky utca 1/A",S,R
10700529,CIBHHUHB,CIB Bank Zrt. Pesterzsébeti fiók,"1203 Budapest, Kossuth Lajos utca 21-29.",S,R
10700536,CIBHHUHB,CIB Bank Zrt. Tétényi úti fiók,"1119 Budapest, Tétényi út 63.",S,R
10700543,CIBHHUHB,CIB Bank Zrt. Kőbányai Fiók,"1148 Budapest, Örs vezér tere 24.",S,R
10700550,CIBHHUHB,CIB Bank Zrt. Szentendrei fiók,"1033 Budapest, Flórián tér 6-9.",S,R
10700567,CIBHHUHB,CIB Bank Zrt. Blaha Lujza téri fiók,"1073 Budapest, Erzsébet körút 2.",S,R
10700574,CIBHHUHB,CIB Bank Zrt. Érdi fiók,"2030 Érd, Budai út 32.",S,R
10700581,CIBHHUHB,CIB Bank Zrt Örs vezér téri fiók,"1148 Budapest, Örs vez tere 24. SUGÁR ÜZLETKÖZPONT",S,R
10700598,CIBHHUHB,CIB Bank Zrt.Lövőház u.-I fiók,"1027 Budapest, Bem József utca 1/B",S,R
10700608,CIBHHUHB,CIB Bank Zrt. Csepeli fiók,"1211 Budapest, Kossuth Lajos utca 82.",S,R
10700615,CIBHHUHB,CIB Bank Zrt. Rákoskeresztúri fiók,"1173 Budapest, Pesti út 170.",S,R
10700622,CIBHHUHB,CIB Bank Zrt. Pestszentlőrinc I. Fiók,"1184 Budapest, Üllői út 366.",S,R
10700646,CIBHHUHB,CIB Bank Zrt. Dagály utcai fiók,"1135 Budapest, Lehel utca 70-72.",S,R
10700653,CIBHHUHB,CIB Bank Zrt. Dunakeszi fiók,"2120 Dunakeszi, Cassalgrande tér 4.",S,R
10700660,CIBHHUHB,CIB Bank Zrt. Újpalotai fiók,"1156 Budapest, Páskomliget utca 6.",S,R
10700677,CIBHHUHB,CIB Bank Zrt. Boráros téri fiók,"1095 Budapest, Boráros tér 6.",S,R
10700684,CIBHHUHB,CIB Bank Zrt. Baross téri Fiók,"1067 Budapest, Teréz körút 21.",S,R
10700691,CIBHHUHB,CIB Bank Zrt. Kálvin téri Fiók,"1075 Budapest, Károly körút 3/B",S,R
10700701,CIBHHUHB,CIB Bank Zrt. Fehérvári úti fiók,"1119 Budapest, Tétényi út 63.",S,R
10700718,CIBHHUHB,CIB Bank Zrt. Hűvösvölgyi Fiók,"1024 Budapest, Petrezselyem utca 2-8.",S,R
10700725,CIBHHUHB,CIB Bank Zrt. Budafoki Fiók,"1223 Budapest, Nagytétényi út 37-43.",S,R
10700732,CIBHHUHB,CIB BANK ZRT. OKTOGON FIÓK,"1062 Budapest, út 1-3. WESTEND POLLACK M. STNY 19",S,R
10700749,CIBHHUHB,CIB Bank Zrt. Siófoki fiók,"8600 Siófok, Fő tér 3.",S,R
10700756,CIBHHUHB,CIB Bank Zrt. Kiskunfélegyházi Fiók,"6000 Kecskemét, Csányi utca 1-3.",S,R
10700763,CIBHHUHB,CIB BANK ZRT. BÉCSI ÚTI FIÓK,"1033 Budapest, Flórián tér 6-9.",S,R
10700770,CIBHHUHB,CIB Bank Zrt. Campona Üzletközpont fiók,"1223 Budapest, Nagytétényi út 37-43.",S,R
10700787,CIBHHUHB,CIB Bank Zrt. Székesfehérvár II. Fiók,"8000 Székesfehérvár, Távirda utca 2/B",S,R
10700794,CIBHHUHB,CIB Bank Zrt. Mátyásföldi fiók,"1165 Budapest, Jókai Mór utca 2-4.",S,R
10700914,CIBHHUHB,CIB Bank Zrt. Technikai fiók III,"1027 Budapest, Medve utca 4-14.",S,R
10700983,CIBHHUHB,CIB Bank Zrt. Technikai fiók II.,"1027 Budapest, Medve utca 4-14.",S,R
10700990,CIBHHUHB,CIB Technikai fiók,"1027 Budapest, Medve utca 4-14.",S,R
10701018,CIBHHUHB,CIB Bank Zrt. Ceglédi fiók,"5000 Szolnok, Szapáry utca 22",S,R
10701025,CIBHHUHB,CIB Bank Zrt. Soroksár,"1203 Budapest, Kossuth Lajos utca 21-29.",S,R
10701032,CIBHHUHB,CIB Bank Zrt. Tatabánya I. fiók,"2800 Tatabánya, Fő tér 10.",S,R
10701049,CIBHHUHB,CIB Bank Zrt. Récsei Center fiók,"1146 Budapest, Istvánmezei út 6.",S,R
10701056,CIBHHUHB,CIB Bank Zrt. Lurdy ház fiók,"1102 Budapest, Kőrösi Csoma Sándor út 2-4.",S,R
10701063,CIBHHUHB,CIB Bank Zrt. Campus fiók,"4028 Debrecen, Kassai út 26.",S,R
10701070,CIBHHUHB,CIB Bank Zrt. Tatai Fiók,"2800 Tatabánya, Fő tér 10.",S,R
10701087,CIBHHUHB,CIB BANK ZRT. GAZDAGRÉTI FIÓK,"1119 Budapest, Tétényi út 63.",S,R
10701094,CIBHHUHB,CIB Bank Zrt. Fényes Elek u-i fiók,"1024 Budapest, Petrezselyem utca 2-8.",S,R
10701104,CIBHHUHB,CIB Bank Zrt. Paksi fiók,"7100 Szekszárd, Garay tér 1.",S,R
10701111,CIBHHUHB,CIB Bank Zrt. Keszthelyi Fiók,"8900 Zalaegerszeg, Kossuth Lajos utca 8/10",S,R
10701128,CIBHHUHB,CIB Bank Zrt. MOM park fiók,"1122 Budapest, Kék Golyó utca 1",S,R
10701135,CIBHHUHB,CIB Bank Zrt. Monori Fiók,"2220 Vecsés, Telepi út 58.",S,R
10701142,CIBHHUHB,CIB Bank Zrt. Ajkai Fiók,"8200 Veszprém, Szeglethy József utca 1.",S,R
10701159,CIBHHUHB,CIB Bank Zrt. Pápai Fiók,"8200 Veszprém, Szeglethy József utca 1.",S,R
10701166,CIBHHUHB,CIB Bank Zrt. Mosonmagyaróvári Fiók,"9021 Győr, Aradi vértanúk útja 10.",S,R
10701173,CIBHHUHB,CIB Bank Zrt. Miskolc II. Fiók,"3525 Miskolc, Déryné utca 11.",S,R
10701180,CIBHHUHB,CIB Bank Zrt. Budakeszi Fiók,"2045 Törökbálint, Bajcsy-Zsilinszky utca 75.",S,R
10701197,CIBHHUHB,CIB Bank Zrt. Hajdúböszörményi Fiók,"4025 Debrecen, Piac utca 1-3.",S,R
10701207,CIBHHUHB,CIB Bank Zrt. Békásmegyeri Fiók,"1039 Budapest, Mátyás király út 24.",S,R
10701214,CIBHHUHB,CIB Bank Zrt. Pécsi fiók,"7621 Pécs, Irgalmasok utcája 3/1",S,R
10701221,CIBHHUHB,CIB Bank Zrt. Árpád Üzletház fiók,"1043 Budapest, István út 8.",S,R
10701238,CIBHHUHB,CIB Bank Zrt. Kazincbarcikai fiók,"3700 Kazincbarcika, Egressy Béni út 1/C",S,R
10701245,CIBHHUHB,CIB Bank Zrt. Gyulai Fiók,"5600 Békéscsaba, Andrássy út 2.",S,R
10701252,CIBHHUHB,CIB Bank Zrt. Béke téri Fiók,"1043 Budapest, István út 8.",S,R
10701269,CIBHHUHB,CIB Bank Zrt. Új Buda Center fiók,"1119 Budapest, Tétényi út 63.",S,R
10701276,CIBHHUHB,CIB Bank Zrt. Vecsési fiók,"2220 Vecsés, Telepi út 58.",S,R
10701283,CIBHHUHB,CIB Bank Zrt. Debreceni fiók,"4025 Debrecen, Piac utca 1-3.",S,R
10701290,CIBHHUHB,CIB Bank Zrt. Ózdi fiók,"3700 Kazincbarcika, Egressy Béni út 1/C",S,R
10701300,CIBHHUHB,CIB Bank Zrt. Kiskunhalasi Fiók,"6100 Kiskunfélegyháza, Kossuth Lajos utca 4.",S,R
10701317,CIBHHUHB,CIB Bank Zrt. Aréna Corner fiók,"1087 Budapest, Kerepesi út 9.",S,R
10701324,CIBHHUHB,CIB BANK ZRT. OKTOGON FIÓK,"1062 Budapest, út 1-3. WESTEND POLLACK M. STNY 19",S,R
10701331,CIBHHUHB,CIB Bank Zrt. Pólus fiók,"1152 Budapest, Szentmihályi út 137.",S,R
10701348,CIBHHUHB,CIB Bank Zrt. Bosnyák téri fiók,"1149 Budapest, Bosnyák tér 9.",S,R
10701355,CIBHHUHB,CIB Bank Zrt. Balatonfüredi fiók,"8200 Veszprém, Szeglethy József utca 1.",S,R
10701362,CIBHHUHB,CIB Bank Zrt. Hatvani fiók,"3200 Gyöngyös, Szent Bertalan utca 1.",S,R
10701379,CIBHHUHB,CIB Bank Zrt. Rákóczi téri Fiók,"1073 Budapest, Erzsébet körút 2.",S,R
10701386,CIBHHUHB,CIB Bank Zrt. Kalocsai fiók,"6500 Baja, Déri Frigyes sétány 1-3.",S,R
10701393,CIBHHUHB,CIB Bank Zrt. Komáromi fiók,"2890 Tata, Ady Endre utca 22.",S,R
10701403,CIBHHUHB,CIB Bank Zrt. Sátoraljaújhelyi fiók,"3525 Miskolc, Déryné utca 11.",S,R
10701410,CIBHHUHB,CIB Bank Zrt. Százhalombattai fiók,"2030 Érd, Budai út 22.",S,R
10701427,CIBHHUHB,CIB Bank Zrt. Pilisvörösvári fiók,"2081 Piliscsaba, Kinizsi utca 1-3.",S,R
10701434,CIBHHUHB,CIB Bank Zrt. Bokor utcai fiók,"1033 Budapest, Flórián tér 6-9.",S,R
10701441,CIBHHUHB,CIB Bank Zrt. Budaörsi Tesco fiók,"2040 Budaörs, Szabadság út 93.",S,R
10701458,CIBHHUHB,CIB Bank Zrt. Szentesi fiók,"6800 Hódmezővásárhely, Deák Ferenc utca 15.",S,R
10701465,CIBHHUHB,CIB Bank Zrt. Békéscsaba III.fiók,"5600 Békéscsaba, Andrássy út 2.",S,R
10701472,CIBHHUHB,CIB Bank Zrt. Karcagi fiók,"5000 Szolnok, Szapáry utca 22.",S,R
10701489,CIBHHUHB,CIB Bank Zrt. Dombóvári fiók,"7400 Kaposvár, Fő utca 13.",S,R
10701496,CIBHHUHB,CIB Bank Zrt. Balassagyarmati fiók,"1027 Budapest, Medve utca 4-14.",S,R
10701506,CIBHHUHB,CIB Bank Zrt. Ferenciek tere Fiók,"1075 Budapest, Károly körút 3/B",S,R
10701513,CIBHHUHB,CIB Bank Zrt. Móricz Zs. körtéri fiók,"1117 Budapest, Október huszonharmadika utca 6-8.",S,R
10701520,CIBHHUHB,CIB Bank Zrt. Allee-Skála fiók,"1117 Budapest, Október huszonharmadika utca 6-8.",S,R
10701537,CIBHHUHB,CIB Bank Zrt. Győr Árkád Fiók,"9021 Győr, Aradi vértanúk útja 10.",S,R
10701544,CIBHHUHB,CIB Bank Zrt. Arany János utcai fiók,"1054 Budapest, Szabadság tér 15.",S,R
10701551,CIBHHUHB,CIB Bank Zrt. Aréna Pláza Fiók,"1073 Budapest, Erzsébet körút 2.",S,R
10701568,CIBHHUHB,CIB Bank Zrt. Boráros téri fiók,"1094 Budapest, Ferenc körút 15.",S,R
10701575,CIBHHUHB,CIB Bank Zrt. Szeged IV. fiók,"6720 Szeged, Tisza Lajos körút 56.",S,R
10701582,CIBHHUHB,CIB Bank Zrt. Szolnok II,"5000 Szolnok, Szapáry utca 22.",S,R
10701599,CIBHHUHB,CIB Bank Zrt.KÖKI fiók,"1191 Budapest, Vak Bottyán utca 75. A-C.",S,R
10701609,CIBHHUHB,CIB Bank Zrt. BEM Center Fiók,"1027 Budapest, Bem József  utca 1/B.",S,R
10701616,CIBHHUHB,CIB Bank Zrt. GoBuda Fiók,"1032 Budapest, Bécsi út 154",S,R
10702002,CIBHHUHB,CIB Bank Zrt. Központ,"1027 Budapest, Medve utca 4-14.",,
10702019,CIBHHUHB,CIB Bank Zrt. Szabadság téri Fiók,"1055 Budapest, Szent István körút 15.",S,R
10702026,CIBHHUHB,CIB Bank Zrt. Pécs III. fiók,"7621 Pécs, Ferencesek utcája 17.",S,R
10702033,CIBHHUHB,CIB Bank Zrt. Veszprém II. fiók,"8200 Veszprém, Szeglethy József utca 1.",S,R
10702040,CIBHHUHB,CIB Bank Zrt. Szeged III. Fiók,"6720 Szeged, Kiss Menyhért utca 1.",S,R
10702057,CIBHHUHB,CIB Bank Zrt. Békéscsaba II. fiók,"5600 Békéscsaba, Bartók Béla út 19.",S,R
10702064,CIBHHUHB,CIB Bank Zrt. Debrecen Unió fiók,"4025 Debrecen, Piac utca 1-3.",S,R
10702071,CIBHHUHB,CIB Bank Zrt. Nyíregyháza II. Fiók,"4400 Nyíregyháza, Hősök tere 7.",S,R
10702088,CIBHHUHB,CIB Bank Zrt. Szombathely II. fiók,"9700 Szombathely, Fő tér 33.",S,R
10702095,CIBHHUHB,CIB Bank Zrt. Pasaréti fiók,"1026 Budapest, Gábor Áron utca 74-78.",S,R
10702105,CIBHHUHB,CIB Bank Zrt. Székesfehérvár III.fiók,"8000 Székesfehérvár, Távirda utca 2/B",S,R
10702112,CIBHHUHB,CIB Bank Zrt. Kecskemét II. Fiók,"6000 Kecskemét, Csányi utca 1-3.",S,R
10702129,CIBHHUHB,CIB Bank Zrt. Győr III. fiók,"9022 Győr, Czuczor Gergely utca 13.",S,R
10702136,CIBHHUHB,CIB Bank Zrt. Zuglói Fiók,"1149 Budapest, Bosnyák tér 9.",S,R
10702143,CIBHHUHB,CIB Bank Zrt. Piliscsabai Fiók,"1033 Budapest, Flórián tér 6-9.",S,R
10702167,CIBHHUHB,CIB Bank Zrt. Kaposvár II. fiók,"7400 Kaposvár, Fő utca 13.",S,R
10702198,CIBHHUHB,CIB Bank Zrt. Bajcsy fiók,"1065 Budapest, Bajcsy-Zsilinszky út 5-7.",S,R
10702208,CIBHHUHB,CIB Bank Zrt. Eger II. Fiók,"3300 Eger, Érsek utca 1.",S,R
10702215,CIBHHUHB,CIB Bank Zrt. Allee Bevásárlóközpont,"1117 Budapest, Október huszonharmadika utca 6-8.",S,R
10702222,CIBHHUHB,CIB Bank Zrt. Pók utcai fiók,"1033 Budapest, Flórián tér 6-9.",S,R
10702239,CIBHHUHB,CIB Bank Zrt. Szeged IV. fiók,"1027 Budapest, Medve utca 4-14.",S,R
10702246,CIBHHUHB,CIB Bank Zrt. FLP fiók,"1184 Budapest, Nefelejcs utca 9-11.",S,R
10702260,CIBHHUHB,CIB Bank Zrt. Vörösvári úti fiók,"1033 Budapest, Flórián tér 6-9.",S,R
10702277,CIBHHUHB,CIB Bank Zrt. Pestszentlőrinc II.,"1184 Budapest, Üllői út 366. FIÓK",S,R
10702284,CIBHHUHB,CIB Bank Zrt. Zalaegerszeg II.,"8900 Zalaegerszeg, Kossuth Lajos utca 8-10.",S,R
10702291,CIBHHUHB,CIB Bank Zrt. Tatabánya II. fiók,"2800 Tatabánya, Fő tér 8/A",S,R
10702301,CIBHHUHB,CIB Bank Zrt. Mátyásföld II. fiók,"1027 Budapest, Medve utca 4-14.",S,R
10702318,CIBHHUHB,CIB Bank Zrt. Népfürdő utcai fiók,"1138 Budapest, Népfürdő utca 5.",S,R
10702325,CIBHHUHB,CIB Bank Zrt. Szekszárd II. fiók,"1027 Budapest, Medve utca 4-14.",S,R
10702332,CIBHHUHB,CIB Bank Zrt. Budaörsi fiók,"2040 Budaörs, Szabadság út 93.",S,R
10702349,CIBHHUHB,CIB Bank Zrt. Böszörményi úti fiók,"1122 Budapest, Kék Golyó utca 1.",S,R
10702356,CIBHHUHB,CIB Bank Zrt. Gödöllő II. fiók,"2100 Gödöllő, Szabadság tér 16-17.",S,R
10702363,CIBHHUHB,CIB Bank Zrt. Debrecen IV. fiók,"1027 Budapest, Medve utca 4-14.",S,R
10702370,CIBHHUHB,CIB Bank Zrt. Belvárosi fiók,"1027 Budapest, Medve utca 4-14.",S,R
10702387,CIBHHUHB,CIB Bank Zrt. Érd II. fiók,"2030 Érd, Budai út 22.",S,R
10702394,CIBHHUHB,CIB Bank Zrt. Miskolc III. fiók,"1027 Budapest, Medve utca 4-14.",S,R
10702404,CIBHHUHB,CIB Bank Zrt. Ferenc körúti fiók,"1094 Budapest, Ferenc körút 15.",S,R
10702411,CIBHHUHB,CIB Bank Zrt. FLP Debreceni fiók,"4025 Debrecen, Erzsébet utca 48.",S,R
10702428,CIBHHUHB,CIB Bank Zrt. FLP Székesfehérvári fiók,"8000 Székesfehérvár, Sóstó út 3.",S,R
10702435,CIBHHUHB,CIB Bank Zrt. FLP Szegedi fiók,"6721 Szeged, Tisza Lajos körút 25.",S,R
10800007,CITIHUHX,Citibank Europe Plc. Mo-i Fióktelepe,"1133 Budapest, Váci út 80.",S,R
10800021,CITIHUHX,Citibank Europe Plc. Mo-i Fióktelepe,"1133 Budapest, Váci út 80.",S,R
10900004,BACXHUHB,UniCredit Bank Hungary Zrt.,"1054 Budapest, Szabadság tér 5-6.",S,R
10900011,BACXHUHB,UniCredit Bank Hungary Zrt.,"1054 Budapest, Alkotmány utca 4.",S,R
10900028,BACXHUHB,UniCredit Bank Hungary Zrt.,"1054 Budapest, Szabadság tér 5-6.",S,R
10900035,BACXHUHB,UniCredit Bank Hungary Zrt.,"1036 Budapest, Lajos utca 48-66.",S,R
10900042,BACXHUHB,UniCredit Bank Hungary Zrt.,"1139 Budapest, Váci út 99.",S,R
10900059,BACXHUHB,UniCredit Bank Hungary Zrt.,"1111 Budapest, Lágymányosi utca 1-3.",S,R
10900066,BACXHUHB,UniCredit Bank Hungary Zrt.,"1054 Budapest, Szabadság tér 5-6.",S,R
10900080,BACXHUHB,UniCredit Bank Hungary Zrt.,"1191 Budapest, Üllői út 201.",S,R
10900097,BACXHUHB,UniCredit Bank Hungary Zrt. Custody,"1054 Budapest, Szabadság tér 5-6.",S,R
10910003,BACXHUHB,UniCredit Bank Hungary Zrt.,"8900 Zalaegerszeg, Kovács Károly tér 1/A",S,R
10911004,BACXHUHB,UniCredit Bank Hungary Zrt.,"4024 Debrecen, Kossuth utca 25-27.",S,R
10912005,BACXHUHB,UniCredit Bank Hungary Zrt.,"5600 Békéscsaba, Andrássy út 37-43.",S,R
10913006,BACXHUHB,UniCredit Bank Hungary Zrt.,"3530 Miskolc, Hunyadi János utca 3.",S,R
10914007,BACXHUHB,UniCredit Bank Hungary Zrt.,"4400 Nyíregyháza, Dózsa György utca 1-3.",S,R
10915008,BACXHUHB,UniCredit Bank Hungary Zrt.,"6000 Kecskemét, Kisfaludy utca 8.",S,R
10916009,BACXHUHB,UniCredit Bank Hungary Zrt.,"9200 Mosonmagyaróvár, Fő utca 6.",S,R
10917000,BACXHUHB,UniCredit Bank Hungary Zrt.,"5000 Szolnok, Baross utca 27.",S,R
10918001,BACXHUHB,UniCredit Bank Hungary Zrt. Head Office,"1054 Budapest, Szabadság tér 5-6.",S,R
10919002,BACXHUHB,UniCredit Bank Hungary Zrt.,"7400 Kaposvár, Dózsa György utca 1.",S,R
10920002,BACXHUHB,UniCredit Bank Hungary Zrt.,"8200 Veszprém, Ady Endre utca 1.",S,R
10923005,BACXHUHB,UniCredit Bank Hungary Zrt.,"2800 Tatabánya, Győri út 7-9.",S,R
10924006,BACXHUHB,UniCredit Bank Hungary Zrt.,"9400 Sopron, Várkerület 1-3.",S,R
10925007,BACXHUHB,UniCredit Bank Hungary Zrt.,"7100 Szekszárd, Arany János utca 15-17.",S,R
10940000,BACXHUHB,UniCredit Bank Hungary Zrt.,"7621 Pécs, Rákóczi út 17.",S,R
10950009,BACXHUHB,UniCredit Bank Hungary Zrt.,"2040 Budaörs, Szabadság út 49.",S,R
10960008,BACXHUHB,UniCredit Bank Hungary Zrt.,"9021 Győr, Árpád út 45.",S,R
10970007,BACXHUHB,UniCredit Bank Hungary Zrt.,"8000 Székesfehérvár, Budai út 1.",S,R
10980006,BACXHUHB,UniCredit Bank Hungary Zrt.,"6722 Szeged, Kossuth Lajos sugárút 18-20.",S,R
10990005,BACXHUHB,UniCredit Bank Hungary Zrt.,"9700 Szombathely, Kőszegi utca 30-32.",S,R
11100104,CIBHHUHB,CIB Bank Zrt. Szabadság téri Fiók,"1055 Budapest, Szent István körút 15.",S,R
11100111,CIBHHUHB,CIB Bank Zrt. Szabadság tér I.,"1054 Budapest, Szabadság tér 15.",S,R
11100207,CIBHHUHB,CIB Bank Zrt. Pécs III. fiók,"7621 Pécs, Ferencesek utcája 17.",S,R
11100300,CIBHHUHB,CIB Bank Zrt. Veszprém II. fiók,"8200 Veszprém, Óváros tér 25.",S,R
11100403,CIBHHUHB,CIB Bank Zrt. Szeged III. fiók,"6720 Szeged, Széchenyi tér 2.",S,R
11100506,CIBHHUHB,CIB Bank Zrt. Békéscsaba II. fiók,"5600 Békéscsaba, Bartók Béla út 19.",S,R
11100609,CIBHHUHB,CIB Bank Zrt. Debrecen Unió fiók,"4025 Debrecen, Piac utca 1-3.",S,R
11100702,CIBHHUHB,CIB Bank Zrt. Nyíregyháza II. fiók,"4400 Nyíregyháza, Országzászló tér 7.",S,R
11100805,CIBHHUHB,CIB Bank Zrt. Szombathely II. fiók,"9700 Szombathely, Uránia udvar 4.",S,R
11100908,CIBHHUHB,CIB Bank Zrt. Pasaréti fiók,"1026 Budapest, Pasaréti út 96.",S,R
11101002,CIBHHUHB,CIB Bank Zrt. Székesfehérvár III.,"8000 Székesfehérvár, Basa utca 1.",S,R
11101105,CIBHHUHB,CIB Bank Zrt. Kecskemét II. Fiók,"6000 Kecskemét, Csányi utca 1-3.",S,R
11101208,CIBHHUHB,CIB Bank Zrt. Győr III. fiók,"9022 Győr, Czuczor Gergely utca 13.",S,R
11101301,CIBHHUHB,CIB Bank Zrt. Zugló,"1149 Budapest, Bosnyák tér 9.",S,R
11101404,CIBHHUHB,CIB Bank Zrt. Piliscsabai fiók,"2081 Piliscsaba, Kinizsi utca 1-3.",S,R
11101600,CIBHHUHB,CIB Bank Zrt. Kaposvár II. fiók,"7400 Kaposvár, Ady Endre utca 10.",S,R
11101806,CIBHHUHB,CIB Bank Zrt. Astoria,"1027 Budapest, Medve utca 4-14.",S,R
11101909,CIBHHUHB,CIB Bank Zrt. Bajcsy fiók,"1065 Budapest, Bajcsy-Zsilinszky út 5-7.",S,R
11102003,CIBHHUHB,CIB Bank Zrt. Eger II. fiók,"3300 Eger, Törvényház utca 4.",S,R
11102106,CIBHHUHB,CIB Bank Zrt. Bartók Béla úti fiók,"1111 Budapest, Bartók Béla út 10-12.",S,R
11102209,CIBHHUHB,CIB Bank Zrt. Pók utcai fiók,"1031 Budapest, Vízimolnár utca 2-4.",S,R
11102302,CIBHHUHB,CIB Bank Zrt. Szeged IV. fiók,"1027 Budapest, Medve utca 4-14.",S,R
11102405,CIBHHUHB,CIB Bank Zrt. FLP fiók,"1184 Budapest, Nefelejcs utca 9-11.",S,R
11102601,CIBHHUHB,CIB Bank Zrt. Vörösvári úti fiók,"1037 Budapest, Vörösvári út 107.",S,R
11102704,CIBHHUHB,CIB Bank Zrt. Pestszentlőrinc II.,"1184 Budapest, Üllői út 366.",S,R
11102807,CIBHHUHB,CIB Bank Zrt. Zalaegerszeg II.,"8900 Zalaegerszeg, Kossuth Lajos utca 34.",S,R
11102900,CIBHHUHB,CIB Bank Zrt. Tatabánya II. fiók,"2800 Tatabánya, Fő tér 10.",S,R
11103004,CIBHHUHB,CIB Bank Zrt. Mátyásföld II. fiók,"1027 Budapest, Medve utca 4-14.",S,R
11103107,CIBHHUHB,CIB Bank Zrt. Népfürdő utcai fiók,"1138 Budapest, Népfürdő utca 5.",S,R
11103200,CIBHHUHB,CIB Bank Zrt. Szekszárd II. fiók,"1027 Budapest, Medve utca 4-14.",S,R
11103303,CIBHHUHB,CIB Bank Budaörsi fiók,"2040 Budaörs, Szabadság út 93.",S,R
11103406,CIBHHUHB,CIB Bank Zrt. Böszörményi úti fiók,"1126 Budapest, Böszörményi út 20-22.",S,R
11103509,CIBHHUHB,CIB Bank Zrt. Gödöllő II. fiók,"2100 Gödöllő, Kossuth Lajos utca 3.",S,R
11103602,CIBHHUHB,CIB Bank Zrt. Debrecen IV. fiók,"1027 Budapest, Medve utca 4-14.",S,R
11103705,CIBHHUHB,CIB Bank Zrt. Belvárosi fiók,"1027 Budapest, Medve utca 4-14.",S,R
11103808,CIBHHUHB,CIB Bank Zrt. Érd II. fiók,"2030 Érd, Balatoni út 46.",S,R
11103901,CIBHHUHB,CIB Bank Zrt. Miskolc III. fiók,"1027 Budapest, Medve utca 4-14.",S,R
11104005,CIBHHUHB,CIB Bank Zrt. Ferenc körúti fiók,"1094 Budapest, Ferenc körút 15.",S,R
11109804,CIBHHUHB,CIB Szabadság tér II.,"1054 Budapest, Szabadság tér 15.",S,R
11109907,CIBHHUHB,CIB Szabadság tér III.,"1054 Budapest, Szabadság tér 15.",S,R
11500016,TAKBHUHB,MBH Befektetési Bank Zrt.  Központ,"1117 Budapest, Magyar Tukörútja 9. Infopark G.ép.",S,R
11500092,TAKBHUHB,MBH Befektetési Bank Zrt.,"1117 Budapest, Magyar Tukörútja 9. Infopark G.ép.",S,R
11500102,TAKBHUHB,MBH Befektetési Bank Zrt.,"1117 Budapest, Magyar Tukörútja 9. Infopark G.ép.",S,R
11500119,TAKBHUHB,MBH Befektetési Bank Zrt.,"1117 Budapest, Magyar Tukörútja 9. Infopark G.ép.",S,R
11500126,TAKBHUHB,MBH Befektetési Bank Zrt.,"1117 Budapest, Magyar Tukörútja 9. Infopark G.ép.",S,R
11500140,TAKBHUHB,MBH Befektetési Bank Zrt.,"1117 Budapest, Magyar Tukörútja 9. Infopark G.ép.",S,R
11500164,TAKBHUHB,MBH Befektetési Bank Zrt.,"1117 Budapest, Magyar Tukörútja 9. Infopark G.ép.",S,R
11500308,TAKBHUHB,MBH Befektetési Bank Zrt.,"1117 Budapest, Magyar Tukörútja 9. Infopark G.ép.",S,R
11500401,TAKBHUHB,MBH Befektetési Bank Zrt.,"1117 Budapest, Magyar Tukörútja 9. Infopark G.ép.",S,R
11500504,TAKBHUHB,MBH Befektetési Bank Zrt.,"1117 Budapest, Magyar Tukörútja 9. Infopark G.ép.",S,R
11500607,TAKBHUHB,MBH Befektetési Bank Zrt.,"1117 Budapest, Magyar Tukörútja 9. Infopark G.ép.",S,R
11500700,TAKBHUHB,MBH Befektetési Bank Zrt.,"1117 Budapest, Magyar Tukörútja 9. Infopark G.ép.",S,R
11500803,TAKBHUHB,MBH Befektetési Bank Zrt.,"1117 Budapest, Magyar Tukörútja 9. Infopark G.ép.",S,R
11500906,TAKBHUHB,MBH Befektetési Bank Zrt.,"1117 Budapest, Magyar Tukörútja 9. Infopark G.ép.",S,R
11501000,TAKBHUHB,MBH Befektetési Bank Zrt.,"1117 Budapest, Magyar Tukörútja 9. Infopark G.ép.",S,R
11501402,TAKBHUHB,MBH Befektetési Bank Zrt.,"1117 Budapest, Magyar Tukörútja 9. Infopark G.ép.",S,R
11501505,TAKBHUHB,MBH Befektetési Bank Zrt.,"1117 Budapest, Magyar Tukörútja 9. Infopark G.ép.",S,R
11501701,TAKBHUHB,MBH Befektetési Bank Zrt.,"1117 Budapest, Magyar Tukörútja 9. Infopark G.ép.",S,R
11501907,TAKBHUHB,MBH Befektetési Bank Zrt.,"1117 Budapest, Magyar Tukörútja 9. Infopark G.ép.",S,R
11600006,GIBAHUHB,Erste Bank Zrt.,"1138 Budapest, Népfürdő utca 24-26.",S,R
11601007,GIBAHUHB,Erste Bank Zrt.,"1138 Budapest, Népfürdő utca 24-26.",S,R
11602008,GIBAHUHB,Erste Bank Zrt.,"1138 Budapest, Népfürdő utca 24-26.",S,R
11603009,GIBAHUHB,Erste Bank Zrt.,"1138 Budapest, Népfürdő utca 24-26.",S,R
11604000,GIBAHUHB,Erste Bank Zrt.,"1138 Budapest, Népfürdő utca 24-26.",S,R
11605001,GIBAHUHB,Erste Bank Zrt.,"1138 Budapest, Népfürdő utca 24-26.",S,R
11606002,GIBAHUHB,Erste Bank Zrt.,"1138 Budapest, Népfürdő utca 24-26.",S,R
11607003,GIBAHUHB,Erste Bank Zrt.,"1138 Budapest, Népfürdő utca 24-26.",S,R
11608004,GIBAHUHB,Erste Bank Zrt.,"1138 Budapest, Népfürdő utca 24-26.",S,R
11609005,GIBAHUHB,Erste Bank Zrt.,"1138 Budapest, Népfürdő utca 24-26.",S,R
11610005,GIBAHUHB,Erste Bank Zrt.,"1138 Budapest, Népfürdő utca 24-26.",S,R
11611006,GIBAHUHB,Erste Bank Zrt.,"1138 Budapest, Népfürdő utca 24-26.",S,R
11612007,GIBAHUHB,Erste Bank Zrt.,"1138 Budapest, Népfürdő utca 24-26.",S,R
11613008,GIBAHUHB,Erste Bank Zrt.,"1138 Budapest, Népfürdő utca 24-26.",S,R
11614009,GIBAHUHB,Erste Bank Zrt.,"1138 Budapest, Népfürdő utca 24-26.",S,R
11615000,GIBAHUHB,Erste Bank Zrt.,"1138 Budapest, Népfürdő utca 24-26.",S,R
11616001,GIBAHUHB,Erste Bank Zrt.,"1138 Budapest, Népfürdő utca 24-26.",S,R
11617002,GIBAHUHB,Erste Bank Zrt.,"1138 Budapest, Népfürdő utca 24-26.",S,R
11618003,GIBAHUHB,Erste Bank Zrt.,"1138 Budapest, Népfürdő utca 24-26.",S,R
11619004,GIBAHUHB,Erste Bank Zrt.,"1138 Budapest, Népfürdő utca 24-26.",S,R
11620004,GIBAHUHB,Erste Bank Zrt.,"1138 Budapest, Népfürdő utca 24-26.",S,R
11621005,GIBAHUHB,Erste Bank Zrt.,"1138 Budapest, Népfürdő utca 24-26.",S,R
11623007,GIBAHUHB,Erste Bank Zrt.,"1138 Budapest, Népfürdő utca 24-26.",S,R
11625009,GIBAHUHB,Erste Bank Zrt.,"1138 Budapest, Népfürdő utca 24-26.",S,R
11626000,GIBAHUHB,Erste Bank Zrt.,"1138 Budapest, Népfürdő utca 24-26.",S,R
11629003,GIBAHUHB,Erste Bank Zrt.,"1138 Budapest, Népfürdő utca 24-26.",S,R
11630003,GIBAHUHB,Erste Bank Zrt.,"1138 Budapest, Népfürdő utca 24-26.",S,R
11632005,GIBAHUHB,Erste Bank Zrt.,"1138 Budapest, Népfürdő utca 24-26.",S,R
11633006,GIBAHUHB,Erste Bank Zrt.,"1138 Budapest, Népfürdő utca 24-26.",S,R
11634007,GIBAHUHB,Erste Bank Zrt.,"1138 Budapest, Népfürdő utca 24-26.",S,R
11636009,GIBAHUHB,Erste Bank Zrt.,"1138 Budapest, Népfürdő utca 24-26.",S,R
11637000,GIBAHUHB,Erste Bank Zrt.,"1138 Budapest, Népfürdő utca 24-26.",S,R
11638001,GIBAHUHB,Erste Bank Zrt.,"1138 Budapest, Népfürdő utca 24-26.",S,R
11639002,GIBAHUHB,Erste Bank Zrt.,"1138 Budapest, Népfürdő utca 24-26.",S,R
11640002,GIBAHUHB,Erste Bank Zrt.,"1138 Budapest, Népfürdő utca 24-26.",S,R
11641003,GIBAHUHB,Erste Bank Zrt.,"1138 Budapest, Népfürdő utca 24-26.",S,R
11644006,GIBAHUHB,Erste Bank Zrt.,"1138 Budapest, Népfürdő utca 24-26.",S,R
11645007,GIBAHUHB,Erste Bank Zrt.,"1138 Budapest, Népfürdő utca 24-26.",S,R
11648000,GIBAHUHB,Erste Bank Zrt.,"1138 Budapest, Népfürdő utca 24-26.",S,R
11649001,GIBAHUHB,Erste Bank Zrt.,"1138 Budapest, Népfürdő utca 24-26.",S,R
11650001,GIBAHUHB,Erste Bank Zrt.,"1138 Budapest, Népfürdő utca 24-26.",S,R
11651002,GIBAHUHB,Erste Bank Zrt.,"1138 Budapest, Népfürdő utca 24-26.",S,R
11652003,GIBAHUHB,Erste Bank Zrt.,"1138 Budapest, Népfürdő utca 24-26.",S,R
11654005,GIBAHUHB,Erste Bank Zrt.,"1138 Budapest, Népfürdő utca 24-26.",S,R
11655006,GIBAHUHB,Erste Bank Zrt.,"1138 Budapest, Népfürdő utca 24-26.",S,R
11656007,GIBAHUHB,Erste Bank Zrt.,"1138 Budapest, Népfürdő utca 24-26.",S,R
11657008,GIBAHUHB,Erste Bank Zrt.,"1138 Budapest, Népfürdő utca 24-26.",S,R
11659000,GIBAHUHB,Erste Bank Zrt.,"1138 Budapest, Népfürdő utca 24-26.",S,R
11660000,GIBAHUHB,Erste Bank Zrt.,"1138 Budapest, Népfürdő utca 24-26.",S,R
11661001,GIBAHUHB,Erste Bank Zrt.,"1138 Budapest, Népfürdő utca 24-26.",S,R
11665005,GIBAHUHB,Erste Bank Zrt.,"1138 Budapest, Népfürdő utca 24-26.",S,R
11667007,GIBAHUHB,Erste Bank Zrt.,"1138 Budapest, Népfürdő utca 24-26.",S,R
11668008,GIBAHUHB,Erste Bank Zrt.,"1138 Budapest, Népfürdő utca 24-26.",S,R
11669009,GIBAHUHB,Erste Bank Zrt.,"1138 Budapest, Népfürdő utca 24-26.",S,R
11670009,GIBAHUHB,Erste Bank Zrt.,"1138 Budapest, Népfürdő utca 24-26.",S,R
11671000,GIBAHUHB,Erste Bank Zrt.,"1138 Budapest, Népfürdő utca 24-26.",S,R
11673002,GIBAHUHB,Erste Bank Zrt.,"1138 Budapest, Népfürdő utca 24-26.",S,R
11674003,GIBAHUHB,Erste Bank Zrt.,"1138 Budapest, Népfürdő utca 24-26.",S,R
11675004,GIBAHUHB,Erste Bank Zrt.,"1138 Budapest, Népfürdő utca 24-26.",S,R
11676005,GIBAHUHB,Erste Bank Zrt.,"1138 Budapest, Népfürdő utca 24-26.",S,R
11684002,GIBAHUHB,Erste Bank Zrt.,"1138 Budapest, Népfürdő utca 24-26.",S,R
11699006,GIBAHUHB,Erste Bank Zrt.,"1138 Budapest, Népfürdő utca 24-26.",S,R
11701004,OTPVHUHB,"OTP Budapesti r., I. Iskola u.","1011 Budapest, Iskola utca 38-42.",S,R
11701011,OTPVHUHB,"OTP Budapesti r., I. Iskola u.","1011 Budapest, Iskola utca 38-42.",S,R
11702005,OTPVHUHB,"OTP Budapesti r., II. Széna tér","1015 Budapest, Széna tér 7.",S,R
11702012,OTPVHUHB,"OTP Budapesti r., II. Széna tér","1015 Budapest, Széna tér 7.",S,R
11702036,OTPVHUHB,"OTP Budapesti r., II. Margit körút","1027 Budapest, Margit körút 8-10.",S,R
11702043,OTPVHUHB,"OTP Budapesti r., II. Fény u","1024 Budapest, Fény utca 11-13.",S,R
11702067,OTPVHUHB,"OTP Budapesti r., II. Törökvész u.","1025 Budapest, Törökvész út 1.",S,R
11702074,OTPVHUHB,"OTP Budapesti r., II. Budagyöngye bevk.","1025 Budapest, Törökvész út 1/a.",S,R
11702081,OTPVHUHB,"OTP Budapesti r., II. STOP-SHOP bevk","1021 Budapest, Hűvösvölgyi út 138.",S,R
11703006,OTPVHUHB,"OTP Budapesti r., III. Flórián tér","1033 Budapest, Flórián tér 15.",S,R
11703013,OTPVHUHB,"OTP Budapesti r., III. Flórián tér","1033 Budapest, Flórián tér 15.",S,R
11703020,OTPVHUHB,"OTP Budapesti r., III. Szépvölgyi út","1025 Budapest, Szépvölgyi út 4/B",S,R
11703037,OTPVHUHB,"OTP Budapesti r., III. Heltai J. tér","1039 Budapest, Heltai Jenő tér 9.",S,R
11703044,OTPVHUHB,"OTP Budapesti r., III. GOBUDA bev.közp.","1032 Budapest, Bécsi út 154.",S,R
11703051,OTPVHUHB,"OTP Budapesti r., III. Auchan bevk.","1033 Budapest, Szentendrei út 115.",S,R
11703068,OTPVHUHB,"OTP Budapesti r., III. Bécsi út","1032 Budapest, Bécsi út 154.",S,R
11704007,OTPVHUHB,"OTP Budapesti r., IV. Erzsébet u.","1045 Budapest, Árpád út 183-185.",S,R
11704014,OTPVHUHB,"OTP Budapesti r., IV. Kordován tér","1041 Budapest, Erzsébet utca 50.",S,R
11704021,OTPVHUHB,"OTP Budapesti r., IV. Árpád út","1042 Budapest, Árpád út 63-65.",S,R
11705008,OTPVHUHB,"OTP Budapesti r., V. Deák F. u.","1052 Budapest, Deák Ferenc utca 7-9.",S,R
11705015,OTPVHUHB,"OTP Budapesti r., V. Deák F. u.","1052 Budapest, Deák Ferenc utca 7-9.",S,R
11705022,OTPVHUHB,"OTP Budapesti r., V. Szent István krt.","1055 Budapest, Szent István körút 1.",S,R
11705039,OTPVHUHB,"OTP Budapesti r., V. Ferenciek tere","1053 Budapest, Ferenciek tere 11.",S,R
11705060,OTPVHUHB,"OTP Budapesti r., V. Deák F. u.","1052 Budapest, Deák Ferenc utca 7-9.",S,R
11705084,OTPVHUHB,"OTP Budapesti r., V. Nádor u.","1051 Budapest, Nádor utca 16.",S,R
11705118,OTPVHUHB,"OTP Budapesti r., V. Nádor u.","1051 Budapest, Nádor utca 6.",S,R
11705998,OTPVHUHB,OTP Bank Nyrt.,"1051 Budapest, Nádor utca 16.",S,R
11706009,OTPVHUHB,"OTP Budapesti r., VII. Andrássy út","1075 Budapest, Károly körút 25.",S,R
11706016,OTPVHUHB,"OTP Budapesti r., VI. Andrássy út","1061 Budapest, Andrássy út 6.",S,R
11706023,OTPVHUHB,"OTP Budapesti r., VII. Károly krt.","1075 Budapest, Károly körút 25.",S,R
11706030,OTPVHUHB,OTP Partner Centrum 2.,"1061 Budapest, Andrássy út 6.",S,R
11706047,OTPVHUHB,"OTP Budapesti r., VI. Teréz körút","1067 Budapest, Oktogon 3.",S,R
11706061,OTPVHUHB,"OTP Budapesti r., VI. Képviselőház","1055 Budapest, Széchenyi rakpart 19.",,
11706078,OTPVHUHB,"OTP Budapesti r., VII. Károly krt.","1075 Budapest, Károly körút 25.",S,R
11707000,OTPVHUHB,"OTP Budapesti r., VI. Oktogon tér","1067 Budapest, Oktogon 3.",S,R
11707024,OTPVHUHB,"OTP Budapesti r., VII. Király u.","1077 Budapest, Király utca 49.",S,R
11707031,OTPVHUHB,"OTP Budapesti r., VI. Oktogon tér","1066 Budapest, Oktogon tér 3.",S,R
11707055,OTPVHUHB,"OTP Budapesti r., VII. Károly krt.","1075 Budapest, Károly körút 25.",S,R
11707062,OTPVHUHB,"OTP BPR, VII. Károly krt.","1085 Budapest, Kálvin tér 12-13.",S,R
11707079,OTPVHUHB,"OTP Budapesti r., VII. Thököly út","1076 Budapest, Thököly út 4/B",S,R
11707093,OTPVHUHB,"OTP Budapesti r., VII. Erzsébet körút","1073 Budapest, Erzsébet körút 41.",S,R
11707103,OTPVHUHB,"OTP Bank Budapesti r., VII. Thököly út","1076 Budapest, Thököly út 4.",S,R
11707110,OTPVHUHB,"OTP Budapesti r., VII. Károly krt.","1075 Budapest, Károly körút 25.",S,R
11708001,OTPVHUHB,"OTP Budapesti r., VIII. József krt.","1085 Budapest, József körút 33.",S,R
11708025,OTPVHUHB,"OTP Budapesti r., VIII. József krt.","1085 Budapest, József körút 36.",S,R
11708049,OTPVHUHB,"OTP Budapesti r., VIII. József krt.","1085 Budapest, József körút 33.",S,R
11708070,OTPVHUHB,"OTP Budapesti r., VIII. József krt.","1085 Budapest, József körút 33.",S,R
11708087,OTPVHUHB,"OTP Budapesti r., Aréna Plaza","1076 Budapest, Thököly út 4.",S,R
11708094,OTPVHUHB,OTP Kínai Kísérleti Képviseleti Iroda,"1087 Budapest, Könyves Kálmán körút 76/1.",S,R
11708104,OTPVHUHB,"OTP Budapesti r., VIII. Népszínház u.","1081 Budapest, Népszínház utca 3-5.",S,R
11708111,OTPVHUHB,OTP Partner Centrum 3.,"1087 Budapest, Kerepesi út 9.",S,R
11709002,OTPVHUHB,"OTP Budapesti r., VIII.Futó u.-Corvin P.","1082 Budapest, Futó utca 37-45.",S,R
11709019,OTPVHUHB,"OTP Budapesti r., XIX. Shopmark bevk.","1191 Budapest, Üllői út 201.",S,R
11709026,OTPVHUHB,"OTP Budapesti r., IX. Ferenc krt.","1094 Budapest, Ferenc körút 13.",S,R
11709040,OTPVHUHB,"OTP Budapesti r., VIII. József krt.","1085 Budapest, Futó utca 37-45.",S,R
11709057,OTPVHUHB,"OTP Budapest régió, VIII. Kálvin tér","1085 Budapest, Kálvin tér 12-13.",S,R
11709088,OTPVHUHB,"OTP Budapesti r., IX. Lurdy üzletház","1097 Budapest, Könyves Kálmán körút 12-14.",S,R
11709095,OTPVHUHB,"OTP Budapesti r., IX. Haller-kert","1083 Budapest, Futó utca 35-45.",S,R
11710002,OTPVHUHB,"OTP Budapesti r., X. Kőrösi Csoma sétány","1102 Budapest, Kőrösi Csoma Sándor út 6.",S,R
11710019,OTPVHUHB,"OTP Budapesti r., X. Kőrösi Csoma sétány","1102 Budapest, Kőrösi Csoma Sándor út 6.",S,R
11710026,OTPVHUHB,"OTP Budapesti r., Family Center ük.","1103 Budapest, Sibrik Miklós út 30.",S,R
11710088,OTPVHUHB,"OTP Budapesti r., X. Árkád üzletk.","1106 Budapest, Örs vezér tere 25.",S,R
11710095,OTPVHUHB,"OTP Budapesti r., Árkád - Innovációs f.","1106 Budapest, Örs vezér tere 25/A 1. EM.",S,R
11710851,OTPVHUHB,"OTP Budapesti r., X. Kőrösi Csoma sétány","1102 Budapest, Kőrösi Csoma Sándor út 6.",S,R
11711003,OTPVHUHB,"OTP Budapesti r., XI. Bartók B. út","1115 Budapest, Bartók Béla út 92-94.",S,R
11711010,OTPVHUHB,"OTP Budapesti r., XI. Móricz Zs. körtér","1111 Budapest, Móricz Zsigmond körtér 18.",S,R
11711027,OTPVHUHB,"OTP Budapesti r., XI. Bartók B. út","1115 Budapest, Bartók Béla út 92-94.",S,R
11711034,OTPVHUHB,"OTP Budapesti r., XI. Karinthy F. u.","1111 Budapest, Karinthy Frigyes út 16.",S,R
11711041,OTPVHUHB,"OTP Budapesti r., XI. Karinthy F. út","1111 Budapest, Karinthy Frigyes út 16.",S,R
11711058,OTPVHUHB,"OTP Budapesti r., XI. Bartók B. út","1115 Budapest, Bartók Béla út 92-94.",S,R
11711065,OTPVHUHB,"OTP Budapesti r., Rétköz u.","1118 Budapest, Rétköz utca 5.",S,R
11711089,OTPVHUHB,"OTP Budapesti r., XI. Karinthy F út","1111 Budapest, Karinthy Frigyes út 16.",S,R
11711096,OTPVHUHB,OTP Budai Régió Savoya-Auchan fiók,"1117 Budapest, Hunyadi János út 19.",S,R
11711106,OTPVHUHB,OTP Budapesti r. Allee Bevásárlóközpont,"1117 Budapest, Október huszonharmadika utca 8-10.",S,R
11711113,OTPVHUHB,OTP Budapesti r. Etele Pláza,"1119 Budapest, Hadak útja 1.",S,R
11711711,OTPVHUHB,"OTP Budapesti r., XI. Speciális Fiók","1052 Budapest, Deák Ferenc utca 7-9.",S,R
11712004,OTPVHUHB,"OTP Budapesti r., XII. Böszörményi út","1126 Budapest, Böszörményi út 9-11.",S,R
11712059,OTPVHUHB,"OTP Budapesti r., Alkotás utca","1123 Budapest, Alkotás utca 53.",S,R
11712066,OTPVHUHB,"OTP Budapesti r., XII. Hertelendi u.","1126 Budapest, Böszörményi út 9-11.",S,R
11712073,OTPVHUHB,"OTP Budapesti r., XII. Jagelló út","1124 Budapest, Jagelló út 20/A",S,R
11713005,OTPVHUHB,"OTP Budapesti r., XIII. Nyugati tér","1055 Budapest, Nyugati tér 9.",S,R
11713012,OTPVHUHB,"OTP Budapesti r., XIII. Nyugati tér","1055 Budapest, Nyugati tér 9.",S,R
11713029,OTPVHUHB,"OTP Budapesti r., XIII. Tátra u.","1136 Budapest, Tátra utca 10.",S,R
11713036,OTPVHUHB,"OTP Budapesti r., XIII. Pozsonyi út","1055 Budapest, Szent István körút 1/a.",S,R
11713081,OTPVHUHB,"OTP Budapesti r., XIII. West End","1062 Budapest, Váci út 1-3.",S,R
11713177,OTPVHUHB,"OTP Budapesti r., XIII. Váci út","1138 Budapest, Váci út 135-139.",S,R
11713184,OTPVHUHB,"OTP Budapesti r., XIII. Váci út","1133 Budapest, Váci út 80.",S,R
11713191,OTPVHUHB,"OTP Budapesti r., XIII. Váci út","1134 Budapest, Váci út 23-27.",S,R
11713201,OTPVHUHB,"OTP Budapesti r., XIII. Lehel Csarnok","1134 Budapest, Váci út 17.",S,R
11713218,OTPVHUHB,"OTP Budapesti r., Central Park","1135 Budapest, Lehel utca 70-76.",S,R
11713225,OTPVHUHB,OTP Partner Centrum,"1138 Budapest, Váci út 135-139.",S,R
11713232,OTPVHUHB,OTP BPR Privát Banki Főosztály,"1138 Budapest, Babér utca 9.",S,R
11713249,OTPVHUHB,"OTP BPR 1131 Budapest, Babér utca 1-5.","1131 Budapest, Babér utca 1-5.",S,R
11713500,OTPVHUHB,OTP BPR Ingatlanhit.feld. és döntésh.K. ,"1138 Budapest, Váci út 135-139.",S,R
11713603,OTPVHUHB,"OTP Budapesti r.,BPR MFB Feld.Közp.","1131 Budapest, Babér utca 7.",S,R
11714006,OTPVHUHB,"OTP Budapesti r., XIV. Nagy L. kir.","1147 Budapest, Csömöri út 13-19.",S,R
11714013,OTPVHUHB,"OTP Budapesti r., XIV. Fogarasi út","1143 Budapest, Hungária  krt. 17-19.",S,R
11714020,OTPVHUHB,"OTP Budapesti r., XIV. Nagy L. kir.","1148 Budapest, Nagy Lajos király útja 19-21.",S,R
11714044,OTPVHUHB,OTP Budapesti r. XIV. Bosnyák tér,"1147 Budapest, Csömöri út 13-19.",S,R
11714051,OTPVHUHB,"OTP Budapesti r., XIV. Thököly út","1146 Budapest, Thököly út 102/B",S,R
11714068,OTPVHUHB,"OTP Budapesti r., XIV. BNV","1101 Budapest, Albertirsai út 10.",,
11714082,OTPVHUHB,"OTP Budapesti r., Hungária krt.","1143 Budapest, Hungária körút 17-19.",S,R
11715007,OTPVHUHB,"OTP Budapesti r., XV. Pólus Center","1152 Budapest, Szentmihályi út 131.",S,R
11715014,OTPVHUHB,OTP Budapesti r. XV. Pólus Center,"1152 Budapest, Szentmihályi út 131.",S,R
11715021,OTPVHUHB,"OTP Budapesti r., XV. Zsókavár u.","1152 Budapest, Szentmihályi út 131.",S,R
11715038,OTPVHUHB,"OTP Budapesti r., XV. Pólus Center","1152 Budapest, Szentmihályi út 131.",S,R
11716008,OTPVHUHB,"OTP Budapesti r., XVI. Jókai u.","1163 Budapest, Jókai Mór utca 3/B",S,R
11716015,OTPVHUHB,"OTP Budapesti r., XVI. Jókai u.","1163 Budapest, Jókai Mór utca 3/B.",S,R
11717009,OTPVHUHB,"OTP Budapesti r., XVII. Ferihegyi út","1173 Budapest, Ferihegyi út 93.",S,R
11717016,OTPVHUHB,"OTP Budapesti r., XVII. Tesco hiperm.","1173 Budapest, Pesti út 5-7.",S,R
11718000,OTPVHUHB,"OTP Budapesti r., XVIII. Üllői út","1181 Budapest, Üllői út 377.",S,R
11718017,OTPVHUHB,"OTP Budapesti r., XIX. Csokonai u.","1193 Budapest, Csokonai utca 3.",S,R
11718024,OTPVHUHB,"OTP Budapesti r., XVIII. Vasút u.","1239 Budapest, Bevásárló utca 2.",S,R
11718031,OTPVHUHB,"OTP Budapesti r., Market C. Ferihegy","2220 Vecsés, Fő út 246-248.",,
11718048,OTPVHUHB,OTP Budapesti r. XVIII. Üllői út,"1181 Budapest, Üllői út 377.",S,R
11719001,OTPVHUHB,"OTP Budapesti r., XIX. Üllői út","1195 Budapest, Üllői út 285.",S,R
11719018,OTPVHUHB,"OTP Budapesti r., XIX. Csokonai u.","1181 Budapest, Üllői út 377.",S,R
11719025,OTPVHUHB,"OTP Budapesti r.,KÖKI bev.közp.","1191 Budapest, Vak Bottyán utca 75. A-C.",S,R
11719032,OTPVHUHB,"OTP Budapesti r., XIX. Europark Bev.K.","1191 Budapest, Üllői út 201.",S,R
11720001,OTPVHUHB,"OTP Budapesti r., XX. Kossuth L. u.","1204 Budapest, Kossuth Lajos utca 44-46.",S,R
11720018,OTPVHUHB,"OTP Budapesti r., XX. Grassalkovich u.","1238 Budapest, Grassalkovich út 160.",S,R
11720025,OTPVHUHB,"OTP BPR, XX. Bíró Mihály u.","1204 Budapest, Kossuth Lajos utca 44-46.",S,R
11720032,OTPVHUHB,OTP 10. sz vámhivatal XX. ker.,"1237 Budapest, Nagykőrösi út 353.",,
11720049,OTPVHUHB,"OTP Budapesti r., XX. Auchan bevk.","1239 Budapest, Bevásárló utca 2-6.",S,R
11720056,OTPVHUHB,"OTP Budapesti r., XX. Közp. Áruhitelezés","1204 Budapest, Kossuth Lajos utca 84.",,
11720850,OTPVHUHB,"OTP Budapesti r., XX. Kossuth L. u.","1204 Budapest, Kossuth Lajos utca 44-46.",S,R
11721002,OTPVHUHB,"OTP Budapesti r., XXI. Kossuth L. u.","1211 Budapest, Kossuth Lajos utca 86.",S,R
11721019,OTPVHUHB,"OTP Budapesti r., XXI. Kossuth L. u.","1211 Budapest, Kossuth Lajos utca 99.",S,R
11721026,OTPVHUHB,"OTP Budapesti r., XXI. Kossuth L. u.","1211 Budapest, Kossuth Lajos utca 99.",S,R
11721033,OTPVHUHB,"OTP Budapesti r., XXI. Kossuth L. u.","1211 Budapest, Kossuth Lajos utca 99.",S,R
11722003,OTPVHUHB,"OTP Budapesti r., XXII. Kossuth L. u.","1221 Budapest, Kossuth Lajos utca 31.",S,R
11722010,OTPVHUHB,"OTP Budapesti r., XXII. Campona bevk.","1223 Budapest, Nagytétényi út 37-45.",S,R
11731001,OTPVHUHB,"OTP Dél-dunántúli r., Pécs","7623 Pécs, Rákóczi út 44.",S,R
11731018,OTPVHUHB,"OTP Dél-dunántúli r., Pécs","7621 Pécs, Rákóczi út 44.",S,R
11731025,OTPVHUHB,"OTP Dél-dunántúli r., Pécs-Kertváros","7632 Pécs, Diána tér 14.",S,R
11731032,OTPVHUHB,"OTP Dél-dunántúli r., Pécs-Meszes","7629 Pécs, Komját Aladár utca 2.",S,R
11731049,OTPVHUHB,"OTP Dél-dunántúli r., Pécs","7624 Pécs, Budai Nagy Antal utca 1.",S,R
11731056,OTPVHUHB,"OTP Dél-dunántúli r., Pécs-Újmecsekalja","7633 Pécs, Ybl Miklós utca 7/3.",S,R
11731063,OTPVHUHB,"OTP Dél-dunántúli r., Komló","7300 Komló, Kossuth Lajos utca 95/1.",S,R
11731070,OTPVHUHB,"OTP Dél-dunántúli r., Mohács","7700 Mohács, Széchenyi tér 1.",S,R
11731087,OTPVHUHB,"OTP Dél-dunántúli r., Siklós","7800 Siklós, Felszabadulás utca 60-62.",S,R
11731094,OTPVHUHB,"OTP Dél-dunántúli r., Szigetvár","7900 Szigetvár, Vár utca 4.",S,R
11731104,OTPVHUHB,"OTP DDR, Pécsvárad","7621 Pécs, Rákóczi út 44.",S,R
11731111,OTPVHUHB,"OTP Dél-dunántúli r., Sásd","7200 Dombóvár, Dombó Pál utca 3.",S,R
11731128,OTPVHUHB,"OTP Dél-dunántúli r., Sellye","7960 Sellye, Köztársaság tér 4.",S,R
11731135,OTPVHUHB,"OTP Dél-dunántúli r., Szentlőrinc","7940 Szentlőrinc, Munkácsy Mihály utca 16.",S,R
11731142,OTPVHUHB,"OTP Dél-dunántúli r., Villány","7773 Villány, Baross Gábor utca 36.",S,R
11731159,OTPVHUHB,"OTP Dél-dunántúli r., Pécs-Király","7621 Pécs, Király utca 11.",S,R
11731180,OTPVHUHB,"OTP Dél-dunántúli r., Bóly","7754 Bóly, Hősök tere 8/B",S,R
11731207,OTPVHUHB,OTP Dél-dunántúli r. Pécsi P.C.,"7624 Pécs, Budai Nagy Antal utca 1.",S,R
11731214,OTPVHUHB,OTP DDR Vállalati Számlavezetési Központ,"7621 Pécs, Rákóczi út 1.",S,R
11731221,OTPVHUHB,OTP DDR Pécs Cashless Fiók,"7622 Pécs, Bajcsy Zsilinszky utca 11/1.",S,R
11731609,OTPVHUHB,"OTP Dél-dunántúli r., DDR MFB Feld.Közp.","7100 Szekszárd, Szent István tér 5-7.",S,R
11732002,OTPVHUHB,"OTP Dél-alföldi r., Kecskemét","6000 Kecskemét, Korona utca 2.",S,R
11732019,OTPVHUHB,"OTP Dél-alföldi r., Kecskemét","6000 Kecskemét, Szabadság tér 5.",S,R
11732026,OTPVHUHB,"OTP Dél-alföldi r., Kecskemét","6000 Kecskemét, Petőfi Sándor utca 16.",S,R
11732033,OTPVHUHB,"OTP Dél-alföldi r., Baja","6500 Baja, Deák Ferenc utca 1.",S,R
11732040,OTPVHUHB,"OTP Dél-alföldi r., Kalocsa","6300 Kalocsa, Szent István király út 43-45.",S,R
11732057,OTPVHUHB,"OTP Dél-alföldi r., Kiskőrös","6200 Kiskőrös, Petőfi Sándor tér 13.",S,R
11732064,OTPVHUHB,"OTP Dél-alföldi r., Kiskunhalas","6400 Kiskunhalas, Sétáló utca 7.",S,R
11732071,OTPVHUHB,"OTP Dél-alföldi r., Kiskunfélegyháza","6100 Kiskunfélegyháza, Petőfi tér 1.",S,R
11732088,OTPVHUHB,"OTP Dél-alföldi r., Bácsalmás","6430 Bácsalmás, Szent János utca 30-32.",S,R
11732095,OTPVHUHB,"OTP Dél-alföldi r., Kecel","6237 Kecel, Császártöltési utca 1.",S,R
11732105,OTPVHUHB,"OTP DAR, Dunavecse","6230 Solt, Kossuth L. utca 48-50.",S,R
11732112,OTPVHUHB,"OTP DAR, Izsák","6000 Kecskemét, Korona utca 2.",S,R
11732129,OTPVHUHB,"OTP Dél-alföldi r., Jánoshalma","6440 Jánoshalma, Rákóczi Ferenc utca 10.",S,R
11732136,OTPVHUHB,"OTP Dél-alföldi r., Kecel","6237 Kecel, Császártöltési utca 1.",S,R
11732143,OTPVHUHB,"OTP Dél-alföldi r., Kiskunmajsa","6120 Kiskunmajsa, Csendes köz 1.",S,R
11732150,OTPVHUHB,"OTP Dél-alföldi r., Kunszentmiklós","6090 Kunszentmiklós, Kálvin tér 11.",S,R
11732167,OTPVHUHB,"OTP Dél-alföldi r., Lajosmizse","6050 Lajosmizse, Dózsa György út 102/A",S,R
11732174,OTPVHUHB,OTP DAR Mélykút,"6449 Mélykút, Petőfi tér 18.",S,R
11732181,OTPVHUHB,"OTP Dél-alföldi r., Soltvadkert","6230 Soltvadkert, Szentháromság utca 2.",S,R
11732198,OTPVHUHB,"OTP Dél-alföldi r., Kunszentmiklós","6090 Kunszentmiklós, Kálvin tér 11.",S,R
11732208,OTPVHUHB,"OTP Dél-alföldi r., Tiszakécske","6060 Tiszakécske, Béke tér 6.",S,R
11732215,OTPVHUHB,"OTP Dél-alföldi r., Kiskunfélegyháza","6100 Kiskunfélegyháza, Petőfi tér 6-7.",,
11732222,OTPVHUHB,"OTP Dél-alföldi r., Kecskemét","6000 Kecskemét, Szabadság tér 5.",,
11732239,OTPVHUHB,"OTP Dél-alföldi r., Kecskemét Pólus Róna","6000 Kecskemét, Dunaföldvári út 2.",S,R
11732246,OTPVHUHB,OTP Dél-alföldi r. Kecskeméti P.C.,"6000 Kecskemét, Szabadság tér 5.",S,R
11732301,OTPVHUHB,"OTP Dél-alföldi r., Solt","6320 Solt, Kossuth Lajos utca 48-50.",S,R
11732318,OTPVHUHB,"OTP Dél-alföldi r., Kecskemét","6000 Kecskemét, Szabadság tér 5.",S,R
11732325,OTPVHUHB,"OTP Dél-alföldi r., Kecskemét","6000 Kecskemét, Szabadság tér 5.",,
11732332,OTPVHUHB,"OTP Dél-alföldi r., Kecskemét","6000 Kecskemét, Szabadság tér 5.",S,R
11732349,OTPVHUHB,"OTP Dél-alföldi r., Baja","6500 Baja, Deák Ferenc utca 1.",S,R
11732356,OTPVHUHB,"OTP Dél-alföldi r., Szabadszállás","6080 Szabadszállás, Kálvin tér 4.",S,R
11732363,OTPVHUHB,"OTP Dél-alföldi r., Kalocsa","6300 Kalocsa, Szent István király út 43-45.",S,R
11732600,OTPVHUHB,"OTP Dél-alföldi r., DAR MFB Feld.Közp.","6000 Kecskemét, Szabadság tér 5.",S,R
11732703,OTPVHUHB,OTP DAR Vállalati számlavezetési Közp.,"6000 Kecskemét, Korona utca 2.",S,R
11733003,OTPVHUHB,"OTP Dél-alföldi r., Békéscsaba","5600 Békéscsaba, Szent István tér 3.",S,R
11733010,OTPVHUHB,"OTP Dél-alföldi r., Békéscsaba","5600 Békéscsaba, Andrássy út 29-33.",S,R
11733027,OTPVHUHB,"OTP Dél-alföldi r., Gyula","5700 Gyula, Bodoky utca 9.",S,R
11733034,OTPVHUHB,"OTP Dél-alföldi r., Mezőkovácsháza","5800 Mezőkovácsháza, Árpád utca 177.",S,R
11733041,OTPVHUHB,"OTP Dél-alföldi r., Orosháza","5900 Orosháza, Kossuth Lajos utca 20.",S,R
11733058,OTPVHUHB,"OTP Dél-alföldi r., Szarvas","5540 Szarvas, Kossuth tér 1.",S,R
11733065,OTPVHUHB,"OTP Dél-alföldi r., Szeghalom","5520 Szeghalom, Tildy Zoltán utca 4-8.",S,R
11733072,OTPVHUHB,"OTP Dél-alföldi r., Békés","5630 Békés, Széchenyi tér 2.",S,R
11733089,OTPVHUHB,"OTP DAR, Battonya","5800 Mezőkovácsháza, Árpád utca 177.",S,R
11733096,OTPVHUHB,"OTP Dél-alföldi r., Orosháza","5900 Orosháza, Kossuth Lajos utca 20.",S,R
11733106,OTPVHUHB,"OTP Dél-alföldi r., Dévaványa","5510 Dévaványa, Árpád utca 32.",S,R
11733113,OTPVHUHB,"OTP Dél-alföldi r., Elek","5742 Elek, Gyulai út 5.",S,R
11733120,OTPVHUHB,"OTP Dél-alföldi r., Gyomaendrőd","5500 Gyomaendrőd-Gyoma, Szabadság tér 7.",S,R
11733137,OTPVHUHB,"OTP Dél-alföldi r., Békéscsaba","5600 Békéscsaba, Szent István tér 3.",S,R
11733144,OTPVHUHB,"OTP Dél-alföldi r., Mezőberény","5650 Mezőberény, Kossuth Lajos tér 12.",S,R
11733151,OTPVHUHB,"OTP Dél-alföldi r., Mezőhegyes","5820 Mezőhegyes, Zala György lakótelep 7.",S,R
11733168,OTPVHUHB,"OTP Dél-alföldi r., Orosháza","5900 Orosháza, Kossuth Lajos utca 20.",S,R
11733175,OTPVHUHB,"OTP Dél-alföldi r., Sarkad","5720 Sarkad, Árpád fejedelem tér 5.",S,R
11733182,OTPVHUHB,"OTP Dél-alföldi r., Orosháza","5900 Orosháza, Kossuth Lajos utca 20.",S,R
11733199,OTPVHUHB,OTP DAR Békéscsaba,"5600 Békéscsaba, Szent István tér 3.",S,R
11733209,OTPVHUHB,"OTP Dél-alföldi r., Vésztő","5530 Vésztő, Kossuth Lajos utca 72.",S,R
11733216,OTPVHUHB,"OTP Dél-alföldi r., Békéscsaba","5600 Békéscsaba, Szent István tér 3.",S,R
11733223,OTPVHUHB,"OTP Dél-alföldi r., Füzesgyarmat","5520 Szeghalom, Tildy Zoltán utca 4-8.",S,R
11733230,OTPVHUHB,"OTP Dél-alföldi r., Békéscsaba","5600 Békéscsaba, Szent István tér 3.",,
11733254,OTPVHUHB,"OTP Dél-alföldi r., Békéscsaba Csaba C.","5600 Békéscsaba, Andrássy út 37-43.",S,R
11734004,OTPVHUHB,"OTP Észak-keleti r., Miskolc","3530 Miskolc, Uitz Béla utca 6.",S,R
11734011,OTPVHUHB,"OTP Észak-keleti r., Miskolc","3525 Miskolc, Széchenyi István út 29.",S,R
11734028,OTPVHUHB,"OTP Észak-keleti r., Diósgyőr","3532 Miskolc, Herceg Hajtás dűlő 39.",S,R
11734035,OTPVHUHB,"OTP Észak-keleti r., Miskolc","3530 Miskolc, Rákóczi Ferenc utca 1.",S,R
11734042,OTPVHUHB,"OTP Észak-keleti r., Miskolc-Kilián","3534 Miskolc, Iván utca 31.",S,R
11734059,OTPVHUHB,"OTP Észak-keleti r., Ózd","3600 Ózd, Városház tér 1/A",S,R
11734066,OTPVHUHB,"OTP Észak-keleti r., Miskolc","3530 Miskolc, Uitz Béla utca 6.",S,R
11734073,OTPVHUHB,"OTP Észak-keleti r., Miskolc","3534 Miskolc, Árpád út 2.",S,R
11734080,OTPVHUHB,"OTP Észak-keleti r., Edelény","3780 Edelény, Tóth Árpád út 1.",S,R
11734097,OTPVHUHB,"OTP Észak-keleti r., Encs","3860 Encs, Bem József út 1.",S,R
11734107,OTPVHUHB,"OTP Észak-keleti r., Mezőkövesd","3400 Mezőkövesd, Mátyás király út 149.",S,R
11734114,OTPVHUHB,"OTP Észak-keleti r., Tiszaújváros","3580 Tiszaújváros, Szent István út 30.",S,R
11734121,OTPVHUHB,"OTP Észak-keleti r., Ózd","3600 Ózd, Városház tér 1/A",S,R
11734138,OTPVHUHB,"OTP Észak-keleti r., Sátoraljaújhely","3980 Sátoraljaújhely, Gróf Széchenyi utca 13.",S,R
11734145,OTPVHUHB,"OTP Észak-keleti r., Szerencs","3900 Szerencs, Kossuth tér 3/A",S,R
11734152,OTPVHUHB,"OTP Észak-keleti r., Kazincbarcika","3700 Kazincbarcika, Egres utca 50.",S,R
11734169,OTPVHUHB,"OTP Észak-keleti r., Sárospatak","3950 Sárospatak, Eötvös út 2.",S,R
11734176,OTPVHUHB,"OTP Észak-keleti r., Encs","3860 Encs, Bem József út 1.",S,R
11734183,OTPVHUHB,"OTP Észak-keleti r., Putnok","3630 Putnok, Kossuth út 45.",S,R
11734190,OTPVHUHB,"OTP ÉKMR, Szikszó","3530 Miskolc, Uitz B. utca 6.",S,R
11734200,OTPVHUHB,"OTP Észak-keleti r., Sajószentpéter","3770 Sajószentpéter, Bethlen Gábor utca 1/A",S,R
11734217,OTPVHUHB,"OTP Észak-keleti r., Mezőcsát","3580 Tiszaújváros, Szent István út 30.",S,R
11734224,OTPVHUHB,"OTP Észak-keleti r., Tokaj","3910 Tokaj, Rákóczi út 37.",S,R
11734231,OTPVHUHB,"OTP Észak-keleti r., Miskolc Partner C.","3524 Miskolc, Klapka György utca 18.",S,R
11734262,OTPVHUHB,"OTP Észak-keleti r., Miskolc","3530 Miskolc, Uitz Béla utca 6.",S,R
11734286,OTPVHUHB,"OTP Észak-keleti r., Miskolc - Auchan","3527 Miskolc, József Attila utca 87.",S,R
11735005,OTPVHUHB,"OTP Dél-alföldi r., Szeged","6720 Szeged, Takaréktár utca 7.",S,R
11735012,OTPVHUHB,"OTP Dél-alföldi r., Szeged","6720 Szeged, Aradi vértanúk tere 3.",S,R
11735029,OTPVHUHB,"OTP Dél-alföldi r., Szeged","6720 Szeged, Takaréktár utca 7.",S,R
11735036,OTPVHUHB,"OTP Dél-alföldi r., Szeged","6720 Szeged, Takaréktár utca 7.",S,R
11735043,OTPVHUHB,"OTP Dél-alföldi r., Szentes","6600 Szentes, Kossuth Lajos utca 26.",S,R
11735050,OTPVHUHB,"OTP Dél-alföldi r., Csongrád","6640 Csongrád, Szentháromság tér 2-6.",S,R
11735067,OTPVHUHB,"OTP Dél-alföldi r., Hódmezővásárhely","6800 Hódmezővásárhely, Andrássy út 1.",S,R
11735074,OTPVHUHB,"OTP Dél-alföldi r., Makó","6900 Makó, Széchenyi tér 14-16.",S,R
11735081,OTPVHUHB,"OTP Dél-alföldi r., Makó","6900 Makó, Széchenyi tér 14-16.",S,R
11735098,OTPVHUHB,"OTP Dél-alföldi r., Kistelek","6760 Kistelek, Kossuth utca 5-7.",S,R
11735108,OTPVHUHB,"OTP Dél-alföldi r., Hódmezővásárhely","6800 Hódmezővásárhely, Andrássy út 1.",S,R
11735115,OTPVHUHB,"OTP Dél-alföldi r., Mórahalom","6782 Mórahalom, Szegedi út 3.",S,R
11735139,OTPVHUHB,"OTP Dél-alföldi r., Mórahalom","6782 Mórahalom, Szegedi út 3.",S,R
11735146,OTPVHUHB,"OTP Dél-alföldi r., Szeged-Rókus","6720 Szeged, Takaréktár utca 7.",S,R
11735153,OTPVHUHB,"OTP Dél-alföldi r., Szeged","6724 Szeged, Rókusi körút 42-64.",S,R
11735160,OTPVHUHB,"OTP Dél-alföldi r., Szeged","6720 Szeged, Klauzál tér 5.",S,R
11735177,OTPVHUHB,"OTP Dél-alföldi r., Szeged Tesco","6724 Szeged, Rókusi körút 42-64.",S,R
11735184,OTPVHUHB,"OTP Dél-alföldi r., Szeged Árkád","6724 Szeged, Londoni körút 3.",S,R
11735201,OTPVHUHB,"OTP Dél-alföldi r., Szeged Partner C.","6720 Szeged, Takaréktár utca 7.",S,R
11735218,OTPVHUHB,OTP DAR Szeged PrivátBank,"6720 Szeged, Széchenyi tér 15.",S,R
11736006,OTPVHUHB,"OTP Észak-dunántúli r., Székesfehérvár","8000 Székesfehérvár, Ősz utca 13.",S,R
11736020,OTPVHUHB,OTP Észak-dunántúli r. Bicske,"2060 Bicske, Bocskay köz 1.",S,R
11736037,OTPVHUHB,"OTP Észak-dunántúli r., Dunaújváros","2400 Dunaújváros, Dózsa György út 4/E",S,R
11736044,OTPVHUHB,"OTP Észak-dunántúli r., Mór","8060 Mór, Deák Ferenc utca 2.",S,R
11736051,OTPVHUHB,"OTP Észak-dunántúli r., Sárbogárd","7000 Sárbogárd, Ady Endre út 172.",S,R
11736068,OTPVHUHB,"OTP Észak-dunántúli r., Dunaújváros","2400 Dunaújváros, Dózsa György út 4/E.",S,R
11736075,OTPVHUHB,"OTP Észak-dunántúli r., Enying","8130 Enying, Kossuth Lajos utca 43.",S,R
11736082,OTPVHUHB,"OTP Észak-dunántúli r., Gárdony","2483 Gárdony, Szabadság út 18.",S,R
11736099,OTPVHUHB,"OTP Észak-dunántúli r., Polgárdi","8154 Polgárdi, Deák Ferenc utca 16.",S,R
11736116,OTPVHUHB,"OTP Észak-dunántúli r., Székesfehérvár","8000 Székesfehérvár, Várkapu utca 1.",S,R
11736147,OTPVHUHB,"OTP Észak-dunántúli r., Szfvár Auchan","8000 Székesfehérvár, Holland fasor 9.",S,R
11736154,OTPVHUHB,OTP ÉDR Székesfehérvár Partner Centrum,"8000 Székesfehérvár, Fő utca 7.",S,R
11737007,OTPVHUHB,"OTP Észak-dunántúli r., Győr","9022 Győr, Teleki László utca 51.",S,R
11737014,OTPVHUHB,"OTP Észak-dunántúli r., Győr","9022 Győr, Teleki László utca 51.",S,R
11737021,OTPVHUHB,OTP Észak-dunántúli r. Győr Partner C.,"9021 Győr, Baross Gábor út 14.",S,R
11737038,OTPVHUHB,"OTP Észak-dunántúli r., Győr","9022 Győr, Teleki László utca 51.",S,R
11737045,OTPVHUHB,"OTP Észak-dunántúli r., Sopron","9400 Sopron, Teleki Pál út 22/A",S,R
11737052,OTPVHUHB,"OTP Észak-dunántúli r., Mosonmóvár","9200 Mosonmagyaróvár, Fő utca 24.",S,R
11737069,OTPVHUHB,"OTP Észak-dunántúli r., Csorna","9300 Csorna, Soproni út 58.",S,R
11737076,OTPVHUHB,"OTP Észak-dunántúli r., Mosonmóvár","9200 Mosonmagyaróvár, Fő utca 24.",S,R
11737083,OTPVHUHB,"OTP Észak-dunántúli r., Sopron","9400 Sopron, Várkerület 96/A",S,R
11737090,OTPVHUHB,"OTP Észak-dunántúli r., Kapuvár","9330 Kapuvár, Szent István király utca 4-6.",S,R
11737100,OTPVHUHB,"OTP Észak-dunántúli r., Fertőd","9431 Fertőd, Fő utca 9.",S,R
11737117,OTPVHUHB,"OTP Észak-dunántúli r., Fertősztmiklós","9444 Fertőszentmiklós, Szerdahelyi utca 2.",S,R
11737124,OTPVHUHB,"OTP Észak-dunántúli r., Szany","9300 Csorna, Soproni út 58.",S,R
11737131,OTPVHUHB,"OTP Észak-dunántúli r., Győr","9023 Győr, Bartók Béla út 53/B",S,R
11737155,OTPVHUHB,"OTP Észak-dunántúli r., Győr","9024 Győr, Kormos István utca 6.",S,R
11737179,OTPVHUHB,"OTP Észak-dunántúli r., Sopron Plaza","9400 Sopron, Lackner Kristóf utca 35.",,
11737186,OTPVHUHB,"OTP Észak-dunántúli r., Győr Egyetem","9026 Győr, Egyetem tér 1.",S,R
11737193,OTPVHUHB,"OTP Észak-dunántúli r., Győr Árkád","9027 Győr, Budai út 1.",S,R
11737605,OTPVHUHB,"OTP Észak-dunántúli r., ÉDR MFB Feld.K.","9022 Győr, Teleki László utca 51.",S,R
11737708,OTPVHUHB,OTP ÉDR Vállalati Számlavezetési Közp.,"8000 Székesfehérvár, Ősz utca 13.",S,R
11738008,OTPVHUHB,"OTP Észak-keleti r., Debrecen","4025 Debrecen, Pásti utca 1-3.",S,R
11738015,OTPVHUHB,"OTP Észak-keleti r., Debrecen","4025 Debrecen, Piac utca 45-47.",S,R
11738022,OTPVHUHB,"OTP Észak-keleti r., Debrecen","4025 Debrecen, Hatvan utca 2-4.",S,R
11738039,OTPVHUHB,"OTP Észak-keleti r., Debrecen","4032 Debrecen, Füredi út 43.",S,R
11738046,OTPVHUHB,"OTP Észak-keleti r., Berettyóújfalu","4100 Berettyóújfalu, Oláh Zsigmond utca 1.",S,R
11738053,OTPVHUHB,"OTP ÉKR, Püspökladány","4150 Püspökladány, Kossuth utca 4.",S,R
11738060,OTPVHUHB,"OTP Észak-keleti r., Hajdúböszörmény","4220 Hajdúböszörmény, Kossuth Lajos utca 3.",S,R
11738077,OTPVHUHB,"OTP Észak-keleti r., Hajdúnánás","4080 Hajdúnánás, Köztársaság tér 17-19.",S,R
11738084,OTPVHUHB,"OTP Észak-keleti r., Hajdúszoboszló","4200 Hajdúszoboszló, Szilfákalja 6-8.",S,R
11738091,OTPVHUHB,"OTP Észak-keleti r., Balmazújváros","4060 Balmazújváros, Veres Péter utca 3.",S,R
11738101,OTPVHUHB,"OTP Észak-keleti r., Biharkeresztes","4110 Biharkeresztes, Kossuth utca 4.",S,R
11738118,OTPVHUHB,"OTP Észak-keleti r., Derecske","4130 Derecske, Köztársaság út 111.",S,R
11738125,OTPVHUHB,"OTP ÉKMR, Hajdúdorog","4080 Hajdúnánás, Köztársaság tér 17-18/a.",S,R
11738132,OTPVHUHB,OTP ÉKMR Komádi,"4100 Berettyóújfalu, Oláh Zsigmond utca 1.",S,R
11738149,OTPVHUHB,"OTP Észak-keleti r., Nádudvar","4181 Nádudvar, Fő út 119.",S,R
11738156,OTPVHUHB,"OTP Észak-keleti r., Polgár","3580 Tiszaújváros, Szent István út 30.",S,R
11738163,OTPVHUHB,"OTP Észak-keleti r., Hajdúhadház","4242 Hajdúhadház, Kossuth utca 2.",S,R
11738170,OTPVHUHB,"OTP Észak-keleti r., Balmazújváros","4060 Balmazújváros, Veres Péter utca 3.",S,R
11738211,OTPVHUHB,"OTP Észak-keleti r., Debrecen","4025 Debrecen, Pásti utca 1-6.",,
11738228,OTPVHUHB,"OTP Észak-keleti r., Debrecen","4025 Debrecen, Pásti utca 1-6.",,
11738235,OTPVHUHB,OTP ÉKMR Debrecen,"4025 Debrecen, Hatvan utca 2-4.",S,R
11738242,OTPVHUHB,"OTP Észak-keleti r., Nyíradony","4254 Nyíradony, Árpád tér 6.",S,R
11738266,OTPVHUHB,OTP Észak-keleti r. Debreceni P.C.,"4025 Debrecen, Pásti utca 1/b.",S,R
11738273,OTPVHUHB,OTP ÉKMR Debrecen Auchan,"4031 Debrecen, Kishatár  utca 7.",S,R
11738280,OTPVHUHB,OTP ÉKMR Debrecen Privátbank,"4025 Debrecen, Simonffy utca 2/a.",S,R
11738297,OTPVHUHB,OTP Észak-keleti r. Debrecen,"4025 Debrecen, Hatvan utca 2-4.",S,R
11738503,OTPVHUHB,"OTP Észak-keleti r., ÉKMR INHA Közp.","4025 Debrecen, Piac utca 7-9.",S,R
11738606,OTPVHUHB,OTP Észak-keleti r. ÉKMR MFB Feld.Közp.,"4025 Debrecen, Pásti utca 1-3.",S,R
11738709,OTPVHUHB,OTP ÉKMR Vállalati Számlavezetési Közp.,"4025 Debrecen, Pásti utca 1-3.",S,R
11739009,OTPVHUHB,"OTP Észak-keleti r., Eger","3300 Eger, Törvényház utca 4.",S,R
11739016,OTPVHUHB,"OTP Észak-keleti r., Eger","3300 Eger, Törvényház utca 4.",S,R
11739023,OTPVHUHB,"OTP Észak-keleti r., Füzesabony","3390 Füzesabony, Rákóczi Ferenc út 83.",S,R
11739030,OTPVHUHB,"OTP Észak-keleti r., Gyöngyös","3200 Gyöngyös, Fő tér 1.",S,R
11739047,OTPVHUHB,"OTP Észak-keleti r., Heves","3360 Heves, Hősök tere 4.",S,R
11739054,OTPVHUHB,"OTP Észak-keleti r., Hatvan","3000 Hatvan, Kossuth tér 8. FSZ. 1.",S,R
11739061,OTPVHUHB,"OTP Észak-keleti r., Füzesabony","3390 Füzesabony, Rákóczi utca 77.",S,R
11739078,OTPVHUHB,"OTP Észak-keleti r., Lőrinci","3021 Lőrinci, Szabadság tér 25/A",S,R
11739085,OTPVHUHB,"OTP Észak-keleti r., Bátonyterenye","3070 Bátonyterenye, Bányász utca 1/a.",S,R
11739092,OTPVHUHB,"OTP Észak-keleti r., Recsk","3245 Recsk, Kossuth Lajos út 93.",S,R
11739102,OTPVHUHB,"OTP Észak-keleti r., Eger","3300 Eger, Törvényház utca 4.",,
11739119,OTPVHUHB,"OTP Észak-keleti r., Eger","3300 Eger, Törvényház utca 4.",S,R
11740009,OTPVHUHB,"OTP Észak-dunántúli r., Tatabánya","2800 Tatabánya, Fő tér 32.",S,R
11740016,OTPVHUHB,"OTP Észak-dunántúli r., Bábolna","2941 Ács, Gyár  utca 10.",S,R
11740023,OTPVHUHB,"OTP Észak-dunántúli r., Dorog","2510 Dorog, Mária út 2.",S,R
11740030,OTPVHUHB,"OTP Észak-dunántúli r., Komárom","2900 Komárom, Mártírok útja 23.",S,R
11740047,OTPVHUHB,"OTP Észak-dunántúli r., Tata","2890 Tata, Ady Endre utca 1-3.",S,R
11740054,OTPVHUHB,"OTP Észak-dunántúli r., Esztergom","2500 Esztergom, Rákóczi tér 2-4.",S,R
11740061,OTPVHUHB,"OTP Észak-dunántúli r., Oroszlány","2840 Oroszlány, Rákóczi Ferenc út 84.",S,R
11740078,OTPVHUHB,"OTP Észak-dunántúli r., Ács","2941 Ács, Gyár utca 10.",S,R
11740085,OTPVHUHB,"OTP Észak-dunántúli r., Kisbér","2870 Kisbér, Batthyány tér 5.",S,R
11740092,OTPVHUHB,"OTP Észak-dunántúli r., Nyergesújfalu","2536 Nyergesújfalu, Kossuth Lajos utca 126.",S,R
11740102,OTPVHUHB,"OTP Észak-dunántúli r., Tatabánya","2800 Tatabánya, Fő tér 32.",S,R
11740119,OTPVHUHB,"OTP Észak-dunántúli r., Tatabánya","2800 Tatabánya, Fő tér 32.",S,R
11740126,OTPVHUHB,"OTP Észak-dunántúli r., Tatabánya Omega","2800 Tatabánya, Bárdos László utca 2.",S,R
11740133,OTPVHUHB,OTP ÉDR Tatabánya Partner Centrum,"2800 Tatabánya, Fő tér 32.",S,R
11741000,OTPVHUHB,"OTP Észak-keleti r., Salgótarján","3100 Salgótarján, Rákóczi út 22.",S,R
11741017,OTPVHUHB,"OTP Észak-keleti r., Balassagyarmat","2660 Balassagyarmat, Rákóczi fejedelem út 44.",S,R
11741024,OTPVHUHB,"OTP Észak-keleti r., Pásztó","3060 Pásztó, Fő utca 73/A",S,R
11741031,OTPVHUHB,"OTP Észak-keleti r., Rétság","2651 Rétság, Rákóczi út 30.",S,R
11741048,OTPVHUHB,"OTP Észak-keleti r., Bátonyterenye","3070 Bátonyterenye, Bányász út 1/A",S,R
11741055,OTPVHUHB,"OTP Észak-keleti r., Bátonyterenye","3070 Bátonyterenye, Bányász út 1/A",S,R
11741062,OTPVHUHB,"OTP ÉKR, Szécsény","3100 Salgótarján, Rákóczi út 22.",S,R
11741079,OTPVHUHB,"OTP Észak-keleti r., Salgótarján","3100 Salgótarján, Rákóczi út 22.",S,R
11742001,OTPVHUHB,"OTP Budapesti r., Budapest","1115 Budapest, Bartók Béla út 92-94.",S,R
11742025,OTPVHUHB,"OTP Budapesti r., Cegléd","2700 Cegléd, Szabadság tér 6.",S,R
11742032,OTPVHUHB,"OTP Budapesti r., Dabas","2370 Dabas, Bartók Béla út 46.",S,R
11742049,OTPVHUHB,"OTP Budapesti r., Gödöllő","2100 Gödöllő, Szabadság tér 12-13.",S,R
11742056,OTPVHUHB,"OTP Budapesti r., Monor","2200 Monor, Kossuth Lajos utca 67.",S,R
11742063,OTPVHUHB,"OTP Budapesti r., Nagykáta","2760 Nagykáta, Bajcsy-Zsilinszky út 1.",S,R
11742070,OTPVHUHB,"OTP Budapesti r., Ráckeve","2300 Ráckeve, Szent István tér 3.",S,R
11742087,OTPVHUHB,"OTP Budapesti r., Szentendre","2000 Szentendre, Dumtsa Jenő utca 6.",S,R
11742094,OTPVHUHB,"OTP Budapesti r., Vác","2600 Vác, Széchenyi István utca 3-7.",S,R
11742104,OTPVHUHB,"OTP Budapesti r., Dunakeszi","2120 Dunakeszi, Barátság útja 29.",S,R
11742111,OTPVHUHB,"OTP Budapesti r., Érd","2030 Érd, Budai út 24.",S,R
11742128,OTPVHUHB,"OTP Budapesti r., Nagykőrös","2750 Nagykőrös, Szabadság tér 2.",S,R
11742135,OTPVHUHB,"OTP Budapesti r., Százhalombatta","2440 Százhalombatta, Szent István tér 3.",S,R
11742142,OTPVHUHB,OTP Budapesti r. Cegléd,"2700 Cegléd, Szabadság tér 6.",S,R
11742159,OTPVHUHB,"OTP Budapesti r., Albertirsa","2730 Albertirsa, Vasút utca 4/A",S,R
11742166,OTPVHUHB,"OTP Budapesti r., Aszód","2170 Aszód, Kossuth Lajos utca 42-46.",S,R
11742173,OTPVHUHB,"OTP Budapesti r., Budaörs","2040 Budaörs, Szabadság út 131/A",S,R
11742180,OTPVHUHB,"OTP Budapesti r., Dunaharaszti","2330 Dunaharaszti, Dózsa György út 25.",S,R
11742197,OTPVHUHB,"OTP Budapesti r., Gyömrő","2230 Gyömrő, Szent István út 17.",S,R
11742207,OTPVHUHB,"OTP Budapesti r., Abony","2740 Abony, Kossuth Lajos tér 3.",S,R
11742214,OTPVHUHB,"OTP Budapesti r., Kiskunlacháza","2340 Kiskunlacháza, Dózsa György út 219.",S,R
11742221,OTPVHUHB,"OTP Budapesti r., Dabas","2370 Dabas, Bartók Béla utca 46.",S,R
11742238,OTPVHUHB,"OTP Budapesti r., Pilis","2730 Albertirsa, Vasút utca 4/a.",S,R
11742245,OTPVHUHB,"OTP  Budapesti r., Pilisvörösvár","2085 Pilisvörösvár, Fő utca 60.",S,R
11742252,OTPVHUHB,"OTP Budapesti r., Szigetszentmiklós","2310 Szigetszentmiklós, Ifjúság útja 17.",S,R
11742269,OTPVHUHB,"OTP Budapesti r., Vác","2600 Vác, Széchenyi István utca 3-7.",S,R
11742276,OTPVHUHB,"OTP Budapesti r., Vámosmikola","2635 Vámosmikola, Kossuth Lajos utca 7.",S,R
11742283,OTPVHUHB,"OTP Budapesti r., Vecsés","2220 Vecsés, Fő út 170.",S,R
11742300,OTPVHUHB,"OTP Budapesti r., Gyál","2360 Gyál, Kőrösi út 160.",S,R
11742317,OTPVHUHB,"OTP Budapesti r., Abony","2740 Abony, Kossuth Lajos tér 3.",S,R
11742324,OTPVHUHB,"OTP Budapesti r., Kistarcsa","2141 Csömör, Határ út 6.",S,R
11742331,OTPVHUHB,"OTP Budapesti r., Pécel","2234 Maglód, Esterházy János utca 1.",S,R
11742348,OTPVHUHB,"OTP Budapesti r., Budakeszi","2092 Budakeszi, Fő utca 174.",S,R
11742355,OTPVHUHB,"OTP Budapesti r., Budaörs Auchan","2040 Budaörs, Sport utca 2-4.",S,R
11742379,OTPVHUHB,OTP Budapesti r. Fót,"2151 Fót, Móricz Zsigmond utca 23/A.",S,R
11742386,OTPVHUHB,"OTP Budapesti r., XV. Pólus Center","1152 Budapest, Szentmihályi út 131.",S,R
11742441,OTPVHUHB,"OTP Budapesti r., Dunakeszi Auchan","2120 Dunakeszi, Nádas utca 6.",S,R
11742506,OTPVHUHB,"OTP Budapesti r., Sz.szentmiklós Auchan","2310 Szigetszentmiklós, Ifjúság útja 17.",S,R
11742513,OTPVHUHB,"OTP Budapesti r., Csömör Auchan","2141 Csömör, Határ út 6.",S,R
11742520,OTPVHUHB,"OTP Budapesti r., Budakalász Cora","2011 Budakalász, Omszk park 1.",S,R
11742537,OTPVHUHB,"OTP Budapesti r., Solymár Auchan","2083 Solymár, Szent Flórián utca 2.",S,R
11742544,OTPVHUHB,"OTP Budapesti r., Budaörs","2040 Budaörs, Szabadság út 131/A",S,R
11742551,OTPVHUHB,"OTP Budapesti r., Vecsés","2220 Vecsés, Fő út 246-248.",S,R
11742568,OTPVHUHB,"OTP Budapesti r., Veresegyház","2112 Veresegyház, Szadai utca 7.",S,R
11742575,OTPVHUHB,"OTP Budapesti r., Maglód-Auchan","2234 Maglód, Eszterházy János utca 1.",S,R
11742582,OTPVHUHB,"OTP Budapesti r., Érd","2030 Érd, Iparos utca 5.",S,R
11742874,OTPVHUHB,"OTP Budapesti r., Üllő","2200 Monor, Kossuth Lajos utca 88/b.",S,R
11743002,OTPVHUHB,"OTP Dél-dunántúli r., Kaposvár","7400 Kaposvár, Széchenyi tér 2.",S,R
11743019,OTPVHUHB,OTP DDR Kaposvár,"7400 Kaposvár, Széchenyi tér 2.",S,R
11743026,OTPVHUHB,"OTP Dél-dunántúli r., Marcali","8700 Marcali, Rákóczi utca 6-10.",S,R
11743033,OTPVHUHB,"OTP Dél-dunántúli r., Nagyatád","7500 Nagyatád, Korányi Sándor utca 6.",S,R
11743040,OTPVHUHB,"OTP Dél-dunántúli r., Siófok","8600 Siófok, Fő tér 10/A",S,R
11743057,OTPVHUHB,"OTP Dél-dunántúli r., Barcs","7570 Barcs, Séta tér 5.",S,R
11743064,OTPVHUHB,"OTP Dél-dunántúli r., Balatonboglár","8630 Balatonboglár, Dózsa György utca 1.",S,R
11743088,OTPVHUHB,"OTP Dél-dunántúli r., Csurgó","8840 Csurgó, Petőfi tér 20.",S,R
11743095,OTPVHUHB,"OTP Dél-dunántúli r., Fonyód","8640 Fonyód, Ady Endre utca 25.",S,R
11743105,OTPVHUHB,"OTP DDR, Lengyeltóti","8640 Fonyód, Ady Endre utca 25.",S,R
11743112,OTPVHUHB,"OTP Dél-dunántúli r., Tab","8600 Siófok, Fő tér 10/A",S,R
11743136,OTPVHUHB,"OTP Dél-dunántúli r., Kaposvár","7400 Kaposvár, Fő utca 12.",,
11743143,OTPVHUHB,"OTP Dél-dunántúli r., Nagybajom","7561 Nagybajom, Fő utca 107.",S,R
11743150,OTPVHUHB,"OTP DDR, Balatonlelle","8630 Balatonboglár, Dózsa György utca 1.",S,R
11743167,OTPVHUHB,OTP DDR Kaposvár Partner Centrum,"7400 Kaposvár, Széchenyi  tér 2.",S,R
11744003,OTPVHUHB,"OTP Észak-keleti r., Nyíregyháza","4400 Nyíregyháza, Rákóczi utca 1.",S,R
11744010,OTPVHUHB,"OTP Észak-keleti r., Nyíregyháza","4400 Nyíregyháza, Rákóczi utca 1.",S,R
11744027,OTPVHUHB,"OTP Észak-keleti r., Fehérgyarmat","4900 Fehérgyarmat, Móricz Zsigmond utca 4.",S,R
11744034,OTPVHUHB,"OTP Észak-keleti r., Kisvárda","4600 Kisvárda, Szent László utca 30.",S,R
11744041,OTPVHUHB,"OTP Észak-keleti r., Mátészalka","4700 Mátészalka, Szalkay László utca 34.",S,R
11744058,OTPVHUHB,"OTP Észak-keleti r., Nyírbátor","4300 Nyírbátor, Zrínyi utca 1.",S,R
11744065,OTPVHUHB,"OTP Észak-keleti r., Vásárosnamény","4800 Vásárosnamény, Szabadság tér 33.",S,R
11744072,OTPVHUHB,"OTP Észak-keleti r., Baktalórántháza","4561 Baktalórántháza, Köztársaság tér 4.",S,R
11744089,OTPVHUHB,"OTP Észak-keleti r., Nagykálló","4320 Nagykálló, Árpád utca 10/B.",S,R
11744096,OTPVHUHB,"OTP Észak-keleti r., Csenger","4765 Csenger, Ady Endre utca 1.",S,R
11744106,OTPVHUHB,OTP ÉKR Kisvárda,"4600 Kisvárda, Szent László utca 30.",S,R
11744113,OTPVHUHB,"OTP Észak-keleti r., Kemecse","4501 Kemecse, Móricz Zsigmond utca 18.",S,R
11744120,OTPVHUHB,"OTP Észak-keleti r., Nagykálló","4320 Nagykálló, Árpád utca 10/B FSZ. 7.",S,R
11744137,OTPVHUHB,OTP ÉKR Tiszalök,"4440 Tiszavasvári, Kossuth L. utca 6.",S,R
11744144,OTPVHUHB,"OTP Észak-keleti r., Tiszavasvári","4440 Tiszavasvári, Kossuth Lajos utca 6. FSZ. 3.",S,R
11744151,OTPVHUHB,"OTP Észak-keleti r., Újfehértó","4244 Újfehértó, Főtér 15.",S,R
11744168,OTPVHUHB,"OTP Észak-keleti r., Záhony","4625 Záhony, Ady Endre út 27-29.",S,R
11744175,OTPVHUHB,"OTP Észak-keleti r., Nyíregyháza","4400 Nyíregyháza, Rákóczi utca 1.",S,R
11744182,OTPVHUHB,"OTP Észak-keleti r., Nyíregyháza","4400 Nyíregyháza, Rákóczi utca 1.",,
11744199,OTPVHUHB,OTP Nyíregyháza Partner Centrum,"4400 Nyíregyháza, Rákóczi utca 1.",S,R
11745004,OTPVHUHB,"OTP Dél-alföldi r., Szolnok","5000 Szolnok, Szapáry utca 31.",S,R
11745011,OTPVHUHB,"OTP Dél-alföldi r., Szolnok","5000 Szolnok, Szapáry utca 31.",S,R
11745028,OTPVHUHB,"OTP Dél-alföldi r., Szolnok","5000 Szolnok, Nagy Imre körút 2/A",S,R
11745035,OTPVHUHB,"OTP Dél-alföldi r., Jászberény","5100 Jászberény, Lehel vezér tér 28.",S,R
11745042,OTPVHUHB,"OTP Dél-alföldi r., Kunszentmárton","5440 Kunszentmárton, Kossuth Lajos út 2.",S,R
11745059,OTPVHUHB,"OTP Dél-alföldi r., Tiszafüred","5350 Tiszafüred, Piac tér 3.",S,R
11745066,OTPVHUHB,"OTP Dél-alföldi r., Törökszentmiklós","5200 Törökszentmiklós, Kossuth Lajos utca 141.",S,R
11745073,OTPVHUHB,"OTP Dél-alföldi r., Karcag","5300 Karcag, Kossuth tér 15.",S,R
11745080,OTPVHUHB,"OTP Dél-alföldi r., Kisújszállás","5310 Kisújszállás, Szabadság tér 6.",S,R
11745097,OTPVHUHB,"OTP Dél-alföldi r., Mezőtúr","5400 Mezőtúr, Szabadság tér 29.",S,R
11745107,OTPVHUHB,"OTP Dél-alföldi r., Túrkeve","5420 Túrkeve, Széchenyi utca 32-33.",S,R
11745114,OTPVHUHB,"OTP Dél-alföldi r., Jászapáti","5130 Jászapáti, Kossuth Lajos út 2-8.",S,R
11745121,OTPVHUHB,"OTP Dél-alföldi r., Jászárokszállás","5123 Jászárokszállás, Rákóczi Ferenc utca 4-6.",S,R
11745138,OTPVHUHB,"OTP Dél-alföldi r., Jászladány","5055 Jászladány, Kossuth Lajos utca 77.",S,R
11745145,OTPVHUHB,"OTP Dél-alföldi r., Kunhegyes","5340 Kunhegyes, Szabadság tér 4.",S,R
11745152,OTPVHUHB,"OTP Dél-alföldi r., Karcag","5300 Karcag, Kossuth tér 15.",S,R
11745169,OTPVHUHB,"OTP Dél-alföldi r., Tiszaföldvár","5430 Tiszaföldvár, Kossuth Lajos út 191.",S,R
11745176,OTPVHUHB,"OTP Dél-alföldi r., Tiszaföldvár","5430 Tiszaföldvár, Kossuth Lajos út 191.",S,R
11745183,OTPVHUHB,"OTP Dél-alföldi r., Szolnok-Széchenyi","5000 Szolnok, Szapáry utca 31.",S,R
11745217,OTPVHUHB,OTP DAR Szolnok Partner Centrum,"5000 Szolnok, Szapáry utca 31.",S,R
11746005,OTPVHUHB,"OTP Dél-dunántúli r., Szekszárd","7100 Szekszárd, Szent István tér 5-7.",S,R
11746012,OTPVHUHB,"OTP Dél-dunántúli r., Paks","7030 Paks, Dózsa György út 33.",S,R
11746029,OTPVHUHB,"OTP Dél-dunántúli r., Tamási","7090 Tamási, Szabadság utca 33",S,R
11746036,OTPVHUHB,"OTP Dél-dunántúli r., Bonyhád","7150 Bonyhád, Szabadság tér 10.",S,R
11746043,OTPVHUHB,"OTP Dél-dunántúli r., Dombóvár","7200 Dombóvár, Dombó Pál utca 3.",S,R
11746050,OTPVHUHB,"OTP Dél-dunántúli r., Dunaföldvár","7020 Dunaföldvár, Béke tér 11.",S,R
11746067,OTPVHUHB,"OTP Dél-dunántúli r., Hőgyész","7191 Hőgyész, Kossuth Lajos utca 6.",S,R
11746074,OTPVHUHB,"OTP Dél-dunántúli r., Hőgyész","7090 Tamási, Szabadság utca 33.",S,R
11746081,OTPVHUHB,"OTP Dél-dunántúli r., Paks","7030 Paks, Dózsa György út 33.",S,R
11746098,OTPVHUHB,"OTP Dél-dunántúli r., Simontornya","7000 Sárbogárd, Ady Endre út 172.",S,R
11746108,OTPVHUHB,"OTP Dél-dunántúli r., Tolna","7130 Tolna, Kossuth Lajos utca 31.",S,R
11746115,OTPVHUHB,OTP DDR Paks,"7030 Paks, Dózsa György út 33.",,
11746122,OTPVHUHB,"OTP Dél-dunántúli r., Bátaszék","7140 Bátaszék, Budai utca 13.",S,R
11746139,OTPVHUHB,OTP DDR Partner Centrum Szekszárd,"7100 Szekszárd, Szent István tér 5-7.",S,R
11747006,OTPVHUHB,"OTP Észak-dunántúli r., Szombathely","9700 Szombathely, Fő tér 3-5.",S,R
11747013,OTPVHUHB,"OTP Észak-dunántúli r., Szombathely","9700 Szombathely, Rohonci út 52.",S,R
11747020,OTPVHUHB,"OTP Észak-dunántúli r., Körmend","9900 Körmend, Vida József utca 12.",S,R
11747037,OTPVHUHB,"OTP Észak-dunántúli r., Sárvár","9600 Sárvár, Batthyány utca 2.",S,R
11747044,OTPVHUHB,"OTP Észak-dunántúli r., Celldömölk","9500 Celldömölk, Kossuth Lajos utca 18.",S,R
11747051,OTPVHUHB,"OTP Észak-dunántúli r., Kőszeg","9730 Kőszeg, Kossuth Lajos utca 8.",S,R
11747068,OTPVHUHB,"OTP Észak-dunántúli r., Szentgotthárd","9970 Szentgotthárd, Mártírok út 2.",S,R
11747075,OTPVHUHB,"OTP Észak-dunántúli r., Vasvár","9800 Vasvár, Alkotmány utca 2.",S,R
11747082,OTPVHUHB,"OTP Észak-dunántúli r., Bük","9737 Bük, Kossuth utca 1-3.",S,R
11747109,OTPVHUHB,"OTP Észak-dunántúli r., Szombathely","9700 Szombathely, Király utca 10.",S,R
11747147,OTPVHUHB,OTP ÉDR Szombathely Partner Centrum,"9700 Szombathely, Király utca 10.",S,R
11748007,OTPVHUHB,"OTP Észak-dunántúli r., Veszprém","8200 Veszprém, Mindszenty József utca 2.",S,R
11748021,OTPVHUHB,"OTP Észak-dunántúli r., Veszprém","8200 Veszprém, Mindszenty József utca 2.",S,R
11748038,OTPVHUHB,"OTP Észak-dunántúli r., Ajka","8400 Ajka, Szabadság tér 18.",S,R
11748045,OTPVHUHB,"OTP Észak-dunántúli r., Pápa","8500 Pápa, Fő tér 22.",S,R
11748052,OTPVHUHB,"OTP Észak-dunántúli r., Tapolca","8300 Tapolca, Fő tér 2.",S,R
11748069,OTPVHUHB,"OTP Észak-dunántúli r., Balatonfüred","8230 Balatonfüred, Petőfi Sándor utca 8.",S,R
11748076,OTPVHUHB,"OTP Észak-dunántúli r., Várpalota","8100 Várpalota, Újlaky út 2.",S,R
11748083,OTPVHUHB,"OTP Észak-dunántúli r., Balatonalmádi","8220 Balatonalmádi, Baross Gábor út 2.",S,R
11748090,OTPVHUHB,"OTP Észak-dunántúli r., Ajka","8400 Ajka, Szabadság tér 18.",S,R
11748100,OTPVHUHB,"OTP Észak-dunántúli r., Sümeg","8330 Sümeg, Kossuth Lajos utca 17.",S,R
11748117,OTPVHUHB,"OTP Észak-dunántúli r., Zirc","8420 Zirc, Rákóczi tér 15.",S,R
11748131,OTPVHUHB,"OTP Észak-dunántúli r., Pápa","8500 Pápa, Fő tér 15.",,
11749008,OTPVHUHB,"OTP Dél-dunántúli r., Zalaegerszeg","8900 Zalaegerszeg, Kisfaludy Sándor utca 15-17.",S,R
11749015,OTPVHUHB,"OTP Dél-dunántúli r., Nagykanizsa","8800 Nagykanizsa, Deák Ferenc tér 15.",S,R
11749022,OTPVHUHB,"OTP Dél-dunántúli r., Lenti","8960 Lenti, Dózsa György út 1.",S,R
11749039,OTPVHUHB,"OTP Dél-dunántúli r., Keszthely","8360 Keszthely, Kossuth Lajos utca 38.",S,R
11749046,OTPVHUHB,"OTP Dél-dunántúli r., Nagykanizsa","8800 Nagykanizsa, Deák Ferenc tér 15.",S,R
11749053,OTPVHUHB,"OTP Dél-dunántúli r., Zalaszentgrót","8790 Zalaszentgrót, Batthyány Lajos utca 11.",S,R
11749060,OTPVHUHB,"OTP Dél-dunántúli r., Nagykanizsa","8800 Nagykanizsa, Deák Ferenc tér 15.",S,R
11749077,OTPVHUHB,"OTP Dél-dunántúli r., Hévíz","8380 Hévíz, Erzsébet királyné utca 11.",S,R
11749084,OTPVHUHB,OTP DDR Partner Centrum Zalaegerszeg,"8900 Zalaegerszeg, Kisfaludy Sándor utca 15-17.",S,R
11749091,OTPVHUHB,"OTP DDR, Nagykanizsa Cashless Fiók","8800 Nagykanizsa, Erzsébet tér 23.",S,R
11751016,OTPVHUHB,OTP I. ker. Önkorm. Devizái,"1013 Budapest, Alagút utca 3.",S,R
11751023,OTPVHUHB,OTP II. ker. Önkorm. Devizái,"1027 Budapest, Margit körút 8-10.",S,R
11751030,OTPVHUHB,OTP III. ker. Önkorm. Devizái,"1033 Budapest, Flórián tér 15.",S,R
11751047,OTPVHUHB,OTP IV. ker. Önkorm. Devizái,"1041 Budapest, Erzsébet utca 50.",S,R
11751054,OTPVHUHB,OTP V. ker. Önkorm. Devizái,"1051 Budapest, Nádor utca 6.",S,R
11751061,OTPVHUHB,OTP VI. ker. Önkorm. Devizái,"1061 Budapest, Andrássy út 23.",S,R
11751078,OTPVHUHB,OTP VII. ker. Önkorm. Devizái,"1073 Budapest, Erzsébet körút 41.",S,R
11751085,OTPVHUHB,OTP VIII. ker. Önkorm. Devizái,"1085 Budapest, József körút 33.",S,R
11751092,OTPVHUHB,OTP IX. ker. Önkorm. Devizái,"1095 Budapest, Tinódi utca 9-11.",S,R
11751102,OTPVHUHB,OTP X. ker. Önkorm. Devizái,"1102 Budapest, Kőrösi Csoma Sándor út 6.",S,R
11751119,OTPVHUHB,OTP XI. ker. Önkorm. Devizái,"1115 Budapest, Bartók Béla út 92-94.",S,R
11751126,OTPVHUHB,OTP XII. ker. Önkorm. Devizái,"1124 Budapest, Apor Vilmos tér 11-12.",S,R
11751133,OTPVHUHB,OTP XIII. ker. Önkorm. Devizái,"1055 Budapest, Nyugati tér 9.",S,R
11751140,OTPVHUHB,OTP XIV. ker. Önkorm. Devizái,"1146 Budapest, Thököly út 102/B",S,R
11751157,OTPVHUHB,OTP XV. ker. Önkorm. Devizái,"1152 Budapest, Szentmihályi út 131.",S,R
11751164,OTPVHUHB,OTP XVI. ker. Önkorm. Devizái,"1163 Budapest, Jókai Mór utca 1/B",S,R
11751171,OTPVHUHB,OTP XVII. ker. Önkorm. Devizái,"1173 Budapest, Ferihegyi út 93.",S,R
11751188,OTPVHUHB,OTP XVIII. ker. Önkorm. Devizái,"1181 Budapest, Üllői út 377.",S,R
11751195,OTPVHUHB,OTP XIX. ker. Önkorm. Devizái,"1195 Budapest, Üllői út 285.",S,R
11751205,OTPVHUHB,OTP XX-XXIII. ker. Önkorm. Devizái,"1204 Budapest, Kossuth Lajos utca 44-46.",S,R
11751212,OTPVHUHB,OTP XXI. ker. Önkorm. Devizái,"1211 Budapest, Kossuth Lajos utca 99.",S,R
11751229,OTPVHUHB,OTP XXII. ker. Önkorm. Devizái,"1221 Budapest, Kossuth Lajos utca 31.",S,R
11751315,OTPVHUHB,OTP Baranya m. Önkorm. Devizái,"7621 Pécs, Király utca 11.",S,R
11751322,OTPVHUHB,OTP Bács-Kiskun m. Önkorm. Devizái,"6000 Kecskemét, Szabadság tér 1.",S,R
11751339,OTPVHUHB,OTP Békés m. Önkorm. Devizái,"5600 Békéscsaba, Andrássy út 29-33.",S,R
11751346,OTPVHUHB,OTP BAZ m. Önkorm. Devizái,"3525 Miskolc, Szemere utca 5.",S,R
11751353,OTPVHUHB,OTP Csongrád m. Önkorm. Devizái,"6720 Szeged, Klauzál tér 5.",S,R
11751360,OTPVHUHB,OTP Fejér m. Önkorm. Devizái,"8000 Székesfehérvár, Várkapu utca 1.",S,R
11751377,OTPVHUHB,OTP Győr-M-S m. Önkorm. Devizái,"9022 Győr, Teleki László utca 51.",S,R
11751384,OTPVHUHB,OTP Hajdú-Bihar m. Önkorm. Devizái,"4025 Debrecen, Hatvan utca 2-4.",S,R
11751391,OTPVHUHB,OTP Heves m. Önkorm. Devizái,"3300 Eger, Széchenyi István utca 2.",S,R
11751401,OTPVHUHB,OTP Komárom-E m. Önkorm. Devizái,"2800 Tatabánya, Fő tér 32.",S,R
11751418,OTPVHUHB,OTP Nógrád m. Önkorm. Devizái,"3100 Salgótarján, Rákóczi út 22.",S,R
11751425,OTPVHUHB,OTP Pest m. Önkorm. Devizái,"1052 Budapest, Semmelweis utca 11.",S,R
11751432,OTPVHUHB,OTP Somogy m. Önkorm. Devizái,"7400 Kaposvár, Széchenyi tér 2.",S,R
11751449,OTPVHUHB,OTP Szabolcs-Sz-B m. Önkorm. Devizái,"4400 Nyíregyháza, Rákóczi utca 1.",S,R
11751456,OTPVHUHB,OTP J-N-Szolnok m. Önkorm. Devizái,"5000 Szolnok, Szapáry utca 31.",S,R
11751463,OTPVHUHB,OTP Tolna m. Önkorm. Devizái,"7100 Szekszárd, Szent István tér 5-7.",S,R
11751470,OTPVHUHB,OTP Vas m. Önkorm. Devizái,"9700 Szombathely, Fő tér 3-5.",S,R
11751487,OTPVHUHB,OTP Veszprém m. Önkorm. Devizái,"8200 Veszprém, Óváros tér 24.",S,R
11751494,OTPVHUHB,OTP Zala m. Önkorm. Devizái,"8900 Zalaegerszeg, Kisfaludy Sándor utca 15-17.",S,R
11751841,OTPVHUHB,OTP Ker.Banki Centrum Önkorm. Devizái,"1051 Budapest, Nádor utca 6.",S,R
11751865,OTPVHUHB,OTP Pest-Buda fiók Önkorm. Devizái,"1051 Budapest, Bajcsy-Zsilinszky út 24.",S,R
11751937,OTPVHUHB,OTP Kelet-Pesti fiók Önkorm. Devizái,"1093 Budapest, Csarnok tér 3-4.",S,R
11751944,OTPVHUHB,OTP Központi fiók Önkorm. Devizái,"1052 Budapest, Deák Ferenc utca 7-9.",S,R
11751951,OTPVHUHB,OTP Budai fiók Önkorm. Devizái,"1124 Budapest, Apor Vilmos tér 11-12.",S,R
11751968,OTPVHUHB,OTP Észak-Pesti fiók Önkorm. Devizái,"1041 Budapest, Erzsébet utca 50.",S,R
11759007,OTPVHUHB,OTP Központi Számlavezetés,"1051 Budapest, Nádor utca 16.",,
11763017,OTPVHUHB,OTP I.ker. Belföldiek Devizái,"1013 Budapest, Alagút utca 3.",S,R
11763024,OTPVHUHB,OTP II.ker. Belföldiek Devizái,"1027 Budapest, Margit körút 8-10.",S,R
11763031,OTPVHUHB,OTP III.ker. Belföldiek Devizái,"1033 Budapest, Flórián tér 15.",S,R
11763048,OTPVHUHB,OTP IV.ker. Belföldiek Devizái,"1041 Budapest, Erzsébet utca 50.",S,R
11763055,OTPVHUHB,OTP V.ker. Belföldiek Devizái,"1051 Budapest, Nádor utca 6.",S,R
11763062,OTPVHUHB,OTP VI.ker. Belföldiek Devizái,"1061 Budapest, Andrássy út 23.",S,R
11763079,OTPVHUHB,OTP VII.ker. Belföldiek Devizái,"1067 Budapest, Oktogon 3.",S,R
11763086,OTPVHUHB,OTP VIII.ker. Belföldiek Devizái,"1085 Budapest, József körút 33.",S,R
11763093,OTPVHUHB,OTP IX.ker. Belföldiek Devizái,"1095 Budapest, Tinódi utca 9-11.",S,R
11763103,OTPVHUHB,OTP X.ker. Belföldiek Devizái,"1102 Budapest, Kőrösi Csoma Sándor út 6.",S,R
11763110,OTPVHUHB,OTP XI.ker. Belföldiek Devizái,"1115 Budapest, Bartók Béla út 92-94.",S,R
11763127,OTPVHUHB,OTP XII.ker. Belföldiek Devizái,"1124 Budapest, Apor Vilmos tér 11-12.",S,R
11763134,OTPVHUHB,OTP XIII.ker. Belföldiek Devizái,"1055 Budapest, Nyugati tér 9.",S,R
11763141,OTPVHUHB,OTP XIV.ker. Belföldiek Devizái,"1146 Budapest, Thököly út 102/B",S,R
11763158,OTPVHUHB,OTP XV.ker. Belföldiek Devizái,"1152 Budapest, Szentmihályi út 131.",S,R
11763165,OTPVHUHB,OTP XVI.ker. Belföldiek Devizái,"1163 Budapest, Jókai Mór utca 1/B",S,R
11763172,OTPVHUHB,OTP XVII.ker. Belföldiek Devizái,"1173 Budapest, Ferihegyi út 93.",S,R
11763189,OTPVHUHB,OTP XVIII.ker. Belföldiek Devizái,"1181 Budapest, Üllői út 377.",S,R
11763196,OTPVHUHB,OTP XIX.ker. Belföldiek Devizái,"1195 Budapest, Üllői út 285.",S,R
11763206,OTPVHUHB,OTP XX-XXIII.ker. Belföldiek Devizái,"1204 Budapest, Kossuth Lajos utca 44-46.",S,R
11763213,OTPVHUHB,OTP XXI.ker. Belföldiek Devizái,"1211 Budapest, Kossuth Lajos utca 99.",S,R
11763220,OTPVHUHB,OTP XXII.ker. Belföldiek Devizái,"1221 Budapest, Kossuth Lajos utca 31.",S,R
11763316,OTPVHUHB,OTP Baranya m. Belföldiek Devizái,"7621 Pécs, Király utca 11.",S,R
11763323,OTPVHUHB,OTP Bács-Kiskun m. Belföldiek Devizái,"6000 Kecskemét, Szabadság tér 1.",S,R
11763330,OTPVHUHB,OTP Békés m. Belföldiek Devizái,"5600 Békéscsaba, Andrássy út 29-33.",S,R
11763347,OTPVHUHB,OTP Borsod-Abaúj-Z.m. Belföldiek Devizái,"3525 Miskolc, Szemere utca 5.",S,R
11763354,OTPVHUHB,OTP Csongrád m. Belföldiek Devizái,"6720 Szeged, Klauzál tér 5.",S,R
11763361,OTPVHUHB,OTP Fejér m. Belföldiek Devizái,"8000 Székesfehérvár, Várkapu utca 1.",S,R
11763378,OTPVHUHB,OTP Győr-Moson-S. m. Belföldiek Devizái,"9022 Győr, Teleki László utca 51.",S,R
11763385,OTPVHUHB,OTP Hajdú-Bihar m. Belföldiek Devizái,"4025 Debrecen, Hatvan utca 2-4.",S,R
11763392,OTPVHUHB,OTP Heves m. Belföldiek Devizái,"3300 Eger, Széchenyi István utca 2.",S,R
11763402,OTPVHUHB,OTP Komárom-E. megyei Belföldiek Devizái,"2800 Tatabánya, Fő tér 32.",S,R
11763419,OTPVHUHB,OTP Nógrád megyei Belföldiek Devizái,"3100 Salgótarján, Rákóczi út 22.",S,R
11763426,OTPVHUHB,OTP Pest megyei Belföldiek Devizái,"1052 Budapest, Semmelweis utca 11.",S,R
11763433,OTPVHUHB,OTP Somogy megyei Belföldiek Devizái,"7400 Kaposvár, Széchenyi tér 2.",S,R
11763440,OTPVHUHB,OTP Szabolcs-Sz.-B.m. Belföldiek Devizái,"4400 Nyíregyháza, Rákóczi utca 1.",S,R
11763457,OTPVHUHB,OTP Jász-N-Sz.megyei Belföldiek Devizái,"5000 Szolnok, Szapáry utca 31.",S,R
11763464,OTPVHUHB,OTP Tolna m. Belföldiek Devizái,"7100 Szekszárd, Szent István tér 5-7.",S,R
11763471,OTPVHUHB,OTP Vas m. Belföldiek Devizái,"9700 Szombathely, Fő tér 3-5.",S,R
11763488,OTPVHUHB,OTP Veszprém m. Belföldiek Devizái,"8200 Veszprém, Óváros tér 24.",S,R
11763495,OTPVHUHB,OTP Zala m. Belföldiek Devizái,"8900 Zalaegerszeg, Kisfaludy Sándor utca 15-17.",S,R
11763804,OTPVHUHB,OTP Ker. Faktoring Belföldiek Devizái,"1131 Budapest, Babér utca 7.",S,R
11763811,OTPVHUHB,"OTP Központi r., HTC INST Központi elsz.","1131 Budapest, Babér utca 9.",S,R
11763842,OTPVHUHB,OTP Ker.Banki Centrum Belföldiek Devizái,"1051 Budapest, Nádor utca 6.",S,R
11763866,OTPVHUHB,OTP Pest-Buda Fiók Belföldiek Devizái,"1051 Budapest, Bajcsy-Zsilinszky út 24.",S,R
11763938,OTPVHUHB,OTP Kelet-Pesti Fiók Belföldiek Devizái,"1093 Budapest, Csarnok tér 3-4.",S,R
11763945,OTPVHUHB,OTP Központi Fiók Belföldiek Devizái,"1051 Budapest, Bajcsy-Zsilinszky út 24.",S,R
11763952,OTPVHUHB,OTP Budai Fiók Belföldiek Devizái,"1124 Budapest, Apor Vilmos tér 11-12.",S,R
11763969,OTPVHUHB,OTP Észak-Pesti Fiók Belföldiek Devizái,"1041 Budapest, Erzsébet utca 50.",S,R
11764018,OTPVHUHB,OTP I.ker. Külföldiek Devizái,"1013 Budapest, Alagút utca 3.",S,R
11764025,OTPVHUHB,OTP II.ker. Külföldiek Devizái,"1027 Budapest, Margit körút 8-10.",S,R
11764032,OTPVHUHB,OTP III.ker. Külföldiek Devizái,"1033 Budapest, Flórián tér 15.",S,R
11764049,OTPVHUHB,OTP IV.ker. Külföldiek Devizái,"1041 Budapest, Erzsébet utca 50.",S,R
11764056,OTPVHUHB,OTP V.ker. Külföldiek Devizái,"1051 Budapest, Nádor utca 6.",S,R
11764063,OTPVHUHB,OTP VI.ker. Külföldiek Devizái,"1061 Budapest, Andrássy út 23.",S,R
11764070,OTPVHUHB,OTP VII.ker. Külföldiek Devizái,"1067 Budapest, Oktogon 3.",S,R
11764087,OTPVHUHB,OTP VIII.ker. Külföldiek Devizái,"1085 Budapest, József körút 33.",S,R
11764094,OTPVHUHB,OTP IX.ker. Külföldiek Devizái,"1095 Budapest, Tinódi utca 9-11.",S,R
11764104,OTPVHUHB,OTP X.ker. Külföldiek Devizái,"1102 Budapest, Kőrösi Csoma Sándor út 6.",S,R
11764111,OTPVHUHB,OTP XI.ker. Külföldiek Devizái,"1115 Budapest, Bartók Béla út 92-94.",S,R
11764128,OTPVHUHB,OTP XII.ker. Külföldiek Devizái,"1124 Budapest, Apor Vilmos tér 11-12.",S,R
11764135,OTPVHUHB,OTP XIII.ker. Külföldiek Devizái,"1055 Budapest, Nyugati tér 9.",S,R
11764142,OTPVHUHB,OTP XIV.ker. Külföldiek Devizái,"1146 Budapest, Thököly út 102/B",S,R
11764159,OTPVHUHB,OTP XV.ker. Külföldiek Devizái,"1152 Budapest, Szentmihályi út 131.",S,R
11764166,OTPVHUHB,OTP XVI.ker. Külföldiek Devizái,"1163 Budapest, Jókai Mór utca 1/B",S,R
11764173,OTPVHUHB,OTP XVII.ker. Külföldiek Devizái,"1173 Budapest, Ferihegyi út 93.",S,R
11764180,OTPVHUHB,OTP XVIII.ker. Külföldiek Devizái,"1181 Budapest, Üllői út 377.",S,R
11764197,OTPVHUHB,OTP XIX.ker. Külföldiek Devizái,"1195 Budapest, Üllői út 285.",S,R
11764207,OTPVHUHB,OTP XX-XXIII.ker. Külföldiek Devizái,"1204 Budapest, Kossuth Lajos utca 44-46.",S,R
11764214,OTPVHUHB,OTP XXI.ker. Külföldiek Devizái,"1211 Budapest, Kossuth Lajos utca 99.",S,R
11764221,OTPVHUHB,OTP XXII.ker. Külföldiek Devizái,"1221 Budapest, Kossuth Lajos utca 31.",S,R
11764317,OTPVHUHB,OTP Baranya m. Külföldiek Devizái,"7621 Pécs, Király utca 11.",S,R
11764324,OTPVHUHB,OTP Bács-Kiskun m. Külföldiek Devizái,"6000 Kecskemét, Szabadság tér 1.",S,R
11764331,OTPVHUHB,OTP Békés m. Külföldiek Devizái,"5600 Békéscsaba, Andrássy út 29-33.",S,R
11764348,OTPVHUHB,OTP Borsod-Abaúj-Z.m. Külföldiek Devizái,"3525 Miskolc, Szemere utca 5.",S,R
11764355,OTPVHUHB,OTP Csongrád m. Külföldiek Devizái,"6720 Szeged, Klauzál tér 5.",S,R
11764362,OTPVHUHB,OTP Fejér m. Külföldiek Devizái,"8000 Székesfehérvár, Várkapu utca 1.",S,R
11764379,OTPVHUHB,OTP Győr-Moson-S. m. Külföldiek Devizái,"9022 Győr, Teleki László utca 51.",S,R
11764386,OTPVHUHB,OTP Hajdú-Bihar m. Külföldiek Devizái,"4025 Debrecen, Hatvan utca 2-4.",S,R
11764393,OTPVHUHB,OTP Heves m. Külföldiek Devizái,"3300 Eger, Széchenyi István utca 2.",S,R
11764403,OTPVHUHB,OTP Komárom-E. megyei Külföldiek Devizái,"2800 Tatabánya, Fő tér 32.",S,R
11764410,OTPVHUHB,OTP Nógrád megyei Külföldiek Devizái,"3100 Salgótarján, Rákóczi út 22.",S,R
11764427,OTPVHUHB,OTP Pest megyei Külföldiek Devizái,"1052 Budapest, Semmelweis utca 11.",S,R
11764434,OTPVHUHB,OTP Somogy megyei Külföldiek Devizái,"7400 Kaposvár, Széchenyi tér 2.",S,R
11764441,OTPVHUHB,OTP Szabolcs-Sz.-B.m. Külföldiek Devizái,"4400 Nyíregyháza, Rákóczi utca 1.",S,R
11764458,OTPVHUHB,OTP Jász-N-Sz. megyei Külföldiek Devizái,"5000 Szolnok, Szapáry utca 31.",S,R
11764465,OTPVHUHB,OTP Tolna m. Külföldiek Devizái,"7100 Szekszárd, Szent István tér 5-7.",S,R
11764472,OTPVHUHB,OTP Vas m. Külföldiek Devizái,"9700 Szombathely, Fő tér 3-5.",S,R
11764489,OTPVHUHB,OTP Veszprém m. Külföldiek Devizái,"8200 Veszprém, Óváros tér 24.",S,R
11764496,OTPVHUHB,OTP Zala m. Külföldiek Devizái,"8900 Zalaegerszeg, Kisfaludy Sándor utca 15-17.",S,R
11764843,OTPVHUHB,OTP Ker.Banki Centrum Külföldiek Devizái,"1051 Budapest, Nádor utca 6.",S,R
11764867,OTPVHUHB,OTP Pest-Buda Fiók Külföldiek Devizái,"1051 Budapest, Bajcsy-Zsilinszky út 24.",S,R
11764939,OTPVHUHB,OTP Kelet-Pesti Fiók Külföldiek Devizái,"1093 Budapest, Csarnok tér 3-4.",S,R
11764946,OTPVHUHB,OTP Központi Fiók Külföldiek Devizái,"1052 Budapest, Deák Ferenc utca 7-9.",S,R
11764953,OTPVHUHB,OTP Budai Fiók Külföldiek Devizái,"1124 Budapest, Apor Vilmos tér 11-12.",S,R
11764960,OTPVHUHB,OTP Észak-Pesti Fiók Külföldiek Devizái,"1041 Budapest, Erzsébet utca 50.",S,R
11766003,OTPVHUHB,OTP Országos Betétbiztosítási alap,"1051 Budapest, Nádor utca 16.",,
11769006,OTPVHUHB,OTP Központi Számlavezetés,"1051 Budapest, Nádor utca 16.",S,R
11773009,OTPVHUHB,OTP Központi Számlavezetés,"1051 Budapest, Nádor utca 16.",S,R
11773016,OTPVHUHB,OTP I.kerületi LAFO fiók,"1011 Budapest, Iskola utca 38-42.",S,R
11773023,OTPVHUHB,OTP II.kerületi LAFO fiók,"1015 Budapest, Széna tér 7.",S,R
11773030,OTPVHUHB,OTP III.kerületi LAFO fiók,"1033 Budapest, Flórián tér 15.",S,R
11773047,OTPVHUHB,OTP IV.kerületi LAFO fiók,"1042 Budapest, Árpád út 63-65.",S,R
11773054,OTPVHUHB,OTP V.kerületi LAFO fiók,"1051 Budapest, Nádor utca 6.",S,R
11773061,OTPVHUHB,OTP VI.kerületi LAFO fiók,"1061 Budapest, Andrássy út 6.",S,R
11773078,OTPVHUHB,OTP VII.kerületi LAFO fiók,"1061 Budapest, Andrássy út 6.",S,R
11773085,OTPVHUHB,OTP VIII.kerületi LAFO fiók,"1085 Budapest, József körút 36.",S,R
11773092,OTPVHUHB,OTP IX.kerületi LAFO fiók,"1094 Budapest, Ferenc körút 13.",S,R
11773102,OTPVHUHB,OTP X.kerületi LAFO fiók,"1105 Budapest, Román utca 2.",S,R
11773119,OTPVHUHB,OTP XI.kerületi LAFO fiók,"1115 Budapest, Bartók Béla út 92-94.",S,R
11773126,OTPVHUHB,OTP XII.kerületi LAFO fiók,"1115 Budapest, Bartók Béla út 92-94.",S,R
11773133,OTPVHUHB,OTP XIII.kerületi LAFO fiók,"1055 Budapest, Nyugati tér 9.",S,R
11773140,OTPVHUHB,OTP XIV.kerületi LAFO fiók,"1149 Budapest, Fogarasi út 15/B",S,R
11773157,OTPVHUHB,OTP XV.kerületi LAFO fiók,"1152 Budapest, Szentmihályi út 131.",S,R
11773164,OTPVHUHB,OTP XVI.kerületi LAFO fiók,"1163 Budapest, Jókai Mór utca 1/B",S,R
11773171,OTPVHUHB,OTP XVII.kerületi LAFO fiók,"1173 Budapest, Ferihegyi út 93.",S,R
11773188,OTPVHUHB,OTP XVIII.kerületi LAFO fiók,"1181 Budapest, Üllői út 377.",S,R
11773195,OTPVHUHB,OTP XIX.kerületi LAFO fiók,"1195 Budapest, Üllői út 285.",S,R
11773205,OTPVHUHB,OTP XX.kerületi LAFO fiók,"1204 Budapest, Kossuth Lajos utca 44-46.",S,R
11773212,OTPVHUHB,OTP XXI.kerületi LAFO fiók,"1211 Budapest, Kossuth Lajos utca 86.",S,R
11773229,OTPVHUHB,OTP XXII.kerületi LAFO fiók,"1221 Budapest, Kossuth Lajos utca 31.",S,R
11773298,OTPVHUHB,OTP Direkt Call Center,"1051 Budapest, Nádor utca 16.",S,R
11773315,OTPVHUHB,OTP Baranya megyei LAFO fiók,"7623 Pécs, Rákóczi út 44.",S,R
11773322,OTPVHUHB,OTP Bács-Kiskun megyei LAFO fiók,"6000 Kecskemét, Szabadság tér 5.",S,R
11773339,OTPVHUHB,OTP Békés megyei LAFO fiók,"5600 Békéscsaba, Szent István tér 3.",S,R
11773346,OTPVHUHB,OTP Borsod-Abaúj-Zemplén megyei LAFO f.,"3534 Miskolc, Árpád út 2.",S,R
11773353,OTPVHUHB,OTP Csongrád megyei LAFO fiók,"6720 Szeged, Takaréktár utca 7.",S,R
11773360,OTPVHUHB,OTP Fejér megyei LAFO fiók,"8000 Székesfehérvár, Ősz utca 13.",S,R
11773377,OTPVHUHB,OTP Győr-Moson-Sopron megyei LAFO fiók,"9022 Győr, Teleki László utca 51.",S,R
11773384,OTPVHUHB,OTP Hajdú-Bihar megyei LAFO fiók,"4025 Debrecen, Piac utca 45-47.",S,R
11773391,OTPVHUHB,OTP Heves megyei LAFO fiók,"3300 Eger, Széchenyi István utca 2.",S,R
11773401,OTPVHUHB,OTP Komárom-Esztergom megyei LAFO fiók,"2800 Tatabánya, Fő tér 32.",S,R
11773418,OTPVHUHB,OTP Nógrád megyei LAFO fiók,"3100 Salgótarján, Rákóczi út 12.",S,R
11773425,OTPVHUHB,OTP Pest megyei LAFO fiók,"1075 Budapest, Károly körút 25.",S,R
11773432,OTPVHUHB,OTP Somogy megyei LAFO fiók,"7400 Kaposvár, Széchenyi tér 2.",S,R
11773449,OTPVHUHB,OTP Szabolcs-Szatmár-Bereg megyei LAFO f,"4400 Nyíregyháza, Rákóczi utca 1.",S,R
11773456,OTPVHUHB,OTP Jász-Nagykun-Szolnok megyei LAFO f.,"5000 Szolnok, Nagy Imre körút 2/A",S,R
11773463,OTPVHUHB,OTP Tolna megyei LAFO fiók,"7100 Szekszárd, Szent István tér 5-7.",S,R
11773470,OTPVHUHB,OTP Vas megyei LAFO fiók,"9700 Szombathely, Király utca 10.",S,R
11773487,OTPVHUHB,OTP Veszprém megyei LAFO fiók,"8200 Veszprém, Óváros tér 24.",S,R
11773494,OTPVHUHB,OTP Zala megyei LAFO fiók,"8900 Zalaegerszeg, Kisfaludy Sándor utca 15-17.",S,R
11773504,OTPVHUHB,OTP IDC Számlavezetés,"1131 Budapest, Madarász utca 12.",S,R
11773535,OTPVHUHB,OTP Fejér megyei LAFO fiók,"8000 Székesfehérvár, Ősz utca 13.",S,R
11773683,OTPVHUHB,OTP Pest megyei LAFO fiók,"1052 Budapest, Semmelweis utca 11.",S,R
11773834,OTPVHUHB,OTP Budapesti r. Postabetét Elsz. fiók,"1089 Budapest, Kálvária tér 18.",S,R
11773944,OTPVHUHB,OTP Központi fiók - LÉNY szla. vezetés,"1051 Budapest, Nádor utca 21.",S,R
11773951,OTPVHUHB,OTP Budai fiók - LÉNY szla. vezetés,"1124 Budapest, Jagelló út 20/A",S,R
11773968,OTPVHUHB,OTP Pénzforgalmi Főosztály - BABOO,"1097 Budapest, Könyves Kálmán körút 5.",S,R
11773999,OTPVHUHB,OTP Budapesti Önkormányzati fiók LTP f.,"1054 Budapest, Báthory utca 9.",S,R
11774000,OTPVHUHB,OTP C-hitel üzletági kód,"1051 Budapest, Nádor utca 16.",,R
11774017,OTPVHUHB,OTP I.ker. B-hitel üzletági kód,"1011 Budapest, Iskola utca 38-42.",,R
11774024,OTPVHUHB,OTP II.ker. B-hitel üzletági kód,"1015 Budapest, Széna tér 7.",,R
11774031,OTPVHUHB,OTP III.ker. B-hitel üzletági kód,"1033 Budapest, Flórián tér 15.",,R
11774048,OTPVHUHB,OTP IV.ker. B-hitel üzletági kód,"1042 Budapest, Árpád út 63-65.",,R
11774055,OTPVHUHB,OTP V.ker. B-hitel üzletági kód,"1051 Budapest, Nádor utca 6.",,R
11774062,OTPVHUHB,OTP VI.ker. B-hitel üzletági kód,"1061 Budapest, Andrássy út 6.",,R
11774079,OTPVHUHB,OTP VII.ker. B-hitel üzletági kód,"1061 Budapest, Andrássy út 6.",,R
11774086,OTPVHUHB,OTP VIII.ker. B-hitel üzletági kód,"1085 Budapest, József körút 36.",,R
11774093,OTPVHUHB,OTP IX.ker. B-hitel üzletági kód,"1094 Budapest, Ferenc körút 13.",,R
11774103,OTPVHUHB,OTP X.ker. B-hitel üzletági kód,"1105 Budapest, Román utca 2.",,R
11774110,OTPVHUHB,OTP XI.ker. B-hitel üzletági kód,"1115 Budapest, Bartók Béla út 92-94.",,R
11774127,OTPVHUHB,OTP XII.ker. B-hitel üzletági kód,"1115 Budapest, Bartók Béla út 92-94.",,R
11774134,OTPVHUHB,OTP XIII.ker. B-hitel üzletági kód,"1055 Budapest, Nyugati tér 9.",,R
11774141,OTPVHUHB,OTP XIV.ker. B-hitel üzletági kód,"1149 Budapest, Fogarasi út 15/B",,R
11774158,OTPVHUHB,OTP XV.ker. B-hitel üzletági kód,"1152 Budapest, Szentmihályi út 131.",,R
11774165,OTPVHUHB,OTP XVI.ker. B-hitel üzletági kód,"1163 Budapest, Jókai Mór utca 1/B",,R
11774172,OTPVHUHB,OTP XVII.ker. B-hitel üzletági kód,"1173 Budapest, Ferihegyi út 93.",,R
11774189,OTPVHUHB,OTP XVIII.ker. B-hitel üzletági kód,"1181 Budapest, Üllői út 377.",,R
11774196,OTPVHUHB,OTP XIX.ker. B-hitel üzletági kód,"1195 Budapest, Üllői út 285.",,R
11774206,OTPVHUHB,OTP XX.ker. B-hitel üzletági kód,"1204 Budapest, Kossuth Lajos utca 44-46.",,R
11774213,OTPVHUHB,OTP XXI.ker. B-hitel üzletági kód,"1211 Budapest, Kossuth Lajos utca 86.",,R
11774220,OTPVHUHB,OTP XXII.ker. B-hitel üzletági kód,"1221 Budapest, Kossuth Lajos utca 31.",,R
11774299,OTPVHUHB,OTP Központi számlavezetés (Call Center),"1064 Budapest, Podmaniczky utca 65.",S,R
11774316,OTPVHUHB,OTP Baranya m. B-hitel üzletági kód,"7623 Pécs, Rákóczi út 44.",,R
11774323,OTPVHUHB,OTP Bács-Kiskun m. B-hitel üzletági kód,"6000 Kecskemét, Szabadság tér 5.",,R
11774330,OTPVHUHB,OTP Békés m. B-hitel üzletági kód,"5600 Békéscsaba, Szent István tér 3.",,R
11774347,OTPVHUHB,OTP BAZ m. B-hitel üzletági kód,"3534 Miskolc, Árpád út 2.",,R
11774354,OTPVHUHB,OTP Csongrád m. B-hitel üzletági kód,"6720 Szeged, Takaréktár utca 7.",,R
11774361,OTPVHUHB,OTP Fejér m. B-hitel üzletági kód,"8000 Székesfehérvár, Ősz utca 13.",,R
11774378,OTPVHUHB,OTP Győr-Moson-Sopron B-hitel ü.ági kód,"9023 Győr, Bartók Béla út 53/B",,R
11774385,OTPVHUHB,OTP Hajdú-Bihar m. B-hitel üzletági kód,"4025 Debrecen, Piac utca 45-47.",,R
11774392,OTPVHUHB,OTP Heves m. B-hitel üzletági kód,"3300 Eger, Széchenyi István utca 2.",,R
11774402,OTPVHUHB,OTP Komárom-Esztergom m.B-hit. ü.ági kód,"2800 Tatabánya, Fő tér 32.",,R
11774419,OTPVHUHB,OTP Nógrád m. B-hitel üzletági kód,"3100 Salgótarján, Rákóczi út 12.",,R
11774426,OTPVHUHB,OTP Pest m. B-hitel üzletági kód,"1052 Budapest, Semmelweis utca 11.",,R
11774433,OTPVHUHB,OTP Somogy m. B-hitel üzletági kód,"7400 Kaposvár, Széchenyi tér 2.",,R
11774440,OTPVHUHB,OTP Szabolcs-Szatmár-B.m. B-hit. ü.ági k,"4400 Nyíregyháza, Rákóczi utca 1.",,R
11774457,OTPVHUHB,OTP Jász-Nagykun-Sz. m. B-hitel ü.ági k.,"5000 Szolnok, Nagy Imre körút 2/A",,R
11774464,OTPVHUHB,OTP Tolna m. B-hitel üzletági kód,"7100 Szekszárd, Szent István tér 5-7.",,R
11774471,OTPVHUHB,OTP Vas m. B-hitel üzletági kód,"9700 Szombathely, Király utca 10.",,R
11774488,OTPVHUHB,OTP Veszprém m. B-hitel üzletági kód,"8200 Veszprém, Óváros tér 24.",,R
11774495,OTPVHUHB,OTP Zala m. B-hitel üzletági kód,"8900 Zalaegerszeg, Kisfaludy Sándor utca 15-17.",,R
11774536,OTPVHUHB,OTP Fejér m. B-hitel üzletági kód,"8000 Székesfehérvár, Ősz utca 13.",,R
11774684,OTPVHUHB,OTP Pest m. B-hitel üzletági kód,"1052 Budapest, Semmelweis utca 11.",,R
11774880,OTPVHUHB,OTP B-hitel Plussz üzletági kód,"1054 Budapest, Szabadság tér 7.",,R
11775018,OTPVHUHB,OTP I.ker. Lakossági Deviza,"1011 Budapest, Iskola utca 38-42.",S,R
11775025,OTPVHUHB,OTP II.ker. Lakossági Deviza,"1027 Budapest, Margit körút 8-10.",S,R
11775032,OTPVHUHB,OTP III.ker. Lakossági Deviza,"1033 Budapest, Flórián tér 15.",S,R
11775049,OTPVHUHB,OTP IV.ker. Lakossági Deviza,"1041 Budapest, Erzsébet utca 50.",S,R
11775056,OTPVHUHB,OTP V.ker. Lakossági Deviza,"1051 Budapest, Nádor utca 6.",S,R
11775063,OTPVHUHB,OTP VI.ker. Lakossági Deviza,"1061 Budapest, Andrássy út 23.",S,R
11775070,OTPVHUHB,OTP VII.ker. Lakossági Deviza,"1073 Budapest, Erzsébet körút 41.",S,R
11775087,OTPVHUHB,OTP VIII.ker. Lakossági Deviza,"1085 Budapest, József körút 33.",S,R
11775094,OTPVHUHB,OTP IX.ker. Lakossági Deviza,"1095 Budapest, Tinódi utca 9-11.",S,R
11775104,OTPVHUHB,OTP X.ker. Lakossági Deviza,"1102 Budapest, Kőrösi Csoma Sándor út 6.",S,R
11775111,OTPVHUHB,OTP XI.ker. Lakossági Deviza,"1115 Budapest, Bartók Béla út 92-94.",S,R
11775128,OTPVHUHB,OTP XII.ker. Lakossági Deviza,"1124 Budapest, Apor Vilmos tér 11-12.",S,R
11775135,OTPVHUHB,OTP XIII.ker. Lakossági Deviza,"1055 Budapest, Nyugati tér 9.",S,R
11775142,OTPVHUHB,OTP XIV.ker. Lakossági Deviza,"1146 Budapest, Thököly út 102/B",S,R
11775159,OTPVHUHB,OTP XV.ker. Lakossági Deviza,"1152 Budapest, Szentmihályi út 131.",S,R
11775166,OTPVHUHB,OTP XVI.ker. Lakossági Deviza,"1163 Budapest, Jókai Mór utca 1/B",S,R
11775173,OTPVHUHB,OTP XVII.ker. Lakossági Deviza,"1173 Budapest, Ferihegyi út 93.",S,R
11775180,OTPVHUHB,OTP XVIII.ker. Lakossági Deviza,"1181 Budapest, Üllői út 377.",S,R
11775197,OTPVHUHB,OTP XIX.ker. Lakossági Deviza,"1195 Budapest, Üllői út 285.",S,R
11775207,OTPVHUHB,OTP XX-XXIII.ker. Lakossági Deviza,"1204 Budapest, Kossuth Lajos utca 44-46.",S,R
11775214,OTPVHUHB,OTP XXI.ker. Lakossági Deviza,"1211 Budapest, Kossuth Lajos utca 99.",S,R
11775221,OTPVHUHB,OTP XXII.ker. Lakossági Deviza,"1221 Budapest, Kossuth Lajos utca 31.",S,R
11775317,OTPVHUHB,OTP Baranya megyei Lakossági Deviza,"7621 Pécs, Király utca 11.",S,R
11775324,OTPVHUHB,OTP Bács-Kiskun megyei Lakossági Deviza,"6000 Kecskemét, Szabadság tér 1.",S,R
11775331,OTPVHUHB,OTP Békés megyei Lakossági Deviza,"5600 Békéscsaba, Andrássy út 29-33.",S,R
11775348,OTPVHUHB,OTP Borsod-A.-Z. megyei Lakossági Deviza,"3525 Miskolc, Szemere utca 5.",S,R
11775355,OTPVHUHB,OTP Csongrád megyei Lakossági Deviza,"6720 Szeged, Klauzál tér 5.",S,R
11775362,OTPVHUHB,OTP Fejér megyei Lakossági Deviza,"8000 Székesfehérvár, Várkapu utca 1.",S,R
11775379,OTPVHUHB,OTP Győr-M.-S. megyei Lakossági Deviza,"9022 Győr, Teleki László utca 51.",S,R
11775386,OTPVHUHB,OTP Hajdú-Bihar megyei Lakossági Deviza,"4025 Debrecen, Hatvan utca 2-4.",S,R
11775393,OTPVHUHB,OTP Heves megyei Lakossági Deviza,"3300 Eger, Széchenyi István utca 2.",S,R
11775403,OTPVHUHB,OTP Komárom-E. megyei Lakossági Deviza,"2800 Tatabánya, Fő tér 32.",S,R
11775410,OTPVHUHB,OTP Nógrád megyei Lakossági Deviza,"3100 Salgótarján, Rákóczi út 22.",S,R
11775427,OTPVHUHB,OTP Pest megyei Lakossági Deviza,"1075 Budapest, Károly körút 25.",S,R
11775434,OTPVHUHB,OTP Somogy megyei Lakossági Deviza,"7400 Kaposvár, Széchenyi tér 2.",S,R
11775441,OTPVHUHB,OTP Szabolcs-Sz.-B.m. Lakossági Deviza,"4400 Nyíregyháza, Rákóczi utca 1.",S,R
11775458,OTPVHUHB,OTP Jász-N-Sz. megyei Lakossági Deviza,"5000 Szolnok, Szapáry utca 31.",S,R
11775465,OTPVHUHB,OTP Tolna megyei Lakossági Deviza,"7100 Szekszárd, Szent István tér 5-7.",S,R
11775472,OTPVHUHB,OTP Vas megyei Lakossági Deviza,"9700 Szombathely, Fő tér 3-5.",S,R
11775489,OTPVHUHB,OTP Veszprém megyei Lakossági Deviza,"8200 Veszprém, Óváros tér 24.",S,R
11775496,OTPVHUHB,OTP Zala megyei Lakossági Deviza,"8900 Zalaegerszeg, Kisfaludy Sándor utca 15-17.",S,R
11775506,OTPVHUHB,OTP Lakossági deviza,"1131 Budapest, Babér utca 9.",S,R
11775513,OTPVHUHB,OTP Lakossági deviza,"1131 Budapest, Babér utca 9.",S,R
11775520,OTPVHUHB,OTP Lakossági deviza,"1131 Budapest, Babér utca 9.",S,R
11775946,OTPVHUHB,OTP Központi fiók - Lakossági Deviza,"1054 Budapest, Szabadság tér 7.",S,R
11776019,OTPVHUHB,OTP I. kerületi LAFO fiók,"1011 Budapest, Iskola utca 38-42.",,R
11776026,OTPVHUHB,OTP II. kerületi LAFO fiók,"1015 Budapest, Széna tér 7.",,R
11776033,OTPVHUHB,OTP III. kerületi LAFO fiók,"1033 Budapest, Flórián tér 15.",,R
11776040,OTPVHUHB,OTP IV. kerületi LAFO fiók,"1042 Budapest, Árpád út 63-65.",,R
11776057,OTPVHUHB,OTP V. kerületi LAFO fiók,"1051 Budapest, Nádor utca 6.",,R
11776064,OTPVHUHB,OTP VI. kerületi LAFO fiók,"1061 Budapest, Andrássy út 6.",,R
11776071,OTPVHUHB,OTP VII. kerületi LAFO fiók,"1061 Budapest, Andrássy út 6.",,R
11776088,OTPVHUHB,OTP VIII. kerületi LAFO fiók,"1085 Budapest, József körút 36.",,R
11776095,OTPVHUHB,OTP IX. kerületi LAFO fiók,"1094 Budapest, Ferenc körút 13.",,R
11776105,OTPVHUHB,OTP X. kerületi LAFO fiók,"1105 Budapest, Román utca 2.",,R
11776112,OTPVHUHB,OTP XI. kerületi LAFO fiók,"1115 Budapest, Bartók Béla út 92-94.",,R
11776129,OTPVHUHB,OTP XII. kerületi LAFO fiók,"1115 Budapest, Bartók Béla út 92-94.",,R
11776136,OTPVHUHB,OTP XIII. kerületi LAFO fiók,"1055 Budapest, Nyugati tér 9.",,R
11776143,OTPVHUHB,OTP XIV. kerületi LAFO fiók,"1149 Budapest, Fogarasi út 15/B",,R
11776150,OTPVHUHB,OTP XV. kerületi LAFO fiók,"1152 Budapest, Szentmihályi út 131.",,R
11776167,OTPVHUHB,OTP XVI. kerületi LAFO fiók,"1163 Budapest, Jókai Mór utca 1/B",,R
11776174,OTPVHUHB,OTP XVII. kerületi LAFO fiók,"1173 Budapest, Ferihegyi út 93.",,R
11776181,OTPVHUHB,OTP XVIII. kerületi LAFO fiók,"1181 Budapest, Üllői út 377.",,R
11776198,OTPVHUHB,OTP XIX. kerületi LAFO fiók,"1195 Budapest, Üllői út 285.",,R
11776208,OTPVHUHB,OTP XX. kerületi LAFO fiók,"1204 Budapest, Kossuth Lajos utca 44-46.",,R
11776215,OTPVHUHB,OTP XXI. kerületi LAFO fiók,"1211 Budapest, Kossuth Lajos utca 86.",,R
11776222,OTPVHUHB,OTP XXII. kerületi LAFO fiók,"1221 Budapest, Kossuth Lajos utca 31.",,R
11776318,OTPVHUHB,OTP Baranya megyei LAFO fiók,"7623 Pécs, Rákóczi út 44.",,R
11776325,OTPVHUHB,OTP Bács-Kiskun megyei LAFO fiók,"6000 Kecskemét, Szabadság tér 5.",,R
11776332,OTPVHUHB,OTP Békés megyei LAFO fiók,"5600 Békéscsaba, Szent István tér 3.",,R
11776349,OTPVHUHB,OTP Borsod-Abaúj-Zemplén megyei LAFO f.,"3534 Miskolc, Árpád út 2.",,R
11776356,OTPVHUHB,OTP Csongrád megyei LAFO fiók,"6720 Szeged, Takaréktár utca 7.",,R
11776363,OTPVHUHB,OTP Fejér megyei LAFO fiók,"8000 Székesfehérvár, Ősz utca 13.",,R
11776370,OTPVHUHB,OTP Győr-Moson-Sopron megyei LAFO fiók,"9022 Győr, Teleki László utca 51.",,R
11776387,OTPVHUHB,OTP Hajdú-Bihar megyei LAFO fiók,"4025 Debrecen, Piac utca 45-47.",,R
11776394,OTPVHUHB,OTP Heves megyei LAFO fiók,"3300 Eger, Széchenyi István utca 2.",,R
11776404,OTPVHUHB,OTP Komárom-Esztergom megyei LAFO fiók,"2800 Tatabánya, Fő tér 32.",,R
11776411,OTPVHUHB,OTP Nógrád megyei LAFO fiók,"3100 Salgótarján, Rákóczi út 12.",,R
11776428,OTPVHUHB,OTP Pest megyei LAFO fiók,"1075 Budapest, Károly körút 25.",,R
11776435,OTPVHUHB,OTP Somogy megyei LAFO fiók,"7400 Kaposvár, Széchenyi tér 2.",,R
11776442,OTPVHUHB,OTP Szabolcs-Szatmár-Bereg megyei LAFO f,"4400 Nyíregyháza, Rákóczi utca 1.",,R
11776459,OTPVHUHB,OTP Jász-Nagykun-Szolnok megyei LAFO f.,"5000 Szolnok, Nagy Imre körút 2/A",,R
11776466,OTPVHUHB,OTP Tolna megyei LAFO fiók,"7100 Szekszárd, Szent István tér 5-7.",,R
11776473,OTPVHUHB,OTP Vas megyei LAFO fiók,"9700 Szombathely, Király utca 10.",,R
11776480,OTPVHUHB,OTP Veszprém megyei LAFO fiók,"8200 Veszprém, Óváros tér 24.",,R
11776497,OTPVHUHB,OTP Zala megyei LAFO fiók,"8900 Zalaegerszeg, Kisfaludy Sándor utca 15-17.",,R
11776538,OTPVHUHB,OTP Fejér megyei LAFO fiók,"8000 Székesfehérvár, Ősz utca 13.",,R
11776686,OTPVHUHB,OTP Pest megyei LAFO fiók,"1052 Budapest, Semmelweis utca 11.",,R
11776837,OTPVHUHB,OTP Központ Lekötött postai lak.betét,"1097 Budapest, Könyves Kálmán körút 5.",,
11776961,OTPVHUHB,OTP Pénzforgalmi Főosztály - BABOO,"1097 Budapest, Könyves Kálmán körút 5.",,R
11777010,OTPVHUHB,OTP I. ker. ITB üzletági kód,"1033 Budapest, Flórián tér 15.",,
11777027,OTPVHUHB,OTP II. ker. ITB üzletági kód,"1033 Budapest, Flórián tér 15.",,
11777034,OTPVHUHB,OTP III. ker. ITB üzletági kód,"1033 Budapest, Flórián tér 15.",,
11777041,OTPVHUHB,OTP IV. ker. ITB üzletági kód,"1146 Budapest, Thököly út 102/B",,
11777058,OTPVHUHB,OTP V. ker. ITB üzletági kód,"1085 Budapest, József körút 53.",,
11777065,OTPVHUHB,OTP VI. ker. ITB üzletági kód,"1085 Budapest, József körút 53.",,
11777072,OTPVHUHB,OTP VII. ker. ITB üzletági kód,"1085 Budapest, József körút 53.",,
11777089,OTPVHUHB,OTP VIII. ker. ITB üzletági kód,"1085 Budapest, József körút 53.",,
11777096,OTPVHUHB,OTP IX. ker. ITB üzletági kód,"1098 Budapest, Lobogó utca 18.",,
11777106,OTPVHUHB,OTP X. ker. ITB üzletági kód,"1098 Budapest, Lobogó utca 18.",,
11777113,OTPVHUHB,OTP XI. ker. ITB üzletági kód,"1033 Budapest, Flórián tér 15.",,
11777120,OTPVHUHB,OTP XII. ker. ITB üzletági kód,"1033 Budapest, Flórián tér 15.",,
11777137,OTPVHUHB,OTP XIII. ker. ITB üzletági kód,"1146 Budapest, Thököly út 102/B",,
11777144,OTPVHUHB,OTP XIV. ker. ITB üzletági kód,"1146 Budapest, Thököly út 102/B",,
11777151,OTPVHUHB,OTP XV. ker. ITB üzletági kód,"1146 Budapest, Thököly út 102/B",,
11777168,OTPVHUHB,OTP XVI. ker. ITB üzletági kód,"1146 Budapest, Thököly út 102/B",,
11777175,OTPVHUHB,OTP XVII. ker. ITB üzletági kód,"1146 Budapest, Thököly út 102/B",,
11777182,OTPVHUHB,OTP XVIII. ker. ITB üzletági kód,"1098 Budapest, Lobogó utca 18.",,
11777199,OTPVHUHB,OTP XIX. ker. ITB üzletági kód,"1098 Budapest, Lobogó utca 18.",,
11777209,OTPVHUHB,OTP XX-XXIII. ker. ITB üzletági kód,"1098 Budapest, Lobogó utca 18.",,
11777216,OTPVHUHB,OTP XXI. ker. ITB üzletági kód,"1098 Budapest, Lobogó utca 18.",,
11777319,OTPVHUHB,OTP Baranya m. ITB üzletági kód,"7623 Pécs, Rákóczi út 44.",,
11777326,OTPVHUHB,OTP Bács-Kiskun m. ITB üzletági kód,"6000 Kecskemét, Szabadság tér 5.",,
11777333,OTPVHUHB,OTP Békés m. ITB üzletági kód,"5600 Békéscsaba, Szent István tér 3.",,
11777340,OTPVHUHB,OTP BAZ m. ITB üzletági kód,"3525 Miskolc, Szemere utca 5.",,
11777357,OTPVHUHB,OTP Csongrád m. ITB üzletági kód,"6724 Szeged, Vértói út 1.",,
11777364,OTPVHUHB,OTP Fejér m. ITB üzletági kód,"8000 Székesfehérvár, Ősz utca 13.",,
11777371,OTPVHUHB,OTP Győr-Moson-S. m . ITB üzletági kód,"9024 Győr, Kormos István utca 6.",,
11777388,OTPVHUHB,OTP Hajdú-Bihar m. ITB üzletági kód,"4032 Debrecen, Füredi út 43.",,
11777395,OTPVHUHB,OTP Heves m. ITB üzletági kód,"3300 Eger, Széchenyi István utca 2.",,
11777405,OTPVHUHB,OTP Komárom-E. m. ITB üzletági kód,"2800 Tatabánya, Fő tér 32.",,
11777412,OTPVHUHB,OTP Nógrád m. ITB üzletági kód,"3100 Salgótarján, Rákóczi út 22.",,
11777429,OTPVHUHB,OTP Pest m. ITB üzletági kód,"1052 Budapest, Semmelweis utca 11.",,
11777436,OTPVHUHB,OTP Somogy m. ITB üzletági kód,"7400 Kaposvár, Széchenyi tér 2.",,
11777443,OTPVHUHB,OTP Szabolcs-Sz.-B. m. ITB üzletági kód,"4400 Nyíregyháza, Rákóczi utca 1.",,
11777450,OTPVHUHB,OTP Jász-N.-Szolnok m. ITB üzletági kód,"5000 Szolnok, Nagy Imre körút 2/A",,
11777467,OTPVHUHB,OTP Tolna m. ITB üzletági kód,"7100 Szekszárd, Szent István tér 5-7.",,
11777474,OTPVHUHB,OTP Vas m. ITB üzletági kód,"9700 Szombathely, Király utca 10.",,
11777481,OTPVHUHB,OTP Veszprém m. ITB üzletági kód,"8200 Veszprém, Mindszenty József utca 2.",,
11777498,OTPVHUHB,OTP Zala m. ITB üzletági kód,"8900 Zalaegerszeg, Kisfaludy Sándor utca 15-17.",,
11778004,OTPVHUHB,OTP Mobil betét számla,"1051 Budapest, Nádor utca 16.",,
11778994,OTPVHUHB,OTP Mobil betétszámla,"1051 Budapest, Nádor utca 16.",,
11780005,OTPVHUHB,OTP Központ Budapest,"1051 Budapest, Nádor utca 16.",S,R
11780029,OTPVHUHB,OTP Központ KKFO,"1131 Budapest, Babér utca 9.",S,R
11780809,OTPVHUHB,OTP Ker. Faktoring,"1131 Budapest, Babér utca 7.",S,R
11780816,OTPVHUHB,OTP LTP Pénzforgalom,"1131 Budapest, Babér utca 9.",S,R
11780847,OTPVHUHB,OTP JZB Pénzforgalom,"1131 Budapest, Babér utca 9.",S,R
11781006,OTPVHUHB,OTP Elszámolásforgalmi Back-Office Oszt.,"1051 Budapest, Nádor utca 16.",S,R
11781013,OTPVHUHB,OTP EBOO Központi kezelésű szla.,"1051 Budapest, Nádor utca 16.",S,R
11781020,OTPVHUHB,OTP EBOO VIBER technikai szla.,"1051 Budapest, Nádor utca 16.",S,R
11781037,OTPVHUHB,OTP EBOO Központi rendezésű tételek,"1051 Budapest, Nádor utca 16.",S,R
11781051,OTPVHUHB,OTP IG2 Központi Elszámolás EBOO,"1051 Budapest, Nádor utca 16.",S,R
11781068,OTPVHUHB,OTP HTC INST KÖZPONTI ELSZÁMOLÁS,"1131 Budapest, Babér utca 9.",S,R
11782007,OTPVHUHB,OTP Bankszámla Műveletek Back-Office O,"1051 Budapest, Nádor utca 16.",S,R
11782100,OTPVHUHB,OTP Központi Letétkezelés,"1131 Budapest, Babér utca 9.",S,R
11782117,OTPVHUHB,OTP EU VÁLLALATI TANÁCSADÁS,"1051 Budapest, Nádor utca 21",S,R
11782131,OTPVHUHB,OTP Főkönyvi Könyvelési Oszt.,"1051 Budapest, Nádor utca 16.",,
11782148,OTPVHUHB,OTP Főkönyvi Könyvelési Oszt.,"1051 Budapest, Nádor utca 16.",,
11783008,OTPVHUHB,OTP Központ PFO - HÜMBOO,"1097 Budapest, Könyves Kálmán körút 5.",S,R
11784009,OTPVHUHB,OTP Kereskedelmi Banki Centrum,"1051 Budapest, Nádor utca 6.",S,R
11786001,OTPVHUHB,"OTP Budapesti r., VI. Andrássy út","1061 Budapest, Andrássy út 6.",S,R
11790004,OTPVHUHB,OTP Központi Back-Office (KBO),"1051 Budapest, Nádor utca 16.",S,R
11790011,OTPVHUHB,OTP HABOF Vállalkozói Hitelek Osztály,"1097 Budapest, Könyves Kálmán körút 5.",S,R
11790028,OTPVHUHB,OTP HABOF HHO-EBOO,"1097 Budapest, Könyves Kálmán körút 5.",S,R
11790042,OTPVHUHB,OTP Betétadminisztrációs Backoffice O.,"8900 Zalaegerszeg, Kisfaludy Sándor utca 15-17.",S,R
11790059,OTPVHUHB,OTP  Technikai Fiók LMS számlákhoz,"1131 Budapest, Babér utca 9.",S,R
11791005,OTPVHUHB,OTP Bankkártya Fejl. És Üzem. O.,"1131 Budapest, Babér utca 9.",,
11792006,OTPVHUHB,OTP Balatonszemesi Üdülő,"8636 Balatonszemes, Parti sétány 159.",,
11793007,OTPVHUHB,"OTP Budapesti r., IX., Banki fiók","1195 Budapest, Üllői út 285.",S,R
11794008,OTPVHUHB,"OTP Budapesti r., Központi fiók","1051 Budapest, Bajcsy-Zsilinszky út 24.",S,R
11794015,OTPVHUHB,"OTP Budapesti r., V. Bankcenter fiók","1054 Budapest, Szabadság tér 7.",S,R
11794022,OTPVHUHB,OTP Központi f. - Csoporttagi cégek fin.,"1051 Budapest, Nádor utca 21.",S,R
11794039,OTPVHUHB,OTP Hálózati ALM,"1052 Budapest, Deák Ferenc utca 7-9.",S,R
11794046,OTPVHUHB,OTP EU Vállalati Tanácsadás,"1051 Budapest, Nádor utca 21.",S,R
11794101,OTPVHUHB,"OTP BPR,Bank-és Pénzügyi Int. Kapcs. O.","1131 Budapest, Babér utca 9.",S,R
11794503,OTPVHUHB,OTP Kereskedelmi Banki Hitelcentrum,"1051 Budapest, Bajcsy-Zsilinszky út 24.",,
11794510,OTPVHUHB,OTP Budapesti Önkormányzati Fiók,"1054 Budapest, Báthory utca 9.",,
11795009,OTPVHUHB,"OTP Budapesti r., Budapest","1033 Budapest, Flórián tér 15.",S,R
11795016,OTPVHUHB,OTP Értékpapír Főosztály,"1131 Budapest, Babér utca 9.",,
11795504,OTPVHUHB,OTP Bp. Back Office Főosztály,"1131 Budapest, Babér utca 9.",,
11796000,OTPVHUHB,OTP Pénzforgalmi Főosztály - BABOO,"1097 Budapest, Könyves Kálmán körút 5.",S,R
11796017,OTPVHUHB,OTP Pénzforgalmi Főosztály - BABOO,"1097 Budapest, Könyves Kálmán körút 5.",S,R
11799010,OTPVHUHB,OTP Értékpapír-forgalom Technikai Fiók,"1131 Budapest, Babér utca 9.",,
11799096,OTPVHUHB,OTP Jelzálog Bank Rt.,"1131 Budapest, Babér utca 9.",,R
11799515,OTPVHUHB,OTP CCSZF TÁVSZAKI FIÓK,"1051 Budapest, Nádor utca 16.",S,R
11799601,OTPVHUHB,OTP Faktoring - vállalkozási régió,"1023 Budapest, Frankel Leó út 21-23.",,R
11799618,OTPVHUHB,OTP Faktoring - lakossági r.-fedezetlen,"1023 Budapest, Frankel Leó út 21-23.",,R
11799625,OTPVHUHB,"OTP Faktoring - lakossági r.,-fedezett","1023 Budapest, Frankel Leó út 21-23.",,R
11799632,OTPVHUHB,OTP Faktoring - Észak-magyaro-i r.,"3530 Miskolc, Széchenyi István út 46.",,R
11799649,OTPVHUHB,OTP Faktoring - Észak-alföldi régió,"4025 Debrecen, Piac utca 45-47.",,R
11799656,OTPVHUHB,OTP Faktoring - Dél-alföldi régió,"6000 Kecskemét, Rákóczi út 20-22.",,R
11799663,OTPVHUHB,OTP Faktoring - Dél-dunántúli régió,"7624 Pécs, Hungária utca 12.",,R
11799670,OTPVHUHB,OTP Faktoring - Nyugat-dunántúli régió,"8900 Zalaegerszeg, Kisfaludy Sándor utca 15-17.",,R
11799687,OTPVHUHB,OTP Faktoring - Közép-dunántúli régió,"8000 Székesfehérvár, Bástya utca 8.",,R
11799694,OTPVHUHB,OTP Faktoring - Külső kezelők,"1066 Budapest, Mozsár utca 8.",,R
11799704,OTPVHUHB,OTP Faktoring - OTP Bank köv. kezelő,"1066 Budapest, Mozsár utca 8.",,R
11799728,OTPVHUHB,OTP Azonnali kölcsön-internet (DSP),"1204 Budapest, Kossuth Lajos utca 84.",S,R
11799735,OTPVHUHB,OTP SZÉP Kártya Technikai Fiók,"1131 Budapest, Madarász utca 12.",,
11799962,OTPVHUHB,OTP Elektronikus Banki Igazgatóság,"1051 Budapest, Nádor utca 16.",S,R
11799979,OTPVHUHB,OTP Omnichannel Tribe,"1131 Budapest, Babér utca 9.",S,R
11799986,OTPVHUHB,OTP LTP hitelszámlák (KKFO),"1131 Budapest, Babér utca 9.",,
11800000,INTFBGSF,iCARD AD,"9009 Varna, Building Park Varna B1",S,R
11901558,GIBAHUHB,Erste Bank Zrt.,"1138 Budapest, Népfürdő utca 24-26.",S,R
11901572,GIBAHUHB,Erste Bank Zrt.,"1138 Budapest, Népfürdő utca 24-26.",S,R
11901589,GIBAHUHB,Erste Bank Zrt.,"1138 Budapest, Népfürdő utca 24-26.",S,R
11901596,GIBAHUHB,Erste Bank Zrt.,"1138 Budapest, Népfürdő utca 24-26.",S,R
11901871,GIBAHUHB,Erste Bank Zrt.,"1138 Budapest, Népfürdő utca 24-26.",S,R
11906405,GIBAHUHB,Erste Bank Zrt.,"1138 Budapest, Népfürdő utca 24-26.",S,R
11909518,GIBAHUHB,Erste Bank Zrt.,"1138 Budapest, Népfürdő utca 24-26.",S,R
11944447,GIBAHUHB,Erste Bank Zrt.,"1138 Budapest, Népfürdő utca 24-26.",S,R
11990101,GIBAHUHB,Erste Bank Zrt.,"1138 Budapest, Népfürdő utca 24-26.",S,R
11991009,GIBAHUHB,Erste Bank Zrt.,"1138 Budapest, Népfürdő utca 24-26.",S,R
11991085,GIBAHUHB,Erste Bank Zrt.,"1138 Budapest, Népfürdő utca 24-26.",S,R
11991092,GIBAHUHB,Erste Bank Zrt.,"1138 Budapest, Népfürdő utca 24-26.",S,R
11991102,GIBAHUHB,Erste Bank Zrt.,"1138 Budapest, Népfürdő utca 24-26.",S,R
11991119,GIBAHUHB,Erste Bank Zrt.,"1138 Budapest, Népfürdő utca 24-26.",S,R
11991212,GIBAHUHB,Erste Bank Zrt.,"1138 Budapest, Népfürdő utca 24-26.",S,R
11991229,GIBAHUHB,Erste Bank Zrt.,"1138 Budapest, Népfürdő utca 24-26.",S,R
11991250,GIBAHUHB,Erste Bank Zrt.,"1138 Budapest, Népfürdő utca 24-26.",S,R
11991267,GIBAHUHB,Erste Bank Zrt.,"1138 Budapest, Népfürdő utca 24-26.",S,R
11991281,GIBAHUHB,Erste Bank Zrt.,"1138 Budapest, Népfürdő utca 24-26.",S,R
11991298,GIBAHUHB,Erste Bank Zrt.,"1138 Budapest, Népfürdő utca 24-26.",S,R
11991308,GIBAHUHB,Erste Bank Zrt.,"1138 Budapest, Népfürdő utca 24-26.",S,R
11991315,GIBAHUHB,Erste Bank Zrt.,"1138 Budapest, Népfürdő utca 24-26.",S,R
11992000,GIBAHUHB,Erste Bank Zrt.,"1138 Budapest, Népfürdő utca 24-26.",S,R
11992024,GIBAHUHB,Erste Bank Zrt.,"1138 Budapest, Népfürdő utca 24-26.",S,R
11992141,GIBAHUHB,Erste Bank Zrt.,"1138 Budapest, Népfürdő utca 24-26.",S,R
11992206,GIBAHUHB,Erste Bank Zrt.,"1138 Budapest, Népfürdő utca 24-26.",S,R
11992309,GIBAHUHB,Erste Bank Zrt.,"1138 Budapest, Népfürdő utca 24-26.",S,R
11992402,GIBAHUHB,Erste Bank Zrt.,"1138 Budapest, Népfürdő utca 24-26.",S,R
11992464,GIBAHUHB,Erste Bank Zrt.,"1138 Budapest, Népfürdő utca 24-26.",S,R
11992505,GIBAHUHB,Erste Bank Zrt.,"1138 Budapest, Népfürdő utca 24-26.",S,R
11992608,GIBAHUHB,Erste Bank Zrt.,"1138 Budapest, Népfürdő utca 24-26.",S,R
11992804,GIBAHUHB,Erste Bank Zrt.,"1138 Budapest, Népfürdő utca 24-26.",S,R
11992952,GIBAHUHB,Erste Bank Zrt.,"1138 Budapest, Népfürdő utca 24-26.",S,R
11992969,GIBAHUHB,Erste Bank Zrt.,"1138 Budapest, Népfürdő utca 24-26.",S,R
11992976,GIBAHUHB,Erste Bank Zrt.,"1138 Budapest, Népfürdő utca 24-26.",S,R
11993001,GIBAHUHB,Erste Bank Zrt.,"1138 Budapest, Népfürdő utca 24-26.",S,R
11993300,GIBAHUHB,Erste Bank Zrt.,"1138 Budapest, Népfürdő utca 24-26.",S,R
11993403,GIBAHUHB,Erste Bank Zrt.,"1138 Budapest, Népfürdő utca 24-26.",S,R
11993506,GIBAHUHB,Erste Bank Zrt.,"1138 Budapest, Népfürdő utca 24-26.",S,R
11993609,GIBAHUHB,Erste Bank Zrt.,"1138 Budapest, Népfürdő utca 24-26.",S,R
11993805,GIBAHUHB,Erste Bank Zrt.,"1138 Budapest, Népfürdő utca 24-26.",S,R
11994002,GIBAHUHB,Erste Bank Zrt.,"1138 Budapest, Népfürdő utca 24-26.",S,R
11994105,GIBAHUHB,Erste Bank Zrt.,"1138 Budapest, Népfürdő utca 24-26.",S,R
11994246,GIBAHUHB,Erste Bank Zrt.,"1138 Budapest, Népfürdő utca 24-26.",S,R
11994301,GIBAHUHB,Erste Bank Zrt.,"1138 Budapest, Népfürdő utca 24-26.",S,R
11994507,GIBAHUHB,Erste Bank Zrt.,"1138 Budapest, Népfürdő utca 24-26.",S,R
11994600,GIBAHUHB,Erste Bank Zrt.,"1138 Budapest, Népfürdő utca 24-26.",S,R
11994868,GIBAHUHB,Erste Bank Zrt.,"1138 Budapest, Népfürdő utca 24-26.",S,R
11995144,GIBAHUHB,Erste Bank Zrt.,"1138 Budapest, Népfürdő utca 24-26.",S,R
11996004,GIBAHUHB,Erste Bank Zrt.,"1138 Budapest, Népfürdő utca 24-26.",S,R
11996183,GIBAHUHB,Erste Bank Zrt.,"1138 Budapest, Népfürdő utca 24-26.",S,R
11996190,GIBAHUHB,Erste Bank Zrt.,"1138 Budapest, Népfürdő utca 24-26.",S,R
11996200,GIBAHUHB,Erste Bank Zrt.,"1138 Budapest, Népfürdő utca 24-26.",S,R
11996217,GIBAHUHB,Erste Bank Zrt.,"1138 Budapest, Népfürdő utca 24-26.",S,R
11996224,GIBAHUHB,Erste Bank Zrt.,"1138 Budapest, Népfürdő utca 24-26.",S,R
11996231,GIBAHUHB,Erste Bank Zrt.,"1138 Budapest, Népfürdő utca 24-26.",S,R
11996248,GIBAHUHB,Erste Bank Zrt.,"1138 Budapest, Népfürdő utca 24-26.",S,R
11996255,GIBAHUHB,Erste Bank Zrt.,"1138 Budapest, Népfürdő utca 24-26.",S,R
11996279,GIBAHUHB,Erste Bank Zrt.,"1138 Budapest, Népfürdő utca 24-26.",S,R
11996286,GIBAHUHB,Erste Bank Zrt.,"1138 Budapest, Népfürdő utca 24-26.",S,R
11996303,GIBAHUHB,Erste Bank Zrt.,"1138 Budapest, Népfürdő utca 24-26.",S,R
11996365,GIBAHUHB,Erste Bank Zrt.,"1138 Budapest, Népfürdő utca 24-26.",S,R
11996389,GIBAHUHB,Erste Bank Zrt.,"1138 Budapest, Népfürdő utca 24-26.",S,R
11996396,GIBAHUHB,Erste Bank Zrt.,"1138 Budapest, Népfürdő utca 24-26.",S,R
11996406,GIBAHUHB,Erste Bank Zrt.,"1138 Budapest, Népfürdő utca 24-26.",S,R
11996413,GIBAHUHB,Erste Bank Zrt.,"1138 Budapest, Népfürdő utca 24-26.",S,R
11996509,GIBAHUHB,Erste Bank Zrt.,"1138 Budapest, Népfürdő utca 24-26.",S,R
11996554,GIBAHUHB,Erste Bank Zrt.,"1138 Budapest, Népfürdő utca 24-26.",S,R
11996592,GIBAHUHB,Erste Bank Zrt.,"1138 Budapest, Népfürdő utca 24-26.",S,R
11996602,GIBAHUHB,Erste Bank Zrt.,"1138 Budapest, Népfürdő utca 24-26.",S,R
11996705,GIBAHUHB,Erste Bank Zrt.,"1138 Budapest, Népfürdő utca 24-26.",,
11996808,GIBAHUHB,Erste Bank Zrt.,"1138 Budapest, Népfürdő utca 24-26.",S,R
11996846,GIBAHUHB,Erste Bank Zrt.,"1138 Budapest, Népfürdő utca 24-26.",S,R
11998006,GIBAHUHB,Erste Bank Zrt.,"1138 Budapest, Népfürdő utca 24-26.",S,R
11998305,GIBAHUHB,Erste Bank Zrt.,"1138 Budapest, Népfürdő utca 24-26.",S,R
11998408,GIBAHUHB,Erste Bank Zrt.,"1138 Budapest, Népfürdő utca 24-26.",S,R
11998501,GIBAHUHB,Erste Bank Zrt.,"1138 Budapest, Népfürdő utca 24-26.",S,R
11998707,GIBAHUHB,Erste Bank Zrt.,"1138 Budapest, Népfürdő utca 24-26.",S,R
11998783,GIBAHUHB,Erste Bank Zrt.,"1138 Budapest, Népfürdő utca 24-26.",S,R
11998927,GIBAHUHB,Erste Bank Zrt.,"1138 Budapest, Népfürdő utca 24-26.",S,R
11999007,GIBAHUHB,Erste Bank Zrt.,"1138 Budapest, Népfürdő utca 24-26.",S,R
12001008,UBRTHUHB,Raiffeisen Bank Zrt. Budapesti Fiók,"1133 Budapest, Váci út 116-118",S,R
12002102,UBRTHUHB,Raiffeisen Bank Zrt. Központ,"1133 Budapest, Váci  út 116-118.",S,R
12010116,UBRTHUHB,Raiffeisen Bank Zrt. Batthyányi tér,"1024 Budapest, Lövőház utca 2-6.",S,R
12010154,UBRTHUHB,Raiffeisen Bank Zrt. Bp. I. ker. Fiók,"1015 Budapest, Széna tér 1/A",S,R
12010240,UBRTHUHB,Raiffeisen Bank Zrt. RBH-Mammut I.,"1024 Budapest, Lövőház utca 2-6.",S,R
12010264,UBRTHUHB,Raiffeisen Bank Zrt Budagyöngye,"1026 Budapest, Szilágyi Erzsébet fasor 121.",S,R
12010271,UBRTHUHB,Raiffeisen Bank Zrt. RBH-Bp. Margit krt.,"1024 Budapest, Lövőház utca 2-6.",S,R
12010350,UBRTHUHB,Raiffeisen Bank Zrt. Stop-Shop III.,"1032 Budapest, Bécsi út 136. Hrsz. B080/A",S,R
12010367,UBRTHUHB,Raiffeisen Bank Zrt. Vörösvári út,"1011 Budapest, Batthyány tér 5-6.",S,R
12010374,UBRTHUHB,Raiffeisen Bank Zrt. Bp- III. Ker. Fiók,"1037 Budapest, Szépvölgyi út 37-39.",S,R
12010381,UBRTHUHB,Raiffeisen Bank Zrt. RBH-Bp. Montevideó,"1037 Budapest, Montevideo utca 16.",S,R
12010398,UBRTHUHB,Raiffeisen Bank Zrt. Békásmegyer,"1037 Budapest, Szépvölgyi út 41.",S,R
12010422,UBRTHUHB,Raiffeisen Bank Zrt. Bpest.IV.ker-i Fiók,"1042 Budapest, Árpád út 88.",S,R
12010453,UBRTHUHB,Raiffeisen Bank Zrt. IV. ker. Árpád út,"1045 Budapest, Árpád út 183-185.",S,R
12010501,UBRTHUHB,Raiffeisen Bank Zrt. Akadémia utcai Fiók,"1054 Budapest, Akadémia utca 6.",S,R
12010518,UBRTHUHB,Raiffeisen Bank Zrt. - Vörösmarty tér PB,"1051 Budapest, Vörösmarty tér 4",S,R
12010525,UBRTHUHB,Raiffeisen Bank Zrt. Bp. Petőfi,"1072 Budapest, Rákóczi út 44.",S,R
12010532,UBRTHUHB,Raiffeisen Bank Zrt. Ferenciek tere,"1066 Budapest, Teréz körút 62.",S,R
12010556,UBRTHUHB,Raiffeisen Bank Zrt. Kálvin tér,"1061 Budapest, Andrássy út 1.",S,R
12010563,UBRTHUHB,Raiffeisen Bank Zrt. Bajcsy,"1054 Budapest, Akadémia utca 6.",S,R
12010611,UBRTHUHB,Raiffeisen Bank Zrt. Bp. VI. ker. Fiók,"1061 Budapest, Andrássy út 1.",S,R
12010628,UBRTHUHB,Raiffeisen Bank Zrt. Nyugati tér,"1055 Budapest, Szent István körút 27.",S,R
12010635,UBRTHUHB,Raiffeisen Bank Zrt. Westend,"1062 Budapest, Váci út 1-3.",S,R
12010659,UBRTHUHB,Raiffeisen Bank Zrt. Oktogon,"1066 Budapest, Teréz körút 12.",S,R
12010721,UBRTHUHB,Raiffeisen Bank Zrt. Blaha Lujza tér,"1072 Budapest, Rákóczi út 44.",S,R
12010776,UBRTHUHB,Raiifeisen Bank Zrt. Baross tér,"1072 Budapest, Rákóczi út 44.",S,R
12010824,UBRTHUHB,"Raiffeisen Bank Zrt. EMKE, Blaha","1072 Budapest, Rákóczi út 44.",S,R
12010855,UBRTHUHB,Raiffeisen Bank Zrt. Üllői út,"1085 Budapest, Üllői út 36.",S,R
12010862,UBRTHUHB,Raiffeisen Bank Zrt. Aréna Plaza,"1087 Budapest, Kerepesi út 9.",S,R
12010879,UBRTHUHB,Raiffeisen Bank Zrt. Arena Corner,"1106 Budapest, Örs vezér tere 25/A",S,R
12010886,UBRTHUHB,"Raiffeisen Bank Zrt. EMKE, Blaha","1072 Budapest, Rákóczi út 44.",S,R
12010934,UBRTHUHB,Raiffeisen Bank Zrt. Bp. Boráros tér,"1085 Budapest, Üllői út 36.",S,R
12011021,UBRTHUHB,Raiffeisen Bank Zrt. Kőbánya,"1072 Budapest, Rákóczi út 44.",S,R
12011038,UBRTHUHB,Raiffeisen Bank Zrt. Népliget,"1091 Budapest, Üllői út 131.",S,R
12011069,UBRTHUHB,Raiffeisen Bank Zrt. Árkád 2.,"1106 Budapest, Örs vezér tere 25/A",S,R
12011148,UBRTHUHB,Raiffeisen Bank Zrt. XI. kerületi Fiók,"1114 Budapest, Bocskai út 1.",S,R
12011155,UBRTHUHB,Raiffeisen Bank Zrt. Etele Plaza,"1115 Budapest, Etele út 68.",S,R
12011179,UBRTHUHB,Raiffeisen Bank Zrt. Móricz Zsigmond kt.,"1117 Budapest, Október huszonharmadika utca 8-10.",S,R
12011186,UBRTHUHB,Raiffeisen Bank Zrt. Allee,"1117 Budapest, Október huszonharmadika utca 8-10.",S,R
12011234,UBRTHUHB,Raiffeisen Bank Zrt. Déli pályaudvar,"1114 Budapest, Bartók Béla út 41.",S,R
12011265,UBRTHUHB,Raiffeisen Bank Zrt. Bpest.XII.ker-i Fió,"1123 Budapest, Alkotás utca 53.",S,R
12011272,UBRTHUHB,Raiffeisen Bank Zrt. Királyhágó tér PB F,"1126 Budapest, Királyhágó tér 8-9. 3. EM",S,R
12011344,UBRTHUHB,Raiffeisen Bank Zrt. RBH-Béke tér,"1062 Budapest, Váci út 1-3.",S,R
12011351,UBRTHUHB,Raiffeisen Bank Zrt. XIII. kerület,"1139 Budapest, Váci út 81.",S,R
12011368,UBRTHUHB,Raiffeisen Bank Zrt. Agora PB fiók,"1133 Budapest, Váci út 116-118",S,R
12011375,UBRTHUHB,Raiffeisen Bank Zrt. Agora RET,"1133 Budapest, Váci út 116-118.",S,R
12011382,UBRTHUHB,Raiffeisen Bank Zrt. Váci út BSR,"1139 Budapest, Váci út 81-83. CENTER POINT",S,R
12011409,UBRTHUHB,Raiffeisen Bank Zrt.Bp. XIV. Kerület,"1148 Budapest, Örs vezér tere 24.",S,R
12011416,UBRTHUHB,Raiffeisen Bank Zrt. Hermina Residence,"1106 Budapest, Örs vezér tere 25/A",S,R
12011461,UBRTHUHB,Raiffeisen Bank Zrt. Thököly,"1146 Budapest, Thököly út 100.",S,R
12011526,UBRTHUHB,Raiffeisen Bank Zrt. Pólus,"1152 Budapest, Szentmihályi út 137.",S,R
12011650,UBRTHUHB,Raiffeisen Bank Zrt. Mátyásföld,"1106 Budapest, Örs vezér tere 25/A",S,R
12011739,UBRTHUHB,Raiffeisen Bank Zrt. Budapest XVII. ker.,"1173 Budapest, Ferihegyi út 74.",S,R
12011856,UBRTHUHB,Raiffeisen Bank Zrt Pestszentlőrinc,"1181 Budapest, Üllői út 417.",S,R
12011887,UBRTHUHB,Raiffeisen Bank Zrt. Pestszentimre,"1188 Budapest, Nemes utca 2.",S,R
12011911,UBRTHUHB,Raiffeisen Bank Zrt. Kispest,"1181 Budapest, Üllői út 417.",S,R
12012008,UBRTHUHB,Raiffeisen Bank Zrt. XX. kerület,"1203 Budapest, Kossuth Lajos utca 21-29.",S,R
12012156,UBRTHUHB,Raiffeisen Bank Zrt. XXI. Kerület,"1211 Budapest, Kossuth Lajos utca 85.",S,R
12012204,UBRTHUHB,Raiffeisen Bank Zrt. XXII. kerület,"1117 Budapest, Hunyadi János út 19.",S,R
12012228,UBRTHUHB,Raiffeisen Bank Zrt. Campona,"1117 Budapest, Hunyadi János út 19.",S,R
12012307,UBRTHUHB,Raiffeisen Bank Zrt. Soroksár,"1203 Budapest, Kossuth Lajos utca 21-29.",S,R
12020005,UBRTHUHB,Raiffeisen Bank Zrt. Szentendre,"1037 Budapest, Szépvölgyi út 41.",S,R
12020304,UBRTHUHB,Raiffeisen Bank Zrt. Érd,"2030 Érd, Budai út 22.",S,R
12020407,UBRTHUHB,Raiffeisen Bank Zrt. Budaörs,"2040 Budaörs, Templom tér 22.",S,R
12020603,UBRTHUHB,Raiffeisen Bank Zrt. Bicske,"2800 Tatabánya, Győri út 25.",S,R
12020854,UBRTHUHB,Raiffeisen Bank Zrt. Pilisvörösvár,"1032 Budapest, Bécsi út 136. Hrsz. B080/A",S,R
12020926,UBRTHUHB,Raiffeisen Bank Zrt. Budakeszi,"2092 Budakeszi, Kossuth Lajos utca 1.",S,R
12021006,UBRTHUHB,Raiffeisen Bank Zrt. Gödöllő,"2100 Gödöllő, Gábor Áron utca 58.",S,R
12021202,UBRTHUHB,Raiffeisen Bank Zrt. Dunakeszi Auchan,"1152 Budapest, Szentmihályi út 137.",S,R
12022007,UBRTHUHB,Raiffeisen Bank Zrt. Monor,"2220 Vecsés, Fő út 246-248.",S,R
12022203,UBRTHUHB,Raiffeisen Bank Zrt. Vecsés,"1173 Budapest, Ferihegyi út 74.",S,R
12023008,UBRTHUHB,Raiffeisen Bank Zrt. Székesfehérvár,"8000 Székesfehérvár, Palotai út 1.",S,R
12023101,UBRTHUHB,Raiffeisen Bank Zrt. Szfehérvár 2.sz.Fió,"8000 Székesfehérvár, Palotai út 1.",S,R
12023125,UBRTHUHB,Raiffeisen Bank Zrt. Ráckeve,"2300 Ráckeve, Kossuth Lajos utca 18.",S,R
12023132,UBRTHUHB,Raiffeisen Bank Zrt. Szigetszentmiklós,"2310 Szigetszentmiklós, Bercsényi utca Hrsz. 87/1",S,R
12023204,UBRTHUHB,Raiffeisen Bank Zrt. Székesfehérvár,"8000 Székesfehérvár, Távirda utca 1.",S,R
12024009,UBRTHUHB,Raiffeisen Bank Zrt. Dunaújvárosi Fiók,"2400 Dunaújváros, Vasmű út 39.",S,R
12024102,UBRTHUHB,Raiffeisen Bank Zrt.,"2400 Dunaújváros, Vasmű út 39.",S,R
12025000,UBRTHUHB,Raiffeisen Bank Zrt. Esztergomi Fiók,"2500 Esztergom, Kossuth Lajos u. 14. ERZSÉBET HÁZ",S,R
12026001,UBRTHUHB,Raiffeisen Bank Zrt. Váci Fiók,"2600 Vác, Széchenyi István utca 28-32.",S,R
12026609,UBRTHUHB,Raiffeisen Bank Zrt. Balassagyarmat,"2600 Vác, Széchenyi István utca 28-32.",S,R
12027002,UBRTHUHB,Raiffeisen Bank Zrt. Cegléd,"5000 Szolnok, Szapáry utca 22.",S,R
12027019,UBRTHUHB,Salespoint Cegléd,"2700 Cegléd, Szabadság Tér 8",S,R
12028003,UBRTHUHB,Raiffeisen Bank Zrt. Tatabánya I.,"2800 Tatabánya, Fő tér 20.",S,R
12028106,UBRTHUHB,Raiffeisen Bank Zrt. Tatabánya 2. sz Fió,"2800 Tatabánya, Győri út 25.",S,R
12028209,UBRTHUHB,Raiffeisen Bank Zrt. Tatabánya II.,"2800 Tatabánya, Fő tér 20.",S,R
12028302,UBRTHUHB,Raiffeisen Bank Zrt. Tatabánya III.,"2800 Tatabánya, Fő tér 8/a.",S,R
12028405,UBRTHUHB,Raiffeisen Bank Zrt. Oroszlány,"2800 Tatabánya, Fő tér 20.",S,R
12028900,UBRTHUHB,Raiffeisen Bank Zrt. Tata,"2800 Tatabánya, Fő tér 20.",S,R
12029004,UBRTHUHB,Raiffeisen Bank Zrt. Komáromi Fiók,"2900 Komárom, Mártírok útja 14.",S,R
12029011,UBRTHUHB,Raiffeisen Bank Zrt. Komárom Automata f.,"2903 Komárom-Koppánymonostor, Bánki Donát utca 3.",S,R
12030004,UBRTHUHB,Raiffeisen Bank Zrt. Hatvan,"3200 Gyöngyös, Fő tér 12.",S,R
12031005,UBRTHUHB,Raiffeisen Bank Zrt. Salgótarján,"3200 Gyöngyös, Fő tér 12.",S,R
12032006,UBRTHUHB,Raiffeisen Bank Zrt. Gyöngyös,"3200 Gyöngyös, Fő tér 12.",S,R
12033007,UBRTHUHB,Raiffeisen Bank Zrt. Eger I.,"3300 Eger, Jókai Mór utca 5.",S,R
12033052,UBRTHUHB,Raiffeisen Bank Zrt. Eger II,"3300 Eger, Jókai Mór utca 5.",S,R
12034008,UBRTHUHB,Raiffeisen Bank Zrt. Mezőkövesd,"3300 Eger, Jókai Mór utca 5.",S,R
12035157,UBRTHUHB,Raiffeisen Bank Zrt. Miskolc SP,"3530 Miskolc, Bajcsy-Zsilinszky út 2-4. SZINVAPARK",S,R
12035803,UBRTHUHB,Raiffeisen Bank Zrt. Tiszaújváros,"3530 Miskolc, Bajcsy-Zsilinszky út 2-4.",S,R
12036000,UBRTHUHB,Raiffeisen Bank Zrt. Ózd,"3530 Miskolc, Bajcsy-Zsilinszky út 2-4.",S,R
12037001,UBRTHUHB,Raiffeisen Bank Zrt. Kazincbarcika,"3530 Miskolc, Bajcsy-Zsilinszky út 2-4.",S,R
12037805,UBRTHUHB,Raiffeisen Bank Zrt. Kazincbarcika,"3700 Kazincbarcika, Egressy Béni út 17-19.",S,R
12039807,UBRTHUHB,Raiffeisen Bank Zrt. Sátoraljaújhely,"3530 Miskolc, Bajcsy-Zsilinszky út 2-4.",S,R
12040807,UBRTHUHB,Raiffeisen Bank Zrt. Hajdúnánás,"4220 Hajdúböszörmény, Kossuth Lajos utca 5.",S,R
12041004,UBRTHUHB,Raiffeisen Bank Zrt. Berettyóújfalu,"4026 Debrecen, Bem tér 14.",S,R
12042005,UBRTHUHB,Raiffeisen Bank Zrt. Hajdúszoboszló,"4024 Debrecen, Piac utca 18.",S,R
12042201,UBRTHUHB,Raiffeisen Bank Zrt. Hajdúböszörmény,"4024 Debrecen, Piac utca 18.",S,R
12042809,UBRTHUHB,Raiffeisen Bank Zrt. Nyíregyháza,"4400 Nyíregyháza, Kossuth tér 7.",S,R
12042816,UBRTHUHB,Raiffeisen Bank Zrt. Nyíregyháza II.,"4400 Nyíregyháza, Kossuth tér 6-7.",S,R
12042823,UBRTHUHB,Raiffeisen Bank Zrt. Nyíregyháza II.,"4400 Nyíregyháza, Korányi Frigyes utca 5.",S,R
12042830,UBRTHUHB,Raiffeisen Bank Zrt. Nyíregyháza Intersp,"4400 Nyíregyháza, Korányi Frigyes utca 5.",S,R
12042847,UBRTHUHB,Raiffeisen Bank Zrt. Video Center,"1133 Budapest, Váci út 116-118.",S,R
12043006,UBRTHUHB,Raiffeisen Bank Zrt. Mátészalka,"4700 Mátészalka, Kölcsey utca 10.",S,R
12046009,UBRTHUHB,Raiffeisen Bank Zrt. Kisvárda,"4400 Nyíregyháza, Kossuth tér 7.",S,R
12046102,UBRTHUHB,Raiffeisen Bank Zrt. Miskolci Fiók,"3530 Miskolc, Bajcsy-Zsilinszky út 2-4.",S,R
12046119,UBRTHUHB,"Raiffeisen Bank Zrt. Miskolc, 2. Fiók","3530 Miskolc, Bajcsy-Zsilinszky út 2-4.",S,R
12046126,UBRTHUHB,Raiffeisen Bank Zrt. Miskolc II.,"3530 Miskolc, Erzsébet tér 2.",S,R
12046133,UBRTHUHB,Raiffeisen Bank Zrt. Miskolc III.,"3530 Miskolc, Bajcsy-Zsilinszky út 2-4.",S,R
12047000,UBRTHUHB,Raiffeisen Bank Zrt. Mátészalka,"4400 Nyíregyháza, Kossuth tér 7.",S,R
12048489,UBRTHUHB,Raiffeisen Bank Zrt. Telef. ügyfélsz.,"1052 Budapest, Váci utca 19-21.",S,R
12050002,UBRTHUHB,Raiffeisen Bank Zrt. Szolnoki Fiók,"5000 Szolnok, Szapáry utca 22.",S,R
12050105,UBRTHUHB,Raiffeisen Bank Zrt. Szolnok II.,"5000 Szolnok, Szapáry utca 22.",S,R
12051003,UBRTHUHB,Raiffeisen Bank Zrt. Jászberény,"5000 Szolnok, Szapáry utca 22.",S,R
12052004,UBRTHUHB,Raiffeisen Bank Zrt. Törökszentmiklós,"5000 Szolnok, Szapáry utca 22.",S,R
12052705,UBRTHUHB,Raiffeisen Bank Zrt. Debrecen I.,"4026 Debrecen, Péterfia utca 18.",S,R
12052712,UBRTHUHB,Raiffeisen Bank Zrt. Debrecen 2.sz.Fiók,"4026 Debrecen, Péterfia utca 18.",S,R
12052729,UBRTHUHB,Raiffeisen Bank Zrt. Debrecen III.,"4024 Debrecen, Piac utca 18.",S,R
12053005,UBRTHUHB,Raiffeisen Bank Zrt. Karcag,"4200 Hajdúszoboszló, Szilfákalja 40.",S,R
12054006,UBRTHUHB,Raiffeisen Bank Zrt. Szolnok,"5000 Szolnok, Szapáry utca 22.",S,R
12055007,UBRTHUHB,Raiffeisen Bank Zrt. Gyomaendrőd,"5540 Szarvas, Szabadság út 31.",S,R
12055409,UBRTHUHB,Raiffeisen Bank Zrt. Szarvas,"5600 Békéscsaba, Andrássy út 19.",S,R
12056008,UBRTHUHB,Raiffeisen Bank Zrt. Békéscsabai Fiók,"5600 Békéscsaba, Andrássy út 19.",S,R
12056101,UBRTHUHB,Raiffeisen Bank Zrt. Békéscsaba II.,"5600 Békéscsaba, Andrássy út 19.",S,R
12056307,UBRTHUHB,Raiffeisen Bank Zrt. Békéscsaba,"5600 Békéscsaba, Szabadság tér 1-3.",S,R
12057016,UBRTHUHB,Raiffeisen Bank Zrt. Gyula,"5600 Békéscsaba, Andrássy út 19.",S,R
12059001,UBRTHUHB,Raiffeisen Bank Zrt. Orosháza,"5600 Békéscsaba, Andrássy út 19.",S,R
12061002,UBRTHUHB,Raiffeisen Bank Zrt. Kiskunfélegyháza,"6000 Kecskemét, Kisfaludy utca 5.",S,R
12062003,UBRTHUHB,Raiffeisen Bank Zrt. Kiskőrös,"6200 Kiskőrös, Petőfi Sándor tér 8.",S,R
12063004,UBRTHUHB,Raiffeisen Bank Zrt. Kalocsa,"6500 Baja, Dózsa György út 12.",S,R
12064005,UBRTHUHB,Raiffeisen Bank Zrt. Kiskunhalas,"6200 Kiskőrös, Petőfi Sándor tér 8.",S,R
12065006,UBRTHUHB,Raiffeisen Bank Zrt. Baja,"6500 Baja, Jelky András tér 4.",S,R
12066007,UBRTHUHB,Raiffeisen Bank Zrt. Szentes,"6800 Hódmezővásárhely, Kossuth tér 6.",S,R
12066409,UBRTHUHB,Raiffeisen Bank Zrt. Csongrád,"6600 Szentes, Kossuth Lajos utca 13.",S,R
12067008,UBRTHUHB,Raiffeisen Bank Zrt. Szegedi Fiók,"6722 Szeged, Kossuth Lajos sugárút 9-13.",S,R
12067204,UBRTHUHB,Raiffeisen Bank Zrt. Szeged II. Fiók,"6720 Szeged, Széchenyi tér 15.",S,R
12067307,UBRTHUHB,Raiffeisen Bank Zrt. Szeged III.,"6720 Szeged, Széchenyi tér 15.",S,R
12068009,UBRTHUHB,Raiffeisen Bank Zrt. Hódmezővásárhely,"6800 Hódmezővásárhely, Kossuth tér 6.",S,R
12069000,UBRTHUHB,Raiffeisen Bank Zrt. Makó,"6722 Szeged, Kossuth Lajos sugárút 9-13.",S,R
12070907,UBRTHUHB,Raiffeisen Bank Zrt. Tamási,"8600 Siófok, Fő tér 4.",S,R
12071001,UBRTHUHB,Raiffeisen Bank Zrt. Szekszárdi Fiók,"7100 Szekszárd, Széchenyi utca 37-39.",S,R
12072002,UBRTHUHB,Raiffeisen Bank Zrt. Dombóvár,"7100 Szekszárd, Széchenyi utca 37-39.",S,R
12072507,UBRTHUHB,Raiffeisen Bank Zrt. Pécsi Fiók,"7621 Pécs, Irgalmasok utcája 5.",S,R
12072514,UBRTHUHB,Raiffeisen Bank Zrt. Kaposvári Fiók,"7400 Kaposvár, Berzsenyi utca 1-3.",S,R
12072521,UBRTHUHB,Raiffeisen Bank Zrt. Pécs 2.sz. Fiók,"7622 Pécs, Bajcsy-Zsilinszky utca 11.",S,R
12072538,UBRTHUHB,Raiffeisen Bank Zrt. Kaposvári 2. Fiók,"7400 Kaposvár, Berzsenyi utca 1-3.",S,R
12072545,UBRTHUHB,Raiffeisen Bank Zrt. Kaposvár Plaza,"7400 Kaposvár, Berzsenyi utca 1-3.",S,R
12072552,UBRTHUHB,Raiffeisen Bank Zrt. Pécs III.,"7621 Pécs, Irgalmasok utcája 5.",S,R
12072569,UBRTHUHB,Raiffeisen Bank Zrt. PÉCS Rókus utcai f.,"7621 Pécs, Irgalmasok utcája 5.",S,R
12073003,UBRTHUHB,Raiffeisen Bank Zrt. Komló,"7621 Pécs, Irgalmasok utcája 20.",S,R
12076903,UBRTHUHB,Raiffeisen Bank Zrt. Kecskeméti Fiók,"6000 Kecskemét, Vágó utca 2-4.",S,R
12076910,UBRTHUHB,Raiffeisen Bank Zrt. Kecskemét retail,"6000 Kecskemét, Kisfaludy utca 5.",S,R
12076927,UBRTHUHB,Raiffeisen Bank Zrt. Kecskemét II.,"6000 Kecskemét, Kisfaludy utca 5.",S,R
12077007,UBRTHUHB,Raiffeisen Bank Zrt. Mohács,"7622 Pécs, Bajcsy-Zsilinszky utca 11.",S,R
12080607,UBRTHUHB,Raiffeisen Bank Zrt. Mór,"8000 Székesfehérvár, Palotai út 1.",S,R
12081000,UBRTHUHB,Raiffeisen Bank Zrt. Várpalota,"8200 Veszprém, Mindszenty József utca 2.",S,R
12082001,UBRTHUHB,Raiffeisen Bank Zrt. Veszprémi Fiók,"8200 Veszprém, Mindszenty József utca 2.",S,R
12082104,UBRTHUHB,Raiffeisen Bank Zrt. Veszprém II.,"8200 Veszprém, Mindszenty József utca 2.",S,R
12083002,UBRTHUHB,Raiffeisen Bank Zrt. Tapolca,"8360 Keszthely, Széchenyi utca 1-3.",S,R
12083600,UBRTHUHB,Raiffeisen Bank Zrt. Keszthelyi Fiók,"8360 Keszthely, Széchenyi utca 1-3.",S,R
12084003,UBRTHUHB,Raiffeisen Bank Zrt. Ajkai Fiók,"8400 Ajka, Szabadság tér 4.",S,R
12085004,UBRTHUHB,Raiffeisen Bank Zrt. Pápai Fiók,"8500 Pápa, Fő tér 15.",S,R
12086005,UBRTHUHB,Raiffeisen Bank Zrt. Siófok,"7400 Kaposvár, Berzsenyi utca 1-3.",S,R
12086012,UBRTHUHB,Sales Point Siófok,"8600 Siófok, Vak Bottyán utca 27",S,R
12087006,UBRTHUHB,Raiffeisen Bank Zrt. Keszthely,"8360 Keszthely, Széchenyi utca 1-3.",S,R
12088007,UBRTHUHB,Raiffeisen Bank Zrt. Nagykanizsa,"8800 Nagykanizsa, Deák Ferenc tér 11-12.",S,R
12089008,UBRTHUHB,Raiffeisen Bank Zrt. Zalaegerszeg II.,"8900 Zalaegerszeg, Kossuth Lajos utca 21-23.",S,R
12092000,UBRTHUHB,Raiffeisen Bank Zrt. Mosonmagyaróvár,"9200 Mosonmagyaróvár, Szent István kir út 117-119.",S,R
12092309,UBRTHUHB,Raiffeisen Bank Zrt. Zalaegerszegi Fiók,"8900 Zalaegerszeg, Kölcsey Ferenc utca 2.",S,R
12093001,UBRTHUHB,Raiffeisen Bank Zrt. Csorna,"9024 Győr, Vasvári Pál utca 1/A",S,R
12094002,UBRTHUHB,Raiffeisen Bank Zrt. Soproni Fiók,"9400 Sopron, Széchenyi tér 14-15.",S,R
12094318,UBRTHUHB,Raiffeisen Bank Zrt. Fertődi Fiók,"9431 Fertőd, Madách sétány 1.",S,R
12094507,UBRTHUHB,Raiffeisen Bank Zrt. Szombathelyi Fiók,"9700 Szombathely, Fő tér 29.",S,R
12094600,UBRTHUHB,Raiffeisen Bank Zrt. Szombathely II.,"9700 Szombathely, Fő tér 36.",S,R
12095003,UBRTHUHB,Raiffeisen Bank Zrt. Celldömölk,"9600 Sárvár, Batthyány utca 12.",S,R
12096004,UBRTHUHB,Raiffeisen Bank Zrt. Sárvár,"9700 Szombathely, Fő tér 36.",S,R
12096705,UBRTHUHB,Raiffeisen Bank Zrt. Győri Fiók,"9021 Győr, Arany János utca 28-32.",S,R
12096712,UBRTHUHB,Raiffeisen Bank Zrt. Győri 2. Fiók,"9021 Győr, Arany János utca 28-32.",S,R
12096729,UBRTHUHB,Raiffeisen Bank Zrt. Győr III.,"9024 Győr, Vasvári Pál utca 1/A",S,R
12096736,UBRTHUHB,Raiffeisen Bank Zrt. Győr IV.,"9024 Győr, Vasvári Pál utca 1/A",S,R
12097304,UBRTHUHB,Raiffeisen Bank Zrt. Kőszeg,"9700 Szombathely, Fő tér 36.",S,R
12099007,UBRTHUHB,Raiffeisen Bank Zrt. Körmend,"9700 Szombathely, Fő tér 36.",S,R
12100004,GNBAHUHB,Gránit Bank Nyrt.,"1143 Budapest, Váci út 17.",S,R
12100011,GNBAHUHB,Gránit Bank Nyrt.,"1143 Budapest, Váci út 17.",S,R
12100028,GNBAHUHB,Gránit Bank Nyrt.,"1143 Budapest, Váci út 17.",S,R
12100035,GNBAHUHB,Gránit Bank Nyrt.,"1062 Budapest, Váci út 1-3.",S,R
12501041,GIBAHUHB,Erste Bank Zrt.,"1138 Budapest, Népfürdő utca 24-26.",S,R
12600016,TRWIBEBB,Wise Europe SA,"1050 Brussels, Trone Rue 100",S,R
12801004,MRKBHUHB,MERKANTIL BANK Zrt.,"1138 Budapest, Föveny utca 4-6.",S,R
12801011,MRKBHUHB,MERKANTIL BANK Zrt.,"1138 Budapest, Föveny utca 4-6.",,R
12801028,MRKBHUHB,MERKANTIL BANK Zrt.,"1138 Budapest, Föveny utca 4-6.",,
12801059,MRKBHUHB,MERKANTIL BANK Zrt.,"1138 Budapest, Föveny utca 4-6.",S,R
12801066,MRKBHUHB,MERKANTIL BANK Zrt.,"1138 Budapest, Föveny utca 4-6.",S,R
12801073,MRKBHUHB,MERKANTIL BANK Zrt.,"1138 Budapest, Föveny utca 4-6.",S,R
12801080,MRKBHUHB,MERKANTIL BANK Zrt.,"1138 Budapest, Föveny utca 4-6.",S,R
12801097,MRKBHUHB,MERKANTIL BANK Zrt.,"1138 Budapest, Föveny utca 4-6.",S,R
12801107,MRKBHUHB,MERKANTIL BANK Zrt.,"1138 Budapest, Föveny utca 4-6.",S,R
12801114,MRKBHUHB,MERKANTIL BANK Zrt.,"1138 Budapest, Föveny utca 4-6.",S,R
12801121,MRKBHUHB,MERKANTIL BANK Zrt.,"1138 Budapest, Föveny utca 4-6.",S,R
12801145,MRKBHUHB,MERKANTIL BANK Zrt.,"1138 Budapest, Föveny utca 4-6.",S,R
12801152,MRKBHUHB,MERKANTIL BANK Zrt.,"1138 Budapest, Föveny utca 4-6.",,R
12801169,MRKBHUHB,MERKANTIL BANK Zrt.,"1138 Budapest, Föveny  utca 4-6.",,R
12802005,MRKBHUHB,MERKANTIL BANK Zrt.,"1138 Budapest, Föveny utca 4-6.",,R
12802050,MRKBHUHB,MERKANTIL BANK Zrt.,"1138 Budapest, Föveny utca 4-6.",,R
12802122,MRKBHUHB,MERKANTIL BANK Zrt.,"1138 Budapest, Föveny utca 4-6.",S,R
12802146,MRKBHUHB,MERKANTIL BANK Zrt.,"1138 Budapest, Föveny utca 4-6.",S,R
12802160,MRKBHUHB,MERKANTIL BANK Zrt.,"1138 Budapest, Föveny utca 4-6.",,R
12802177,MRKBHUHB,MERKANTIL BANK Zrt.,"1138 Budapest, Föveny utca 4-6.",,R
12806009,MRKBHUHB,Merkantil Bank Zrt.,"1138 Budapest, Föveny utca 4-6.",S,R
12806054,MRKBHUHB,Merkantil Bank Zrt.,"1138 Budapest, Föveny utca 4-6.",S,R
12806126,MRKBHUHB,MERKANTIL BANK Zrt.,"1138 Budapest, Föveny utca 4-6.",,R
12806140,MRKBHUHB,MERKANTIL BANK Zrt.,"1138 Budapest, Föveny utca 4-6.",S,R
12806157,MRKBHUHB,MERKANTIL BANK Zrt.,"1138 Budapest, Föveny utca 4-6.",,R
12806164,MRKBHUHB,MERKANTIL BANK Zrt.,"1138 Budapest, Föveny utca 4-6.",,R
12807000,MRKBHUHB,MERKANTIL BANK Zrt.,"1138 Budapest, Föveny utca 4-6.",S,R
12807055,MRKBHUHB,MERKANTIL BANK Zrt.,"1138 Budapest, Föveny utca 4-6.",S,R
12807127,MRKBHUHB,MERKANTIL BANK Zrt.,"1138 Budapest, Föveny utca 4-6.",S,R
12807141,MRKBHUHB,MERKANTIL BANK Zrt.,"1138 Budapest, Föveny utca 4-6.",S,R
12807158,MRKBHUHB,MERKANTIL BANK Zrt.,"1138 Budapest, Föveny utca 4-6.",,R
12807165,MRKBHUHB,MERKANTIL BANK Zrt.,"1138 Budapest, Föveny utca 4-6.",,R
12808128,MRKBHUHB,MERKANTIL BANK Zrt.,"1138 Budapest, Föveny utca 4-6.",S,R
12808142,MRKBHUHB,MERKANTIL BANK Zrt.,"1138 Budapest, Föveny utca 4-6.",S,R
12809129,MRKBHUHB,MERKANTIL BANK Zrt.,"1138 Budapest, Föveny utca 4-6.",S,R
12809143,MRKBHUHB,MERKANTIL BANK Zrt.,"1138 Budapest, Föveny utca 4-6.",S,R
12810002,MRKBHUHB,MERKANTIL BANK Zrt.,"1138 Budapest, Föveny utca 4-6.",,R
12810143,MRKBHUHB,MERKANTIL BANK Zrt.,"1138 Budapest, Föveny utca 4-6.",,R
12810150,MRKBHUHB,MERKANTIL BANK Zrt.,"1138 Budapest, Föveny utca 4-6.",,R
12815007,MRKBHUHB,Merkantil Bank Zrt.,"1138 Budapest, Föveny utca 4-6.",S,R
12815148,MRKBHUHB,Merkantil Bank Zrt.,"1138 Budapest, Föveny utca 4-6.",S,R
12815155,MRKBHUHB,Merkantil Bank Zrt.,"1113 Budapest, Föveny  utca 4-6.",S,R
12816008,MRKBHUHB,Merkantil Bank Zrt.,"1138 Budapest, Föveny utca 4-6.",S,R
12816125,MRKBHUHB,MERKANTIL BANK Zrt.,"1138 Budapest, Föveny utca 4-6.",S,R
12816149,MRKBHUHB,MERKANTIL BANK Zrt.,"1138 Budapest, Föveny utca 4-6.",S,R
12816156,MRKBHUHB,Merkantil Bank Zrt.,"1138 Budapest, Föveny utca 4-6.",S,R
12817126,MRKBHUHB,MERKANTIL BANK Zrt.,"1138 Budapest, Föveny utca 4-6.",S,R
12817140,MRKBHUHB,MERKANTIL BANK Zrt.,"1138 Budapest, Föveny utca 4-6.",S,R
12818127,MRKBHUHB,MERKANTIL BANK Zrt.,"1138 Budapest, Föveny utca 4-6.",S,R
12818141,MRKBHUHB,MERKANTIL BANK Zrt.,"1138 Budapest, Föveny utca 4-6.",S,R
12819128,MRKBHUHB,MERKANTIL BANK Zrt.,"1138 Budapest, Föveny  utca 4-6.",S,R
12819142,MRKBHUHB,MERKANTIL BANK Zrt.,"1138 Budapest, Föveny utca 4-6.",S,R
13100007,BNPAHUHX,BNP-Paribas Magyarországi fióktelepe,"1062 Budapest, Teréz körút 55-57.",S,R
13501350,KODBHUHB,KDB Bank Európa Zrt.,"1054 Budapest, Bajcsy-Zsilinszky út 42-46.",S,R
13511012,KODBHUHB,KDB Bank Európa Zrt. Kőbányai úti fiók,"1054 Budapest, Bajcsy-Zsilinszky út 42-46.",S,R
13513203,KODBHUHB,KDB Bank Európa Zrt Kőbányai fiók,"1054 Budapest, Bajcsy-Zsilinszky út 42-46.",S,R
13520405,KODBHUHB,KDB Bank Európa Zrt Margit körúti fiók,"1054 Budapest, Bajcsy-Zsilinszky út 42-46",S,R
13523422,KODBHUHB,KDB Bank Európa Zrt.,"1054 Budapest, Bajcsy-Zsilinszky út 42-46.",S,R
13524007,KODBHUHB,KDB BANK EURÓPA Zrt Bartók fiók,"1054 Budapest, Bajcsy-Zsilinszky út 42-46",S,R
13545680,KODBHUHB,KDB Bank Európa Zrt Margit körúti fiók,"1054 Budapest, Bajcsy-Zsilinszky út 42-46",S,R
13555555,KODBHUHB,KDB Bank Európa Zrt. Bartók fiók,"1054 Budapest, Bajcsy-Zsilinszky út 42-46",S,R
13576592,KODBHUHB,KDB Bank Európa Zrt Margit körúti fiók,"1054 Budapest, Bajcsy-Zsilinszky út 42-46",S,R
13597539,KODBHUHB,KDB Bank Európa Zrt.,"1054 Budapest, Bajcsy-Zsilinszky út 42-46.",S,R
13598121,KODBHUHB,KDB Bank Európa Zrt.,"1054 Budapest, Bajcsy-Zsilinszky út 42-46.",S,R
13700016,INGBHUHB,ING Bank N.V. Magyarországi Fióktelepe,"1068 Budapest, Dózsa György út 84/B",S,R
13700023,INGBHUHB,ING Bank N.V. Magyarországi Fióktelepe,"1068 Budapest, Dózsa György út 84/B",,
13700999,INGBHUHB,ING Bank N.V. Magyarországi Fióktelepe,"1068 Budapest, Dózsa György út 84/b",,
13701017,INGBHUHB,ING Bank N.V. Magyarországi Fióktelepe,"1068 Budapest, Dózsa György út 84/B",,
13702018,INGBHUHB,ING Bank N.V. Magyarországi Fióktelepe,"1068 Budapest, Dózsa György út 84/B",,
13703019,INGBHUHB,ING Bank N.V. Magyarországi Fióktelepe,"1068 Budapest, Dózsa György út 84/B",,
13704010,INGBHUHB,ING Bank N.V. Magyarországi Fióktelepe,"1068 Budapest, Dózsa György út 84/B",,
13705011,INGBHUHB,ING Bank N.V. Magyarországi Fióktelepe,"1068 Budapest, Dózsa György út 84/B",,
13706012,INGBHUHB,ING Bank N.V. Magyarországi Fióktelepe,"1068 Budapest, Dózsa György út 84/B",,
13707013,INGBHUHB,ING Bank N.V. Magyarországi Fióktelepe,"1068 Budapest, Dózsa György út 84/B",,
13708014,INGBHUHB,ING Bank N.V. Magyarországi Fióktelepe,"1068 Budapest, Dózsa György út 84/B",,
13709015,INGBHUHB,ING Bank N.V. Magyarországi Fióktelepe,"1068 Budapest, Dózsa György út 84/B",,
13710015,INGBHUHB,ING Bank N.V. Magyarországi Fióktelepe,"1068 Budapest, Dózsa György út 84/B",,
13711016,INGBHUHB,ING Bank N.V. Magyarországi Fióktelepe,"1068 Budapest, Dózsa György út 84/B",,
13711999,INGBHUHB,ING Bank N.V. Magyarországi Fióktelepe,"1068 Budapest, Dózsa György út 84/b",,
13712017,INGBHUHB,ING Bank N.V. Magyarországi Fióktelepe,"1068 Budapest, Dózsa György út 84/B",,
13713018,INGBHUHB,ING Bank N.V. Magyarországi Fióktelepe,"1068 Budapest, Dózsa György út 84/B",,
13716011,INGBHUHB,ING Bank N.V. Magyarországi Fióktelepe,"1068 Budapest, Dózsa György út 84/B",,
13717012,INGBHUHB,ING Bank N.V. Magyarországi Fióktelepe,"1068 Budapest, Dózsa György út 84/B",,
13719014,INGBHUHB,ING Bank N.V. Magyarországi Fióktelepe,"1068 Budapest, Dózsa György út 84/B",,
13721015,INGBHUHB,ING Bank N.V. Magyarországi Fióktelepe,"1068 Budapest, Dózsa György  út 84/b",,
13722016,INGBHUHB,ING Bank N.V. Magyarországi Fióktelepe,"1068 Budapest, Dózsa György út 84/B",,
13728012,INGBHUHB,ING Bank N.V. Magyarországi Fióktelepe,"1068 Budapest, Dózsa György út 84/B",,
13729013,INGBHUHB,ING Bank N.V. Magyarországi Fióktelepe,"1068 Budapest, Dózsa György út 84/B",S,R
13734017,INGBHUHB,ING Bank N.V. Magyarországi Fióktelepe,"1068 Budapest, Dózsa György út 84/B",S,R
13736019,INGBHUHB,ING Bank N.V. Magyarországi Fióktelepe,"1068 Budapest, Dózsa György út 84/B",,
13741013,INGBHUHB,ING Bank N.V. Magyarországi Fióktelepe,"1068 Budapest, Dózsa György út 84/B",,
13742014,INGBHUHB,ING Bank N.V. Magyarországi Fióktelepe,"1068 Budapest, Dózsa György út 84/B",,
13743015,INGBHUHB,ING Bank N.V. Magyarországi Fióktelepe,"1068 Budapest, Dózsa György út 84/B",,
13744016,INGBHUHB,ING Bank N.V. Magyarországi Fióktelepe,"1068 Budapest, Dózsa György út 84/b",,
13760010,INGBHUHB,ING Bank N.V. Magyarországi Fióktelepe,"1068 Budapest, Dózsa György út 84/B",S,R
13777016,INGBHUHB,ING Bank N.V. Magyarországi Fióktelepe,"1068 Budapest, Dózsa György út 84/B",S,R
13777999,INGBHUHB,ING Bank N.V. Magyarországi Fióktelepe,"1068 Budapest, Dózsa György út 84/b",,
13789017,INGBHUHB,ING Bank N.V. Magyarországi Fióktelepe,"1068 Budapest, Dózsa György út 84/B",,
13790017,INGBHUHB,ING Bank N.V. Magyarországi Fióktelepe,"1068 Budapest, Dózsa György út 84/B",S,R
13791018,INGBHUHB,ING Bank N.V. Magyarországi Fióktelepe,"1068 Budapest, Dózsa György út 84/B",S,R
13794011,INGBHUHB,ING Bank N.V. Magyarországi Fióktelepe,"1068 Budapest, Dózsa György út 84/B",S,R
13795012,INGBHUHB,ING Bank N.V. Magyarországi Fióktelepe,"1068 Budapest, Dózsa György út 84/B",S,R
13796013,INGBHUHB,ING Bank N.V. Magyarországi Fióktelepe,"1068 Budapest, Dózsa György út 84/B",S,R
13797014,INGBHUHB,ING Bank N.V. Magyarországi Fióktelepe,"1068 Budapest, Dózsa György út 84/B",S,R
13798015,INGBHUHB,ING Bank N.V. Magyarországi Fióktelepe,"1068 Budapest, Dózsa György út 84/B",S,R
13799016,INGBHUHB,ING Bank N.V. Magyarországi Fióktelepe,"1068 Budapest, Dózsa György út 84/B",S,R
13799999,INGBHUHB,ING Bank N.V. Magyarországi Fióktelepe,"1068 Budapest, Dózsa György út 84/b",,
14220108,GIBAHUHB,Erste Bank Zrt.,"1138 Budapest, Népfürdő utca 24-26.",S,R
14220115,GIBAHUHB,Erste Bank Zrt.,"1138 Budapest, Népfürdő utca 24-26.",S,R
14220122,GIBAHUHB,Erste Bank Zrt.,"1138 Budapest, Népfürdő utca 24-26.",S,R
14220146,GIBAHUHB,Erste Bank Zrt.,"1138 Budapest, Népfürdő utca 24-26.",S,R
14220160,GIBAHUHB,Erste Bank Zrt.,"1138 Budapest, Népfürdő utca 24-26.",S,R
14220201,GIBAHUHB,Erste Bank Zrt.,"1138 Budapest, Népfürdő utca 24-26.",S,R
14220218,GIBAHUHB,Erste Bank Zrt.,"1138 Budapest, Népfürdő utca 24-26.",S,R
14220225,GIBAHUHB,Erste Bank Zrt.,"1138 Budapest, Népfürdő utca 24-26.",S,R
14220232,GIBAHUHB,Erste Bank Zrt.,"1138 Budapest, Népfürdő utca 24-26.",S,R
14220249,GIBAHUHB,Erste Bank Zrt.,"1138 Budapest, Népfürdő utca 24-26.",S,R
14220256,GIBAHUHB,Erste Bank Zrt.,"1138 Budapest, Népfürdő utca 24-26.",S,R
14220263,GIBAHUHB,Erste Bank Zrt.,"1138 Budapest, Népfürdő utca 24-26.",S,R
14220270,GIBAHUHB,Erste Bank Zrt.,"1138 Budapest, Népfürdő utca 24-26.",S,R
14220287,GIBAHUHB,Erste Bank Zrt.,"1138 Budapest, Népfürdő utca 24-26.",S,R
14220294,GIBAHUHB,Erste Bank Zrt.,"1138 Budapest, Népfürdő utca 24-26.",S,R
14220304,GIBAHUHB,Erste Bank Zrt.,"1138 Budapest, Népfürdő utca 24-26.",S,R
14220933,GIBAHUHB,Erste Bank Zrt.,"1138 Budapest, Népfürdő utca 24-26.",S,R
14220940,GIBAHUHB,Erste Bank Zrt.,"1138 Budapest, Népfürdő utca 24-26.",S,R
14400018,KELRHUHBABC,KELER Zrt.,"1074 Budapest, Rákóczi út 70-72.",S,R
14400025,KELRHUHBABC,KELER Zrt. technikai fiók,"1074 Budapest, Rákóczi út 70-72.",,
14400111,KELRHUHBABC,KELER Zrt. technikai fiók,"1074 Budapest, Rákóczi út 70-72.",S,R
14400128,KELRHUHBABC,KELER Zrt. technikai fiók,"1074 Budapest, Rákóczi út 70-72.",,
14410024,KELRHUHBABC,KELER Zrt. technikai fiók,"1074 Budapest, Rákóczi út 70-72.",,
14420023,KELRHUHBABC,KELER Zrt. technikai fiók,"1074 Budapest, Rákóczi út 70-72.",,
14430022,KELRHUHBABC,KELER Zrt. technikai fiók,"1074 Budapest, Rákóczi út 70-72.",,
14440021,KELRHUHBABC,KELER Zrt. technikai fiók,"1074 Budapest, Rákóczi út 70-72.",,
14450020,KELRHUHBABC,KELER Zrt. technikai fiók,"1074 Budapest, Rákóczi út 70-72.",,
14600012,HBIDHUHB,MFB Magyar Fejlesztési Bank Zrt.,"1051 Budapest, Nádor utca 31.",S,R
14600029,HBIDHUHB,MFB Magyar Fejlesztési Bank Zrt.,"1051 Budapest, Nádor utca 31.",S,R
14600036,HBIDHUHB,MFB Magyar Fejlesztési Bank Zrt.,"1051 Budapest, Nádor utca 31.",S,R
14800016,HEXIHUHB,Eximbank Zrt.,"1065 Budapest, Nagymező utca 46-48.",S,R
15100003,PAUALT22,Paystrax UAB,"9320 Vilnius, Lvivo g. 25-701 ",S,R
16200003,HBWEHUHB,MAGNET Bank,"1055 Budapest, Balassi Bálint utca 9-11.",S,R
16200010,HBWEHUHB,MAGNET Bank Belvárosi fiók,"1055 Budapest, Balassi Bálint utca 9-11.",S,R
16200041,HBWEHUHB,MAGNET Bank Központi fiók,"1062 Budapest, Andrássy út 98.",S,R
16200058,HBWEHUHB,MAGNET Bank Központi fiók,"1062 Budapest, Andrássy út 98.",S,R
16200065,HBWEHUHB,MAGNET Bank Központi fiók,"1062 Budapest, Andrássy út 98.",S,R
16200089,HBWEHUHB,"MAGNET Bank, Központi fiók","1062 Budapest, Andrássy út 98.",S,R
16200096,HBWEHUHB,MAGNET Bank Központi fiók,"1062 Budapest, Andrássy út 98.",S,R
16200106,HBWEHUHB,MAGNET Bank Központi fiók,"1062 Budapest, Andrássy út 98.",S,R
16200113,HBWEHUHB,MAGNET Bank Belvárosi fiók,"1055 Budapest, Balassi Bálint utca 9-11.",S,R
16200120,HBWEHUHB,MAGNET Bank Zuglói fiók,"1149 Budapest, Nagy Lajos király útja 212-214.",S,R
16200137,HBWEHUHB,MAGNET Bank Solymári fiók,"2083 Solymár, Várhegy utca 1.",S,R
16200144,HBWEHUHB,MAGNET Bank Kispesti fiók,"1191 Budapest, Kossuth tér 5.",S,R
16200151,HBWEHUHB,MAGNET Bank Újbudai fiók,"1111 Budapest, Bartók Béla út 34.",S,R
16200168,HBWEHUHB,MAGNET Bank Óbudai fiók,"1032 Budapest, Bécsi út 195.",S,R
16200175,HBWEHUHB,MAGNET Bank Józsefvárosi fiók,"1085 Budapest, József körút 72.",S,R
16200182,HBWEHUHB,MAGNET Bank Erzsébeti fiók,"1203 Budapest, Kossuth Lajos utca 21-29.",S,R
16200199,HBWEHUHB,MAGNET Bank Belvárosi fiók,"1055 Budapest, Balassi Bálint utca 9-11.",S,R
16200209,HBWEHUHB,MAGNET Bank Óbudai fiók,"1032 Budapest, Bécsi út 195.",S,R
16200216,HBWEHUHB,MAGNET Bank Józsefvárosi fiók,"1085 Budapest, József körút 72.",S,R
16200223,HBWEHUHB,MAGNET Bank Astoria fiók,"1088 Budapest, Rákóczi út 1-3.",S,R
16200230,HBWEHUHB,MAGNET Bank Dunakeszi fiók,"2120 Dunakeszi, Fő út 41.",S,R
16200247,HBWEHUHB,MAGNET Bank Székesfehérvári fiók,"8000 Székesfehérvár, Kossuth utca 14.",S,R
16200254,HBWEHUHB,MAGNET Bank,"1062 Budapest, Andrássy út 98.",S,R
16200261,HBWEHUHB,MAGNET Bank,"1062 Budapest, Andrássy út 98.",S,R
16200278,HBWEHUHB,MAGNET Bank,"1062 Budapest, Andrássy út 98.",S,R
16200625,HBWEHUHB,MagNet Bank Budapest Pesti Fiók (megsz),"1062 Budapest, Andrássy út 98",S,R
16200632,HBWEHUHB,MagNet Bank Székesfehérvári Fiók (megsz),"8000 Székesfehérvár, Kossuth utca 14",S,R
16200649,HBWEHUHB,MagNet Bank Sopron Központi fiók,"9400 Sopron, Kossuth Lajos utca 19",S,R
16200656,HBWEHUHB,MagNet Bank Balatonfüredi fiók,"8230 Balatonfüred, Arácsi út 16",S,R
16200663,HBWEHUHB,MagNet Bank Győri fiók,"9022 Győr, Kisfaludy utca 44",S,R
16200670,HBWEHUHB,MagNet Bank Keszthelyi fiók,"8360 Keszthely, Rákóczi utca 3",S,R
16200687,HBWEHUHB,MagNet Bank Szombathelyi fiók,"9700 Szombathely, Király utca 37",S,R
16200694,HBWEHUHB,MagNet Bank Veszprémi fiók,"8200 Veszprém, Szabadság tér 8",S,R
16200979,HBWEHUHB,MAGNET Bank,"1062 Budapest, Andrássy út 98.",S,R
16200986,HBWEHUHB,MAGNET Bank 98.sz.techn.fiók,"1055 Budapest, Balassi Bálint utca 9-11.",S,R
16200993,HBWEHUHB,MAGNET Bank 99.sz.techn.fiók,"1055 Budapest, Balassi Bálint utca 9-11.",S,R
16201451,HBWEHUHB,MAGNET Bank Polgár közp. fiók,"4090 Polgár, Hősök utca 8.",S,R
16201468,HBWEHUHB,MAGNET Bank Polgári fiók,"4090 Polgár, Hősök utca 8.",S,R
16201475,HBWEHUHB,MAGNET Bank Újtikosi fiók,"4096 Újtikos, Fő utca 4.",S,R
16201482,HBWEHUHB,MAGNET Bank Újtikosi fiók,"4096 Újtikos, Fő utca 4.",S,R
16201499,HBWEHUHB,MAGNET Bank Hajdúnánási fiók,"4080 Hajdúnánás, Kossuth utca 14-16.",S,R
16201509,HBWEHUHB,MAGNET Bank Tiszaújvárosi fiók,"3580 Tiszaújváros, Szent István út 25/B",S,R
16201516,HBWEHUHB,MAGNET Bank Debreceni fiók,"4026 Debrecen, Péterfia utca 4.",S,R
16201523,HBWEHUHB,MAGNET Bank Tököli fiók,"2316 Tököl, Duna utca 5.",S,R
16201530,HBWEHUHB,MAGNET Bank Hajdúböszörményi fiók,"4220 Hajdúböszörmény, Bocskai István tér 13.",S,R
16201547,HBWEHUHB,MAGNET Bank Budapesti fiók,"1133 Budapest, Kárpát utca 1/A",S,R
16201554,HBWEHUHB,MAGNET Bank Görbeházai fiók,"4075 Görbeháza, Iskola utca 2.",S,R
16201561,HBWEHUHB,MAGNET Bank Komádii fiók,"4138 Komádi, Fő utca 2.",S,R
16201578,HBWEHUHB,MAGNET Bank Körösszakáli fiók,"4136 Körösszakál, Piac tér 9.",S,R
16201585,HBWEHUHB,MAGNET Bank Csökmői fiók,"4145 Csökmő, Kossuth utca 87.",S,R
16201592,HBWEHUHB,MAGNET Bank Zsákai fiók,"4142 Zsáka, Bethlen Gábor út 2/A",S,R
16201602,HBWEHUHB,MAGNET Bank Újirázi fiók,"4146 Újiráz, Szabadság tér 3.",S,R
16201619,HBWEHUHB,MAGNET Bank Hajdúdorogi fiók,"4087 Hajdúdorog, Nánási út 2.",S,R
16201626,HBWEHUHB,MAGNET Bank Tiszacsegei fiók,"4066 Tiszacsege, Kossuth utca 10.",S,R
16201633,HBWEHUHB,MAGNET Bank Újszentmargitai fiók,"4065 Újszentmargita, Rákóczi utca 31.",S,R
16201640,HBWEHUHB,MAGNET Bank Halászteleki fiók,"2314 Halásztelek, Óvoda utca 4.",S,R
16201657,HBWEHUHB,MAGNET Bank Szigetszentmiklósi fiók,"2310 Szigetszentmiklós, Tököli út 19/B",S,R
16201664,HBWEHUHB,MAGNET Bank Nyíregyházai fiók,"4400 Nyíregyháza, Szarvas utca 5-9 .",S,R
16201671,HBWEHUHB,MAGNET Bank Miskolci fiók,"3525 Miskolc, Szentpáli utca 2-6 .",S,R
16201688,HBWEHUHB,MAGNET Bank Egri fiók,"3300 Eger, Törvényház utca 9.",S,R
16201695,HBWEHUHB,MAGNET Bank Soproni fiók,"9400 Sopron, Ágfalvi út 2/A",S,R
16209992,HBWEHUHB,MAGNET Bank,"1062 Budapest, Andrássy út 98.",S,R
16233333,HBWEHUHB,MAGNET Bank Netbank,"1062 Budapest, Andrássy út 98.",S,R
16300000,DEUTHU2B,Deutsche Bank AG Magyarországi Fióktelep,"1054 Budapest, Hold utca 27.",S,R
16700015,MCBHHUHB,Magyar Cofidis Bank Zrt.,"1062 Budapest, Teréz körút 55-57.",S,R
16710014,MCBHHUHB,"Magyar Cofidis Bank, Belső gazd. Szla","1062 Budapest, Teréz körút 55-57.",S,R
16720013,MCBHHUHB,"Magyar Cofidis Bank, Ügyfélszla Credit","1062 Budapest, Teréz körút 55-57.",S,R
16730012,MCBHHUHB,"Magyar Cofidis Bank, Ügyfélszla Debit","1062 Budapest, Teréz körút 55-57.",S,R
16740011,MCBHHUHB,"Magyar Cofidis Bank, Ügyfélszla csekkbef","1062 Budapest, Teréz körút 55-57.",S,R
16750010,MCBHHUHB,Magyar Cofidis Ügyfél betét számla,"1062 Budapest, Teréz körút 55-57.",S,R
16760019,MCBHHUHB,Magyar Cofidis Belső gazd. betét számla,"1062 Budapest, Teréz körút 55-57.",S,R
16801680,FHJBHUHB,MBH Jelzálogbank Nyrt.,"1117 Budapest, Magyar Tudósok  körútja 9. G épület",S,R
17000019,OTPVHUHB,OTP Bank Nyrt.,"1051 Budapest, Nádor utca 16.",S,R
17100009,BACXHUHB,UniCredit Jelzálogbank Zrt.,"1054 Budapest, Szabadság tér 5-6.",S,R
17500014,BKCHHUHB,Bank of China (CEE) Zrt.,"1051 Budapest, József nádor tér 7.",S,R
17600004,HBWEHUHB,MagNet Bank Soproni fiók,"9400 Sopron, Kossuth Lajos utca 19.",S,R
17600011,HBWEHUHB,MagNet Bank Soproni fiók,"9400 Sopron, Kossuth Lajos utca 19.",S,R
17600028,HBWEHUHB,MagNet Bank Soproni fiók,"9400 Sopron, Kossuth Lajos utca 19.",S,R
17600035,HBWEHUHB,MagNet Bank Győri fiók,"9022 Győr, Kisfaludy utca 44.",S,R
17600042,HBWEHUHB,MagNet Bank Szombathelyi fiók,"9700 Szombathely, Király utca 37.",S,R
17600059,HBWEHUHB,MagNet Bank Keszthelyi fiók,"8360 Keszthely, Rákóczi út 3.",S,R
17600066,HBWEHUHB,MagNet Bank Veszprémi fiók,"8200 Veszprém, Szabadság tér 8.",S,R
17600080,HBWEHUHB,MagNet Bank Központi fiók,"1062 Budapest, Andrássy út 98.",S,R
17600097,HBWEHUHB,MagNet Bank Keszthelyi fiók,"8360 Keszthely, Rákóczi  utca 3.",S,R
17600107,HBWEHUHB,MagNet Bank Keszthelyi fiók,"8360 Keszthely, Rákóczi  utca 3.",S,R
17600114,HBWEHUHB,MagNet Bank Szombathelyi fiók,"9700 Szombathely, Király  utca 37.",S,R
17600121,HBWEHUHB,MagNet Bank Székesfehérvári fiók,"8000 Székesfehérvár, Kossuth utca 14.",S,R
17600138,HBWEHUHB,MagNet Bank Balatonfüredi fiók,"8230 Balatonfüred, Arácsi út 16.",S,R
17600145,HBWEHUHB,MagNet Bank Győri fiók,"9022 Győr, Kisfaludy utca 44.",S,R
17600152,HBWEHUHB,MagNet Bank Szombathelyi fiók,"9700 Szombathely, Király utca 37.",S,R
17600169,HBWEHUHB,MagNet Bank Győri fiók,"9022 Győr, Kisfaludy utca 44.",S,R
17600176,HBWEHUHB,MagNet Bank Soproni fiók,"9400 Sopron, Kossuth Lajos utca 19.",S,R
17600183,HBWEHUHB,MagNet Bank Szombathelyi fiók,"9700 Szombathely, Király utca 37.",S,R
17600190,HBWEHUHB,MagNet Bank Veszprémi fiók,"8200 Veszprém, Szabadság tér 8.",S,R
17600200,HBWEHUHB,MagNet Bank Központi fiók,"1062 Budapest, Andrássy út 98.",S,R
17600217,HBWEHUHB,MagNet Bank Győri fiók,"9022 Győr, Kisfaludy utca 44.",S,R
17600224,HBWEHUHB,MagNet Bank Soproni fiók,"9400 Sopron, Kossuth Lajos utca 19.",S,R
17600231,HBWEHUHB,MagNet Bank Központi fiók,"1062 Budapest, Andrássy út 98.",S,R
17600248,HBWEHUHB,MagNet Bank Szombathelyi fiók,"9700 Szombathely, Király utca 37.",S,R
17600255,HBWEHUHB,MagNet Bank Győri fiók,"9022 Győr, Kisfaludy utca 44.",S,R
17600262,HBWEHUHB,MagNet Bank Veszprémi fiók,"8200 Veszprém, Szabadság tér 8.",S,R
17600279,HBWEHUHB,MagNet Bank Székesfehérvári fiók,"8000 Székesfehérvár, Kossuth utca 14.",S,R
17600286,HBWEHUHB,MagNet Bank Keszthelyi fiók,"8360 Keszthely, Rákóczi  utca 3.",S,R
17810007,BNPAHUHX,BNP-Paribas Magyarországi fióktelepe,"1062 Budapest, Teréz körút 55-57.",S,R
18100002,MKKBHUHB,MBH Bank Nyrt.,"1117 Budapest, Magyar  Tudósok körútja 9.G.épület",S,R
18200009,MKKBHUHB,MBH Bank Nyrt.,"1117 Budapest, Magyar Tudósok körútja 9.G.épület",S,R
18201017,MKKBHUHB,MBH Bank Nyrt.,"1117 Budapest, Magyar  Tudósok körútja 9.G.épület",S,R
18201024,MKKBHUHB,MBH Bank Nyrt.,"1117 Budapest, Magyar  Tudósok körútja 9.G.épület",S,R
18201031,MKKBHUHB,MBH Bank Nyrt.,"1117 Budapest, Magyar  Tudósok körútja 9.G.épület",S,R
18203019,MKKBHUHB,MBH Bank Nyrt.,"6000 Kecskemét, Bercsényi utca 7.",S,R
18203026,MKKBHUHB,MBH Bank Nyrt.,"8000 Székesfehérvár, Koronázó tér 2.",S,R
18203033,MKKBHUHB,MBH Bank Nyrt.,"1132 Budapest, Váci út 20.",S,R
18203040,MKKBHUHB,MBH Győr ETO Park,"9021 Győr, Nagysándor József utca 31.",S,R
18203057,MKKBHUHB,MBH Bank Nyrt.,"7400 Kaposvár, Fő út 51.",S,R
18203064,MKKBHUHB,MBH Bank Nyrt.,"3527 Miskolc, Ady Endre utca 16.",S,R
18203071,MKKBHUHB,MBH Bank Nyrt.,"4026 Debrecen, Bethlen G. utca 6-8.",S,R
18203088,MKKBHUHB,MBH Bank Nyrt.,"6720 Szeged, Széchenyi tér 3.",S,R
18203095,MKKBHUHB,MBH Bank Nyrt.,"7622 Pécs, Bajcsy-Zsilinszky utca 7.",S,R
18203105,MKKBHUHB,MBH Bank Nyrt.,"4400 Nyíregyháza, Dózsa György utca 11.",S,R
18203112,MKKBHUHB,MBH Bank Nyrt.,"8900 Zalaegerszeg, Dísz tér 7.",S,R
18203129,MKKBHUHB,MBH Bank Nyrt.,"5000 Szolnok, Nagy Imre körút 10/A",S,R
18203136,MKKBHUHB,MBH Bank Nyrt.,"5600 Békéscsaba, Hunyadi tér 10.",S,R
18203143,MKKBHUHB,MBH Bank Nyrt.,"1033 Budapest, Flórián tér 4-5.",S,R
18203150,MKKBHUHB,MBH Bank Nyrt.,"8200 Veszprém, Cserhát lakótelep 7.",S,R
18203167,MKKBHUHB,MBH Bank Nyrt.,"2800 Tatabánya, Dózsa György út 56.",S,R
18203174,MKKBHUHB,MBH Bank Nyrt.,"3300 Eger, Dr. Sándor Imre utca 4.",S,R
18203181,MKKBHUHB,MBH Bank Nyrt.,"3100 Salgótarján, Erzsébet tér 7.",S,R
18203198,MKKBHUHB,MBH Bank Nyrt.,"9700 Szombathely, Petőfi Sándor utca 16.",S,R
18203208,MKKBHUHB,MBH Bank Nyrt.,"7100 Szekszárd, Széchenyi utca 62.",S,R
18203215,MKKBHUHB,MBH Bank Nyrt.,"1015 Budapest, Hattyú utca 18.",S,R
18203222,MKKBHUHB,MBH Bank Nyrt.,"1033 Budapest, Flórián tér 4-5.",S,R
18203239,MKKBHUHB,MBH Bank Nyrt.,"1042 Budapest, Árpád út 45.",S,R
18203246,MKKBHUHB,MBH Bank Nyrt.,"1132 Budapest, Váci út 20.",S,R
18203253,MKKBHUHB,MBH Bank Nyrt.,"1117 Budapest, Magyar  Tudósok körútja 9.G.épület",S,R
18203260,MKKBHUHB,MBH Bank Nyrt.,"1132 Budapest, Váci út 20.",S,R
18203277,MKKBHUHB,MBH Bank Nyrt.,"1132 Budapest, Váci út 20.",S,R
18203284,MKKBHUHB,MBH Bank Nyrt.,"1117 Budapest, Magyar  Tudósok körútja 9.G.épület",S,R
18203291,MKKBHUHB,MBH Bank Nyrt.,"1113 Budapest, Villányi út 20.",S,R
18203301,MKKBHUHB,MBH Bank Nyrt.,"1132 Budapest, Váci út 20.",S,R
18203318,MKKBHUHB,MBH Bank Nyrt.,"1132 Budapest, Váci út 20.",S,R
18203325,MKKBHUHB,MBH Bank Nyrt.,"1211 Budapest, Kossuth Lajos utca 47-49.",S,R
18203332,MKKBHUHB,MBH Bank Nyrt.,"1082 Budapest, Üllői út 48.",S,R
18203349,MKKBHUHB,MBH Bank Nyrt.,"1181 Budapest, Üllői út 399.",S,R
18203356,MKKBHUHB,MBH Bank Nyrt.,"1117 Budapest, Magyar Tudósok körútja 9.G.épület",S,R
18203363,MKKBHUHB,MBH Bank Nyrt.,"1015 Budapest, Hattyú utca 18.",S,R
18203370,MKKBHUHB,MBH Bank Nyrt.,"1211 Budapest, Kossuth Lajos utca 47-49.",S,R
18203387,MKKBHUHB,MBH Bank Nyrt.,"1211 Budapest, Kossuth Lajos utca 47-49.",S,R
18203394,MKKBHUHB,MBH Bank Nyrt.,"1113 Budapest, Villányi út 20.",S,R
18203404,MKKBHUHB,MBH Bank Nyrt.,"1211 Budapest, Kossuth Lajos utca 47-49.",S,R
18203411,MKKBHUHB,MBH Bank Nyrt.,"8000 Székesfehérvár, Koronázó tér 2.",S,R
18203428,MKKBHUHB,MBH Bank Nyrt.,"1132 Budapest, Váci út 20.",S,R
18203435,MKKBHUHB,MBH Bank Nyrt.,"1042 Budapest, Árpád út 45.",S,R
18203459,MKKBHUHB,MBH Bank Nyrt.,"3300 Eger, Dr. Sándor Imre utca 4.",S,R
18203466,MKKBHUHB,MBH Bank Nyrt.,"1117 Budapest, Magyar  Tudósok körútja 9.G.épület",S,R
18203473,MKKBHUHB,MBH Bank Nyrt.,"1117 Budapest, Magyar  Tudósok körútja 9.G.épület",S,R
18203480,MKKBHUHB,MBH Bank Nyrt.,"4400 Nyíregyháza, Dózsa György utca 11.",S,R
18203497,MKKBHUHB,MBH Bank Nyrt.,"7100 Szekszárd, Széchenyi utca 62.",S,R
18203514,MKKBHUHB,MBH Bank Nyrt.,"6720 Szeged, Széchenyi tér 3.",S,R
18203521,MKKBHUHB,MBH Bank Nyrt.,"8900 Zalaegerszeg, Dísz tér 7.",S,R
18203538,MKKBHUHB,MBH Győr ETO Park,"9021 Győr, Nagysándor József utca 31.",S,R
18203545,MKKBHUHB,MBH Bank Nyrt.,"8000 Székesfehérvár, Koronázó tér 2.",S,R
18203552,MKKBHUHB,MBH Bank Nyrt.,"8900 Zalaegerszeg, Dísz tér 7.",S,R
18203569,MKKBHUHB,MBH Győr ETO Park,"9021 Győr, Nagysándor József utca 31.",S,R
18203576,MKKBHUHB,MBH Bank Nyrt.,"9400 Sopron, Batsányi utca 2.",S,R
18203583,MKKBHUHB,MBH Bank Nyrt.,"9700 Szombathely, Petőfi Sándor utca 16.",S,R
18203590,MKKBHUHB,MBH Bank Nyrt.,"1117 Budapest, Magyar Tudósok körútja 9.G.épület",S,R
18203600,MKKBHUHB,MBH Bank Nyrt.,"2800 Tatabánya, Dózsa György út 56.",S,R
18203617,MKKBHUHB,MBH Bank Nyrt.,"3580 Tiszaújváros, Szent  István út 29/b",S,R
18203624,MKKBHUHB,MBH Bank Nyrt.,"1117 Budapest, Magyar Tudósok körútja 9.G.épület",S,R
18203631,MKKBHUHB,MBH Bank Nyrt.,"1132 Budapest, Váci út 20.",S,R
18203648,MKKBHUHB,MBH Bank Nyrt.,"1117 Budapest, Magyar  Tudósok körútja 9.G.épület",S,R
18203662,MKKBHUHB,MBH Bank Nyrt.,"1117 Budapest, Magyar  Tudósok körútja 9.G.épület",S,R
18203679,MKKBHUHB,MBH Bank Nyrt.,"1117 Budapest, Magyar Tudósok körútja 9.G.épület",S,R
18203686,MKKBHUHB,MBH Bank Nyrt.,"1117 Budapest, Magyar  Tudósok körútja 9.G.épület",S,R
18203693,MKKBHUHB,MBH Bank Nyrt.,"1117 Budapest, Magyar  Tudósok körútja 9.G.épület",S,R
18203703,MKKBHUHB,MBH Bank Nyrt.,"1117 Budapest, Magyar  Tudósok körútja 9.G.épület",S,R
18203923,MKKBHUHB,MBH Bank Nyrt.,"1132 Budapest, Váci út 20.",S,R
18203930,MKKBHUHB,MBH Bank Nyrt.,"1082 Budapest, Üllői út 48.",S,R
18300006,BNPAHUHX,BNP-Paribas Magyarországi fióktelepe,"1062 Budapest, Teréz körút 55-57.",S,R
18400010,OBKLHUHB,"OBERBANK Ag, Magyarországi fióktelep","1062 Budapest, Váci út 1-3.",S,R
19017004,MANEHUHH,Magyar Nemzeti Bank,"1013 Budapest, Krisztina körút 55.",S,R
19600000,CLSBUS33,CLS Bank International,"9999 New York, NY 10005 USA, 32 Old Slip, 23rd Flo",S,R
19700014,BKCHHUHH,Bank of China Limited Mo-i Fióktelepe,"1051 Budapest, József nádor tér 7.",S,R
20080004,OTPVHUHB,OTP SZÉP kártya,"1131 Budapest, Madarász utca 12.",,
22222222,OFSZHUHB,O.F.SZ. Zrt,"1026 Budapest, Pasaréti út 83",S,R
29700008,ELFZHUHH,Első Fedezetkezelő Zrt. Központi Fiók,"1062 Budapest, Aradi utca 8-10",S,R
29800005,BCIRLULL,Banking Circle S.A.,"1528 Luxembourg, de la Foire Boulevard 2",S,R
29900002,THZTHUHH,Trive Bank Europe Zrt.,"1055 Budapest, Bajcsy-Zsilinszky út 78.",S,R
29900019,THZTHUHH,Trive Bank Europe Zrt.,"1055 Budapest, Bajcsy-Zsilinszky út 78.",S,R
30200014,REVOHUHB,REVOLUT BANK UAB Magyarországi Fióktelep,"1052 Budapest, Szervita tér 8.",S,R
30400001,BBIXHUHH,BinX Zrt.,"1031 Budapest, Záhony utca 7.",S,R
30400025,BBIXHUHH,BinX Zrt.,"1031 Budapest, Záhony utca 7",S,R
30500008,DIUALT22,DiPocket UAB,"9320 Vilnius, Lvivo street 25-104",S,R
30700002,CITFCZPP,"Citfin, sporitelni druzstvo","1580 Praha 5, Radlická street 751/113e",S,R
30800009,HZMNHUHH,HUNFedezetkezelő Zrt. Központi Fiók,"1097 Budapest, Könyves Kálmán krt.11. C. ép. 6.em.",S,R
31000006,SLTPISRE,TEYA ICELAND HF.,"1050 Reykjavik, Katrinartuni 4",S,R
31100010,POLBHU22,Polgári Bank Zrt.,"4090 Polgár, Hősök utca 8.",S,R
31101011,POLBHU22,Polgári Bank Zrt. Budapesti Fiók,"1133 Budapest, Kárpát utca 1/a",S,R
50088885,MKKBHUHB,MBH Bank Nyrt.,"1122 Budapest, Pethényi köz 10.",S,R
50100019,MKKBHUHB,MBH Bank Nyrt.,"7754 Bóly, Hősök tere 8/C",S,R
50100026,MKKBHUHB,MBH Bank Nyrt.,"7751 Szederkény, Pécsi út 40.",S,R
50100033,MKKBHUHB,MBH Bank Nyrt.,"7754 Bóly, Hősök tere 8/C",S,R
50100040,MKKBHUHB,MBH Bank Nyrt.,"7754 Bóly, Hősök tere 8/C",S,R
50100057,MKKBHUHB,MBH Bank Nyrt.,"7700 Mohács, Dózsa György utca 31.",S,R
50100064,MKKBHUHB,MBH Bank Nyrt.,"7700 Mohács, Dózsa György utca 31.",S,R
50100088,MKKBHUHB,MBH Bank Nyrt.,"7751 Szederkény, Pécsi út 40.",S,R
50100095,MKKBHUHB,MBH Bank Nyrt.,"7754 Bóly, Hősök tere 8/C",S,R
50100105,MKKBHUHB,MBH Bank Nyrt.,"7751 Szederkény, Pécsi út 40.",S,R
50100112,MKKBHUHB,MBH Bank Nyrt.,"7700 Mohács, Dózsa  György utca 31.",S,R
50100129,MKKBHUHB,MBH Bank Nyrt.,"7754 Bóly, Hősök tere 8/C",S,R
50100136,MKKBHUHB,MBH Bank Nyrt.,"7754 Bóly, Hősök tere 8/C",S,R
50100150,MKKBHUHB,MBH Bank Nyrt.,"7700 Mohács, Dózsa  György utca 31.",S,R
50100167,MKKBHUHB,MBH Bank Nyrt.,"7700 Mohács, Dózsa  György utca 31.",S,R
50100174,MKKBHUHB,MBH Bank Nyrt.,"7766 Újpetre, Kossuth utca 16/A",S,R
50100181,MKKBHUHB,MBH Bank Nyrt.,"7766 Újpetre, Kossuth utca 16/A",S,R
50100198,MKKBHUHB,MBH Bank Nyrt.,"7766 Újpetre, Kossuth utca 16/A.",S,R
50100208,MKKBHUHB,MBH Bank Nyrt.,"7766 Újpetre, Kossuth utca 16/A",S,R
50300006,MKKBHUHB,MBH Bank Nyrt.,"7695 Mecseknádasd, Rákóczi Ferenc utca 40.",S,R
50300013,MKKBHUHB,MBH Bank Nyrt.,"7720 Pécsvárad, Kossuth  Lajos utca 30.",S,R
50300020,MKKBHUHB,MBH Bank Nyrt.,"7694 Hosszúhetény, Fő utca 176.",S,R
50300037,MKKBHUHB,MBH Bank Nyrt.,"7622 Pécs, Bajcsy-Zsilinszky utca 7.",S,R
50300044,MKKBHUHB,MBH Bank Nyrt.,"7720 Pécsvárad, Kossuth Lajos utca 30.",S,R
50300051,MKKBHUHB,MBH Bank Nyrt.,"7700 Mohács, Dózsa  György utca 31.",S,R
50300068,MKKBHUHB,MBH Bank Nyrt.,"7720 Pécsvárad, Kossuth Lajos utca 30.",S,R
50300075,MKKBHUHB,MBH Bank Nyrt.,"7761 Kozármisleny, Orgona utca 2.",S,R
50300082,MKKBHUHB,MBH Bank Nyrt.,"7622 Pécs, Bajcsy-Zsilinszky utca 7.",S,R
50300099,MKKBHUHB,MBH Bank Nyrt.,"7695 Mecseknádasd, Rákóczi Ferenc utca 40.",S,R
50300109,MKKBHUHB,MBH Bank Nyrt.,"7622 Pécs, Bajcsy-Zsilinszky utca 7.",S,R
50300116,MKKBHUHB,MBH Bank Nyrt.,"7622 Pécs, Bajcsy-Zsilinszky utca 7.",S,R
50300123,MKKBHUHB,MBH Bank Nyrt.,"7150 Bonyhád, Szabadság tér 9.",S,R
50300130,MKKBHUHB,MBH Bank Nyrt.,"7720 Pécsvárad, Kossuth Lajos utca 30.",S,R
50300147,MKKBHUHB,MBH Bank Nyrt.,"7030 Paks, Táncsics  Mihály utca 4.",S,R
50300154,MKKBHUHB,MBH Bank Nyrt.,"7100 Szekszárd, Széchenyi utca 62.",S,R
50300161,MKKBHUHB,MBH Bank Nyrt.,"8900 Zalaegerszeg, Eötvös József utca 1-3.",S,R
50300178,MKKBHUHB,MBH Bank Nyrt.,"7400 Kaposvár, Áchim András utca 4.",S,R
50300185,MKKBHUHB,MBH Bank Nyrt.,"7622 Pécs, Bajcsy-Zsilinszky utca 7.",S,R
50300192,MKKBHUHB,MBH Bank Nyrt.,"8800 Nagykanizsa, Erzsébet tér 1.",S,R
50300202,MKKBHUHB,MBH Bank Nyrt.,"8840 Csurgó, Csokonai utca 14.",S,R
50400010,MKKBHUHB,MBH Bank Nyrt.,"7700 Mohács, Dózsa  György utca 31.",S,R
50400027,MKKBHUHB,MBH Bank Nyrt.,"7700 Mohács, Dózsa  György utca 31.",S,R
50400034,MKKBHUHB,MBH Bank Nyrt.,"7712 Dunaszekcső, Kossuth Lajos utca 37.",S,R
50400041,MKKBHUHB,MBH Bank Nyrt.,"7735 Himesháza, Kossuth Lajos utca 62.",S,R
50400058,MKKBHUHB,MBH Bank Nyrt.,"7735 Himesháza, Kossuth Lajos utca 62.",S,R
50400065,MKKBHUHB,MBH Bank Nyrt.,"7700 Mohács, Dózsa György utca 31.",S,R
50400072,MKKBHUHB,MBH Bank Nyrt.,"7700 Mohács, Dózsa  György utca 31.",S,R
50400089,MKKBHUHB,MBH Bank Nyrt.,"7700 Mohács, Dózsa  György utca 31.",S,R
50400096,MKKBHUHB,MBH Bank Nyrt.,"7700 Mohács, Dózsa György utca 31.",S,R
50400106,MKKBHUHB,MBH Bank Nyrt.,"7700 Mohács, Dózsa  György utca 31.",S,R
50400113,MKKBHUHB,MBH Bank Nyrt.,"7622 Pécs, Bajcsy-Zsilinszky utca 7.",S,R
50400120,MKKBHUHB,MBH Bank Nyrt.,"7700 Mohács, Dózsa  György utca 31.",S,R
50400137,MKKBHUHB,MBH Bank Nyrt.,"7700 Mohács, Dózsa György utca 31.",S,R
50400144,MKKBHUHB,MBH Bank Nyrt.,"7700 Mohács, Dózsa György utca 31.",S,R
50400151,MKKBHUHB,MBH Bank Nyrt.,"7700 Mohács, Dózsa György utca 31.",S,R
50400168,MKKBHUHB,MBH Bank Nyrt.,"7761 Kozármisleny, Orgona utca 2.",S,R
50400209,MKKBHUHB,MBH Bank Nyrt.,"1117 Budapest, Magyar Tudósok körútja 9.G.épület",S,R
50410033,MKKBHUHB,MBH Bank Nyrt.,"7712 Dunaszekcső, Kossuth Lajos utca 37.",S,R
50410057,MKKBHUHB,MBH Bank Nyrt.,"7735 Himesháza, Kossuth Lajos utca 62.",S,R
50410088,MKKBHUHB,MBH Bank Nyrt.,"7700 Mohács, Dózsa György utca 31.",S,R
50410095,MKKBHUHB,MBH Bank Nyrt.,"7700 Mohács, Dózsa György utca 31.",S,R
50410105,MKKBHUHB,MBH Bank Nyrt.,"7700 Mohács, Dózsa  György utca 31.",S,R
50410112,MKKBHUHB,MBH Bank Nyrt.,"7622 Pécs, Bajcsy-Zsilinszky utca 7.",S,R
50410129,MKKBHUHB,MBH Bank Nyrt.,"7700 Mohács, Dózsa  György utca 31.",S,R
50410136,MKKBHUHB,MBH Bank Nyrt.,"7700 Mohács, Dózsa György utca 31.",S,R
50410143,MKKBHUHB,MBH Bank Nyrt.,"7700 Mohács, Dózsa György utca 31.",S,R
50410150,MKKBHUHB,MBH Bank Nyrt.,"7700 Mohács, Dózsa  György utca 31.",S,R
50410167,MKKBHUHB,MBH Bank Nyrt.,"7761 Kozármisleny, Orgona utca 2.",S,R
50410174,MKKBHUHB,MBH Bank Nyrt.,"7700 Mohács, Dózsa György utca 31.",S,R
50410181,MKKBHUHB,MBH Bank Nyrt.,"7754 Bóly, Rákóczi Ferenc utca 7/A",S,R
50410198,MKKBHUHB,MBH Bank Nyrt.,"7751 Szederkény, Pécsi út 40.",S,R
50410208,MKKBHUHB,MBH Bank Nyrt.,"7700 Mohács, Dózsa  György utca 31.",S,R
50410215,MKKBHUHB,MBH Bank Nyrt.,"7766 Újpetre, Kossuth utca 16/A.",S,R
50420018,MKKBHUHB,MBH 103 Herend,"8440 Herend, Kossuth Lajos utca 140.",S,R
50420025,MKKBHUHB,MBH Bank Nyrt.,"8230 Balatonfüred, Kossuth Lajos utca 20.",S,R
50420032,MKKBHUHB,MBH Bank Nyrt.,"2451 Ercsi, Szent István út 3.",S,R
50420049,MKKBHUHB,MBH Bank Nyrt.,"2462 Martonvásár, Brunszvik utca 1/B",S,R
50420056,MKKBHUHB,MBH Bank Nyrt.,"2490 Pusztaszabolcs, Adonyi út 41.",S,R
50420063,MKKBHUHB,MBH Bank Nyrt.,"2454 Iváncsa, Szövetkezeti köz 1.",S,R
50420070,MKKBHUHB,MBH Bank Nyrt.,"2475 Kápolnásnyék, Fő utca 29.",S,R
50420087,MKKBHUHB,MBH Bank Nyrt.,"2484 Gárdony-Agárd, Balatoni út 43.",S,R
50420094,MKKBHUHB,MBH Bank Nyrt.,"2462 Martonvásár, Brunszvik utca 1/B",S,R
50420104,MKKBHUHB,MBH Bank Nyrt.,"2475 Kápolnásnyék, Fő utca 29.",S,R
50420111,MKKBHUHB,MBH Bank Nyrt.,"8111 Seregélyes, Fő utca 169.",S,R
50420128,MKKBHUHB,MBH Bank Nyrt.,"8000 Székesfehérvár, Budai út 42.",S,R
50420135,MKKBHUHB,MBH Bank Nyrt.,"1043 Budapest, Árpád út 45.",S,R
50420142,MKKBHUHB,MBH Bank Nyrt.,"2481 Velence, Gerle utca 2.",S,R
50420159,MKKBHUHB,MBH Bank Nyrt.,"8151 Szabadbattyán, Csikvár tér 10.",S,R
50420166,MKKBHUHB,MBH Bank Nyrt.,"8164 Balatonfőkajár, Kossuth  Lajos utca 16.",S,R
50420173,MKKBHUHB,MBH Bank Nyrt.,"8130 Enying, Deák Ferenc utca 1.",S,R
50420180,MKKBHUHB,MBH Bank Nyrt.,"8127 Aba, Petőfi Sándor utca 95.",S,R
50420197,MKKBHUHB,MBH Bank Nyrt.,"8154 Polgárdi, Deák Ferenc utca 13.",S,R
50420207,MKKBHUHB,MBH Bank Nyrt.,"7000 Sárbogárd, Ady Endre út 107.",S,R
50420214,MKKBHUHB,MBH Bank Nyrt.,"7013 Cece, Jókai Mór utca 2.",S,R
50420221,MKKBHUHB,MBH Bank Nyrt.,"8124 Káloz, Bajcsy-Zsilinszky utca 3.",S,R
50420238,MKKBHUHB,MBH Bank Nyrt.,"8136 Lajoskomárom, Enyingi utca 3.",S,R
50420245,MKKBHUHB,MBH Bank Nyrt.,"8124 Káloz, Bajcsy-Zsilinszky utca 3.",S,R
50420252,MKKBHUHB,MBH Bank Nyrt.,"8111 Seregélyes, Fő utca 169.",S,R
50420269,MKKBHUHB,MBH Bank Nyrt.,"2370 Dabas, Szent  István tér 1/D",S,R
50420276,MKKBHUHB,MBH Bank Nyrt.,"2347 Bugyi, Templom utca 6.",S,R
50420283,MKKBHUHB,MBH Bank Nyrt.,"2360 Gyál, Kőrösi út 116.",S,R
50420290,MKKBHUHB,MBH Bank Nyrt.,"2351 Alsónémedi, Fő út 66/A",S,R
50420300,MKKBHUHB,MBH Bank Nyrt.,"2370 Dabas, Szent István tér 1/D",S,R
50420317,MKKBHUHB,MBH Bank Nyrt.,"2330 Dunaharaszti, Baktay Ervin tér 5.",S,R
50420324,MKKBHUHB,MBH Bank Nyrt.,"2030 Érd, Budai út 20.",S,R
50420331,MKKBHUHB,MBH Bank Nyrt.,"2030 Érd, Budai út 20.",S,R
50420348,MKKBHUHB,MBH Bank Nyrt.,"2030 Érd, Hegesztő utca 10.",S,R
50420355,MKKBHUHB,MBH Bank Nyrt.,"2049 Diósd, Szent István tér 12.",S,R
50420362,MKKBHUHB,MBH Bank Nyrt.,"2038 Sóskút, Mártírok utca 5.",S,R
50420379,MKKBHUHB,MBH Bank Nyrt.,"2440 Százhalombatta, Damjanich utca 23.",S,R
50420386,MKKBHUHB,MBH Bank Nyrt.,"2461 Tárnok, Rákóczi út 91.",S,R
50420393,MKKBHUHB,MBH Bank Nyrt.,"2045 Törökbálint, Munkácsy Mihály utca 11.",S,R
50420403,MKKBHUHB,MBH Bank Nyrt.,"2051 Biatorbágy, Szabadság út 11/A.",S,R
50420410,MKKBHUHB,MBH Bank Nyrt.,"2060 Bicske, Csabdi utca 4.",S,R
50420427,MKKBHUHB,MBH Bank Nyrt.,"2092 Budakeszi, Fő utca 126.",S,R
50420434,MKKBHUHB,MBH Bank Nyrt.,"2091 Etyek, Óvoda utca 2.",S,R
50420441,MKKBHUHB,MBH Bank Nyrt.,"2053 Herceghalom, Zsámbéki út 16.",S,R
50420458,MKKBHUHB,MBH Bank Nyrt.,"7081 Simontornya, Mátyás  király utca 2-3.",S,R
50420465,MKKBHUHB,MBH Bank Nyrt.,"7200 Dombóvár, Hunyadi tér 42.",S,R
50420472,MKKBHUHB,MBH Bank Nyrt.,"7200 Dombóvár, Hunyadi tér 42.",S,R
50420489,MKKBHUHB,MBH Bank Nyrt.,"7081 Simontornya, Mátyás  király utca 2-3.",S,R
50420496,MKKBHUHB,MBH Bank Nyrt.,"7081 Simontornya, Mátyás király utca 2-3.",S,R
50420506,MKKBHUHB,MBH Bank Nyrt.,"8258 Badacsonytomaj, Kert utca 12.",S,R
50420513,MKKBHUHB,MBH Bank Nyrt.,"8300 Tapolca, Fő tér 4.",S,R
50420520,MKKBHUHB,MBH Bank Nyrt.,"8400 Ajka, Szabadság tér 11.",S,R
50420537,MKKBHUHB,MBH Bank Nyrt.,"8330 Sümeg, Kossuth Lajos utca 17.",S,R
50420544,MKKBHUHB,MBH Bank Nyrt.,"8330 Sümeg, Kossuth Lajos utca 17.",S,R
50420551,MKKBHUHB,MBH Bank Nyrt.,"8174 Balatonkenese, Fő utca 23.",S,R
50420568,MKKBHUHB,MBH Bank Nyrt.,"8181 Berhida, Szabadság tér 6.",S,R
50420575,MKKBHUHB,MBH Bank Nyrt.,"8220 Balatonalmádi, Baross Gábor út 11.",S,R
50420582,MKKBHUHB,MBH Bank Nyrt.,"8100 Várpalota, Posta út 8.",S,R
50420599,MKKBHUHB,MBH Bank Nyrt.,"8200 Veszprém, Budapest út 16.",S,R
50420609,MKKBHUHB,MBH Bank Nyrt.,"8000 Székesfehérvár, Budai út 42.",S,R
50420616,MKKBHUHB,MBH Bank Nyrt.,"8164 Balatonfőkajár, Kossuth Lajos utca 16.",S,R
50420623,MKKBHUHB,MBH Bank Nyrt.,"1015 Budapest, Hattyú utca 18.",S,R
50420630,MKKBHUHB,MBH 103 Herend,"8440 Herend, Kossuth Lajos utca 140.",S,R
50420647,MKKBHUHB,MBH 103 Herend,"8440 Herend, Kossuth Lajos utca 140.",S,R
50420654,MKKBHUHB,MBH Bank Nyrt.,"8460 Devecser, Kossuth  Lajos utca 2.",S,R
50420661,MKKBHUHB,MBH Bank Nyrt.,"8460 Devecser, Kossuth Lajos utca 2.",S,R
50420678,MKKBHUHB,MBH Bank Nyrt.,"1093 Budapest, Czuczor utca 2-10.",S,R
50420685,MKKBHUHB,MBH Bank Nyrt.,"8501 Pápa, Zimmermann utca 1.",S,R
50420692,MKKBHUHB,MBH Bank Nyrt.,"8420 Zirc, József Attila utca 4.",S,R
50420702,MKKBHUHB,MBH Bank Nyrt.,"8417 Csetény, Hunyadi utca 1.",S,R
50420719,MKKBHUHB,MBH Bank Nyrt.,"8420 Zirc, József  Attila utca 4.",S,R
50420726,MKKBHUHB,MBH Bank Nyrt.,"8200 Veszprém, Budapest út 16.",S,R
50420733,MKKBHUHB,MBH Bank Nyrt.,"8200 Veszprém, Budapest út 16.",S,R
50420740,MKKBHUHB,MBH Bank Nyrt.,"8175 Balatonfűzfő, Bugyogóforrás utca 1.",S,R
50420757,MKKBHUHB,MBH Bank Nyrt.,"1201 Budapest, Kossuth Lajos utca 32-36.",S,R
50420764,MKKBHUHB,MBH Bank Nyrt.,"8500 Pápa, Zimmermann utca 1.",S,R
50420771,MKKBHUHB,MBH Bank Nyrt.,"8501 Pápa, Zimmermann utca 1.",S,R
50420788,MKKBHUHB,MBH Bank Nyrt.,"1117 Budapest, Magyar  Tudósok körútja 9.G.épület",S,R
50420795,MKKBHUHB,MBH Bank Nyrt.,"1015 Budapest, Hattyú utca 18.",S,R
50420805,MKKBHUHB,MBH Bank Nyrt.,"8060 Mór, Deák Ferenc utca 28.",S,R
50420812,MKKBHUHB,MBH Bank Nyrt.,"2060 Bicske, Csabdi út 4.",S,R
50420829,MKKBHUHB,MBH Bank Nyrt.,"2085 Pilisvörösvár, Fő út 69.",S,R
50420836,MKKBHUHB,MBH Bank Nyrt.,"2081 Piliscsaba, Bajcsy-Zsilinszky út 14.",S,R
50420843,MKKBHUHB,MBH Bank Nyrt.,"2085 Pilisvörösvár, Fő út 69.",S,R
50420850,MKKBHUHB,MBH Bank Nyrt.,"2084 Pilisszentiván, Szabadság utca 224/3 hrsz",S,R
50420867,MKKBHUHB,MBH Bank Nyrt.,"2013 Pomáz, Kossuth Lajos utca 5.",S,R
50420874,MKKBHUHB,MBH Bank Nyrt.,"2083 Solymár, Mátyás király utca 14.",S,R
50420881,MKKBHUHB,MBH Bank Nyrt.,"2011 Budakalász, Petőfi tér 11.",S,R
50420898,MKKBHUHB,MBH Bank Nyrt.,"2094 Nagykovácsi, Kossuth Lajos utca 67.",S,R
50420908,MKKBHUHB,MBH Bank Nyrt.,"2096 Üröm, Fő tér 1.",S,R
50420915,MKKBHUHB,MBH Bank Nyrt.,"2081 Piliscsaba, Bajcsy-Zsilinszky út 14.",S,R
50420922,MKKBHUHB,MBH Bank Nyrt.,"2013 Pomáz, Kossuth  Lajos utca 5.",S,R
50420939,MKKBHUHB,MBH Bank Nyrt.,"1033 Budapest, Flórián tér 4-5.",S,R
50420946,MKKBHUHB,MBH Győr ETO Park,"9021 Győr, Nagysándor József utca 31.",S,R
50420953,MKKBHUHB,MBH Bank Nyrt.,"2085 Pilisvörösvár, Fő út 69.",S,R
50420960,MKKBHUHB,MBH Bank Nyrt.,"2023 Dunabogdány, Hajó utca 3.",S,R
50420977,MKKBHUHB,MBH Bank Nyrt.,"2021 Tahitótfalu, Petőfi Sándor utca 27.",S,R
50420984,MKKBHUHB,MBH Bank Nyrt.,"2025 Visegrád, Rév utca 9.",S,R
50420991,MKKBHUHB,MBH Bank Nyrt.,"2021 Tahitótfalu, Petőfi  Sándor utca 27.",S,R
50421002,MKKBHUHB,MBH Bank Nyrt.,"2130 Göd, Pesti út 93.",S,R
50421019,MKKBHUHB,MBH Bank Nyrt.,"2000 Szentendre, Kossuth Lajos utca 22.",S,R
50421026,MKKBHUHB,MBH Bank Nyrt.,"2016 Leányfalu, Móricz Zsigmond út 128/A",S,R
50421033,MKKBHUHB,MBH Bank Nyrt.,"2021 Tahitótfalu, Petőfi  Sándor utca 27.",S,R
50421040,MKKBHUHB,MBH Bank Nyrt.,"2134 Sződ, Dózsa György út 102.",S,R
50421057,MKKBHUHB,MBH Bank Nyrt.,"2133 Sződliget, Dr. Kemény József utca 30.",S,R
50421064,MKKBHUHB,MBH Bank Nyrt.,"2028 Pilismarót, Köztársaság tér 17.",S,R
50421071,MKKBHUHB,MBH Bank Nyrt.,"2541 Lábatlan, Rákóczi Ferenc út 138-140.",S,R
50421088,MKKBHUHB,MBH Bank Nyrt.,"8291 Nagyvázsony, Kinizsi Pál utca 82.",S,R
50421095,MKKBHUHB,MBH Bank Nyrt.,"8291 Nagyvázsony, Kinizsi Pál utca 82.",S,R
50421105,MKKBHUHB,MBH Bank Nyrt.,"8258 Badacsonytomaj, Kert utca 12.",S,R
50421112,MKKBHUHB,MBH Bank Nyrt.,"8300 Tapolca, Fő tér 4.",S,R
50421129,MKKBHUHB,MBH Bank Nyrt.,"8200 Veszprém, Budapest út 16.",S,R
50421136,MKKBHUHB,MBH Bank Nyrt.,"8400 Ajka, Szabadság tér 11.",S,R
50421143,MKKBHUHB,MBH Bank Nyrt. - Etele Pláza,"1115 Budapest, Hadak útja 1.",S,R
50421150,MKKBHUHB,MBH Bank Nyrt. - Zenit Corso,"1147 Budapest, Csömöri út 13.",S,R
50421167,MKKBHUHB,MBH Bank Nyrt.,"8200 Veszprém, Cserhát lakótelep 7.",S,R
50421174,MKKBHUHB,MBH Bank Nyrt.,"1015 Budapest, Hattyú utca 18.",S,R
50421181,MKKBHUHB,MBH Bank Nyrt.,"1075 Budapest, Károly körút 7.",S,R
50421198,MKKBHUHB,MBH Bank Nyrt.,"8200 Veszprém, Budapest út 16.",S,R
50421208,MKKBHUHB,MBH Bank Nyrt.,"8501 Pápa, Zimmermann utca 1.",S,R
50421215,MKKBHUHB,MBH Bank Nyrt.,"8200 Veszprém, Cserhát lakótelep 7.",S,R
50421222,MKKBHUHB,MBH Bank Nyrt.,"8000 Székesfehérvár, Budai út 42.",S,R
50425013,MKKBHUHB,MBH 101 Ajka,"8400 Ajka, Szabadság tér 8.",S,R
50425020,MKKBHUHB,MBH 103 Baja,"6500 Baja, Tóth Kálmán tér 1.",S,R
50425037,MKKBHUHB,MBH 101 Balassagyarmat,"2660 Balassagyarmat, Rákóczi utca 14.",S,R
50425044,MKKBHUHB,MBH 101 Békéscsaba,"5600 Békéscsaba, Andrássy út 18.",S,R
50425051,MKKBHUHB,MBH 101 Berettyóújfalu,"4100 Berettyóújfalu, Dózsa György utca 24.",S,R
50425068,MKKBHUHB,MBH 101 Bicske,"2060 Bicske, Kossuth tér 7.",S,R
50425075,MKKBHUHB,MBH 103 Budaörs,"2040 Budaörs, Szabadság út 45.",S,R
50425082,MKKBHUHB,MBH 103 Árkád,"1148 Budapest, Örs Vezér tere 25.",S,R
50425099,MKKBHUHB,MBH 101 Bartók Béla út,"1114 Budapest, Bartók Béla út 41. Fszt.",S,R
50425109,MKKBHUHB,MBH 101 Békásmegyer,"1039 Budapest, Heltai Jenő tér 15.",S,R
50425116,MKKBHUHB,MBH 101 Belváros,"1065 Budapest, Bajcsy-Zsilinszky út 5.",S,R
50425123,MKKBHUHB,MBH 103 Boráros tér (Duna-ház),"1093 Budapest, Soroksári út 3/C",S,R
50425130,MKKBHUHB,MBH 101 Bosnyák,"1149 Budapest, Nagy Lajos Király útja 146.",S,R
50425147,MKKBHUHB,MBH 101 Budagyöngye,"1126 Budapest, Pázsit utca 2.",S,R
50425154,MKKBHUHB,MBH 101 Campona,"1222 Budapest, Nagytétényi út 37.-43.",S,R
50425161,MKKBHUHB,MBH 101 Csepel,"1211 Budapest, Kossuth Lajos utca 47-49",S,R
50425178,MKKBHUHB,MBH 103 Csepel Plaza,"1212 Budapest, Rákóczi Ferenc út 154-170.",S,R
50425185,MKKBHUHB,MBH 101 Délbuda,"1119 Budapest, Etele út 57.",S,R
50425192,MKKBHUHB,MBH 103 Duna Plaza,"1138 Budapest, Váci út 178-182.",S,R
50425202,MKKBHUHB,MBH 101 Emke,"1072 Budapest, Rákóczi út 42.",S,R
50425219,MKKBHUHB,MBH 101 Északpest,"1138 Budapest, Váci utca 193.",S,R
50425226,MKKBHUHB,MBH 103 Eurocenter,"1032 Budapest, Bécsi út 154.",S,R
50425233,MKKBHUHB,MBH 103 Fehérvári út,"1119 Budapest, Fehérvári út 95.",S,R
50425240,MKKBHUHB,MBH 101 Fogarasi út,"1148 Budapest, Fogarasi út 13.",S,R
50425257,MKKBHUHB,MBH 101 Gazdagrét,"1118 Budapest, Rétköz utca 7.",S,R
50425264,MKKBHUHB,MBH 101 Kispest,"1191 Budapest, Fő utca 7.",S,R
50425271,MKKBHUHB,MBH 101 Kőbánya,"1102 Budapest, Kőrösi Csoma sétány 4.",S,R
50425288,MKKBHUHB,MBH 101 Lipótváros,"1055 Budapest, Kossuth tér 10.",S,R
50425295,MKKBHUHB,MBH 103 Mammut,"1015 Budapest, Széna tér 4.",S,R
50425305,MKKBHUHB,MBH 103 MOM Park,"1123 Budapest, Alkotás út 53.",S,R
50425312,MKKBHUHB,MBH 101 Nyírpalota út,"1156 Budapest, Nyírpalota utca 2.",S,R
50425329,MKKBHUHB,MBH 103 Nyugati tér,"1132 Budapest, Nyugati tér 5.",S,R
50425336,MKKBHUHB,MBH 101 Óbuda,"1023 Budapest, Lajos utca 30.",S,R
50425343,MKKBHUHB,MBH 101 Pesterzsébet,"1203 Budapest, Török Flóris utca 70.",S,R
50425350,MKKBHUHB,MBH 101 Pestszentimre,"1188 Budapest, Dózsa György utca 2.",S,R
50425367,MKKBHUHB,MBH 101 Pestszentlőrinc,"1184 Budapest, Üllői út 396.",S,R
50425374,MKKBHUHB,MBH 101 Rákoskeresztúr,"1173 Budapest, Pesti út 159-163.",S,R
50425381,MKKBHUHB,MBH 101 Rákosszentmihály,"1161 Budapest, Rákosi út 128.",S,R
50425398,MKKBHUHB,MBH 103 Székház,"1132 Budapest, Váci utca 38.",S,R
50425408,MKKBHUHB,MBH 103 Szent István tér,"1051 Budapest, Hercegprímás utca 10.",S,R
50425415,MKKBHUHB,MBH 103 Thököly út,"1046 Budapest, Thököly út 100/a",S,R
50425422,MKKBHUHB,MBH 101 Újpest,"1042 Budapest, Árpád út 57-59. fsz. 1.",S,R
50425439,MKKBHUHB,MBH 101 Váci Greens,"1044 Budapest, Váci út 117-119. A épület",S,R
50425446,MKKBHUHB,MBH 101 Cegléd,"2738 Cegléd, Rákóczi utca 2.",S,R
50425453,MKKBHUHB,MBH 101 Dabas,"2370 Dabas, Falu Tamás utca 4.",S,R
50425460,MKKBHUHB,MBH 101 Debrecen,"4024 Debrecen, Vár utca 6/a",S,R
50425477,MKKBHUHB,MBH 101 Dombóvár,"7200 Dombóvár, Huyadi János tér 20/b fsz. 1.",S,R
50425484,MKKBHUHB,MBH 103 Dunakeszi,"2120 Dunakeszi, Fő út 16-18",S,R
50425491,MKKBHUHB,MBH 101 Dunaújváros,"2400 Dunaújváros, Dózsa György út 4/b",S,R
50425501,MKKBHUHB,MBH 101 Eger,"3300 Eger, Almagyar utca 5.",S,R
50425518,MKKBHUHB,MBH 101 Esztergom,"2500 Esztergom, Kossuth Lajos utca 14.-18. fsz. 4.",S,R
50425525,MKKBHUHB,MBH 101 Balatonboglár,"8630 Balatonboglár, Sétáló utca 3.",S,R
50425532,MKKBHUHB,MBH 101 Gödöllő,"2100 Gödöllő, Kossuth út 13.",S,R
50425549,MKKBHUHB,MBH 101 Gyöngyös,"3035 Gyöngyös, Fő tér 19.",S,R
50425556,MKKBHUHB,MBH 101 Győr,"9021 Győr, Bajcsy-Zsilinszky utca 36.",S,R
50425563,MKKBHUHB,MBH 103 Győr - Árkád,"9027 Győr, Budai út 1.",S,R
50425570,MKKBHUHB,MBH 101 Hajdúböszörmény,"4074 Hajdúböszörmény, Szent István tér 2.",S,R
50425587,MKKBHUHB,MBH 101 Hatvan,"3000 Hatvan, Kossuth tér 23.",S,R
50425594,MKKBHUHB,MBH 103 Hódmezővásárhely,"6800 Hódmezővásárhely, Kossuth tér 2.",S,R
50425604,MKKBHUHB,MBH 101 Hódmezővásárhely,"6800 Hódmezővásárhely, Dr. Rabcsák Aút 4. fsz. 2.",S,R
50425611,MKKBHUHB,MBH 101 Jászberény,"5100 Jászberény, Lehel vezér tér 32.-33.",S,R
50425628,MKKBHUHB,MBH 101 Kalocsa,"6300 Kalocsa, István király utca 57.",S,R
50425635,MKKBHUHB,MBH 101 Kaposvár,"7400 Kaposvár, Fő utca 3.",S,R
50425642,MKKBHUHB,MBH 101 Karcag,"5300 Karcag, Horváth utca 5. fsz. 1.",S,R
50425659,MKKBHUHB,MBH 101 Kazincbarcika,"3700 Kazincbarcika, Egressy Béni utca 26.",S,R
50425666,MKKBHUHB,MBH 103 Kecskemét,"6000 Kecskemét, Katona József tér 1.",S,R
50425673,MKKBHUHB,MBH 101 Kecskemét,"6000 Kecskemét, Nagykőrösi utca 2.",S,R
50425680,MKKBHUHB,MBH 101 Keszthely,"8360 Keszthely, Kossuth Lajos utca 103.",S,R
50425697,MKKBHUHB,MBH 101 Kiskőrös,"6200 Kiskőrös, Petőfi tér 18.",S,R
50425707,MKKBHUHB,MBH 101 Kiskunhalas,"6400 Kiskunhalas, Kossuth utca 10.",S,R
50425714,MKKBHUHB,MBH 103 Kisvárda,"4600 Kisvárda, Szt. László utca 51.",S,R
50425721,MKKBHUHB,MBH 101 Kisvárda,"4600 Kisvárda, Szt. László utca 14.",S,R
50425738,MKKBHUHB,MBH 101 Komárom,"2900 Komárom, Igmándi út 17.",S,R
50425745,MKKBHUHB,MBH 101 Mezőkövesd,"3400 Mezőkövesd, Mátyás király út 79.",S,R
50425752,MKKBHUHB,MBH 101 Miskolc,"3530 Miskolc, Széchenyi utca 46.",S,R
50425769,MKKBHUHB,MBH 101 Mohács,"7700 Mohács, Szabadság utca 38.",S,R
50425776,MKKBHUHB,MBH 101 Monor,"2200 Monor, Kossuth utca 73.",S,R
50425783,MKKBHUHB,MBH 103 Mosonmagyaróvár,"9200 Mosonmagyaróvár, Magyar utca 26.-28.",S,R
50425790,MKKBHUHB,MBH 101 Mosonmagyaróvár,"9200 Mosonmagyaróvár, Fő utca 22.",S,R
50425800,MKKBHUHB,MBH 101 Nagykanizsa,"8800 Nagykanizsa, Erzsébet tér 19.",S,R
50425817,MKKBHUHB,MBH 101 Nagykáta,"2760 Nagykáta, Szabadság tér 12.",S,R
50425824,MKKBHUHB,MBH 103 Nyíregyháza,"4246 Nyíregyháza, Szarvas utca 11.",S,R
50425831,MKKBHUHB,MBH 101 Orosháza,"5900 Orosháza, Könd utca 38.",S,R
50425848,MKKBHUHB,MBH 101 Ózd,"3600 Ózd, Gyújtó tér 1.",S,R
50425855,MKKBHUHB,MBH 103 Paks,"7030 Paks, Dózsa György út 75.",S,R
50425862,MKKBHUHB,MBH 101 Paks,"7030 Paks, Dózsa György út 45.",S,R
50425879,MKKBHUHB,MBH 101 Pápa,"8500 Pápa, Szent László utca 1.",S,R
50425886,MKKBHUHB,MBH 101 Pécs,"7621 Pécs, Rákóczi út 60.",S,R
50425893,MKKBHUHB,MBH 101 Ráckeve,"2300 Ráckeve, Kossuth utca 47.",S,R
50425903,MKKBHUHB,MBH 101 Szigetszentmiklós,"2310 Szigetszentmiklós, Losonczi utca 1.",S,R
50425910,MKKBHUHB,MBH 103 Salgótarján,"3100 Salgótarján, Fő tér 6.",S,R
50425927,MKKBHUHB,MBH 101 Salgótarján,"3100 Salgótarján, Losonczi utca 2.",S,R
50425934,MKKBHUHB,MBH 103 Siófok,"8600 Siófok, Sió utca 2.",S,R
50425941,MKKBHUHB,MBH 103 Sopron,"9400 Sopron, Várkerület 16.",S,R
50425958,MKKBHUHB,MBH 103 Szeged,"6720 Szeged, Kölcsey utca 8.",S,R
50425965,MKKBHUHB,MBH 103 Szekszárd,"7100 Szekszárd, Garay tér 8.",S,R
50425972,MKKBHUHB,MBH 101 Szentendre,"2000 Szentendre, Dunakorzó 18.",S,R
50425989,MKKBHUHB,MBH 101 Szolnok,"5000 Szolnok, Hősök tere 1.",S,R
50425996,MKKBHUHB,MBH 103 Szombathely,"9700 Szombathely, Szent Márton utca 4.",S,R
50426007,MKKBHUHB,MBH 103 Tatabánya,"2800 Tatabánya, Fő tér 6.",S,R
50426014,MKKBHUHB,MBH 101 Tatabánya,"2800 Tatabánya, Szent Borbála tér 6.",S,R
50426021,MKKBHUHB,MBH 101 Tiszaújváros,"3580 Tiszaújváros, Kazinczy utca 11.",S,R
50426038,MKKBHUHB,MBH 101 Vác,"2600 Vác, Köztársaság utca 10.",S,R
50426045,MKKBHUHB,MBH 103 Veszprém,"8200 Veszprém, Óváros tér 3.",S,R
50426052,MKKBHUHB,MBH 101 Veszprém,"8200 Veszprém, Mindszenty József utca 7.",S,R
50426069,MKKBHUHB,MBH 101 Zalaegerszeg,"8900 Zalaegerszeg, Kossuth utca 2.",S,R
50426076,MKKBHUHB,MBH 101 Érd,"2030 Érd, Budai út 11.",S,R
50426083,MKKBHUHB,MBH 103 Székesfehérvár,"8000 Székesfehérvár, Budai út 36.",S,R
50426090,MKKBHUHB,MBH 101 Székesfehérvár,"8000 Székesfehérvár, Bástya utca 10.",S,R
50426100,MKKBHUHB,MBH 103 ex KÉP-Centrum,"1134 Budapest, Dévai utca 23.",S,R
50426117,MKKBHUHB,MBH Bank Nyrt.,"8900 Zalaegerszeg, Kossuth utca 22.",S,R
50426124,MKKBHUHB,MBH Bank Nyrt.,"5600 Békéscsaba, Szabadság tér 2.",S,R
50426131,MKKBHUHB,MBH Bank Nyrt.,"2040 Budaörs, Szabadság út 91/2.",S,R
50426148,MKKBHUHB,MBH Bank Nyrt.,"4024 Debrecen, Vár utca 6/C",S,R
50426155,MKKBHUHB,MBH Bank Nyrt.,"2400 Dunaújváros, Vasmű utca 4/b",S,R
50426162,MKKBHUHB,MBH Bank Nyrt.,"3300 Eger, Érsek utca 6.",S,R
50426179,MKKBHUHB,MBH Bank Nyrt.,"7400 Kaposvár, Széchenyi tér 7.",S,R
50426186,MKKBHUHB,MBH Bank Nyrt.,"3525 Miskolc, Szentpáli utca 2-6.",S,R
50426193,MKKBHUHB,MBH Bank Nyrt.,"8800 Nagykanizsa, Erzsébet tér 8.",S,R
50426203,MKKBHUHB,MBH Bank Nyrt.,"4400 Nyíregyháza, Kossuth tér 1.",S,R
50426210,MKKBHUHB,MBH Bank Nyrt.,"7622 Pécs, Bajcsy-Zsilinszky utca 11.",S,R
50426227,MKKBHUHB,MBH Bank Nyrt.,"7100 Szekszárd, Arany János utca 23-25.",S,R
50426234,MKKBHUHB,MBH Bank Nyrt.,"5000 Szolnok, Baross utca 10-12.",S,R
50430017,MKKBHUHB,MBH Bank Nyrt.,"9151 Abda, Bécsi utca 67/a.",S,R
50430031,MKKBHUHB,MBH Bank Nyrt.,"9155 Lébény, Fő út 85.",S,R
50430055,MKKBHUHB,MBH Bank Nyrt.,"9082 Nyúl, Kossuth Lajos utca 52.",S,R
50430079,MKKBHUHB,MBH Bank Nyrt.,"9023 Győr, Lehel utca 27.",S,R
50430086,MKKBHUHB,MBH Bank Nyrt.,"9023 Győr, Lehel utca 27.",S,R
50430093,MKKBHUHB,MBH Bank Nyrt.,"9143 Enese, Soproni út 13.",S,R
50430103,MKKBHUHB,MBH Győr ETO Park,"9021 Győr, Nagysándor József utca 31.",S,R
50430110,MKKBHUHB,MBH Bank Nyrt.,"2870 Kisbér, Kossuth  Lajos utca 14.",S,R
50430127,MKKBHUHB,MBH Bank Nyrt.,"2870 Kisbér, Kossuth Lajos utca 14.",S,R
50430134,MKKBHUHB,MBH Bank Nyrt.,"1054 Budapest, Báthory utca 1",S,R
50430141,MKKBHUHB,MBH Bank Nyrt.,"2943 Bábolna, Béke utca 1.",S,R
50430158,MKKBHUHB,MBH Bank Nyrt.,"2900 Komárom, Igmándi út 45.",S,R
50430165,MKKBHUHB,MBH Bank Nyrt.,"2942 Nagyigmánd, Kossuth Lajos utca 2.",S,R
50430172,MKKBHUHB,MBH Bank Nyrt.,"2840 Oroszlány, Rákóczi  Ferenc utca 7/a.",S,R
50430189,MKKBHUHB,MBH Bank Nyrt.,"2941 Ács, Fő utca 9/1",S,R
50430196,MKKBHUHB,MBH Bank Nyrt.,"2900 Komárom, Igmándi út 45.",S,R
50430206,MKKBHUHB,MBH Bank Nyrt.,"2890 Tata, Ady  Endre út 17.",S,R
50430213,MKKBHUHB,MBH Bank Nyrt.,"9071 Gönyű, Bajcsy-Zsilinszky utca 23.",S,R
50430220,MKKBHUHB,MBH Bank Nyrt.,"2800 Tatabánya, Fő tér 20/a.",S,R
50430237,MKKBHUHB,MBH Győr ETO Park,"9021 Győr, Nagysándor József utca 31.",S,R
50430244,MKKBHUHB,MBH Bank Nyrt.,"2890 Tata, Ady  Endre út 17.",S,R
50430251,MKKBHUHB,MBH Bank Nyrt.,"2541 Lábatlan, Rákóczi Ferenc út 138-140.",S,R
50430268,MKKBHUHB,MBH Bank Nyrt.,"2831 Tarján, Rákóczi Ferenc út 8.",S,R
50430275,MKKBHUHB,MBH Bank Nyrt.,"9177 Ásványráró, Győri út 47.",S,R
50430282,MKKBHUHB,MBH Bank Nyrt.,"9174 Dunaszeg, Országút utca 6/B",S,R
50430299,MKKBHUHB,MBH Bank Nyrt.,"9023 Győr, Lehel utca 27.",S,R
50430309,MKKBHUHB,MBH Bank Nyrt.,"2851 Környe, Alkotmány utca 14.",S,R
50430316,MKKBHUHB,MBH Bank Nyrt.,"2837 Vértesszőlős, Valusek Dezső utca 53.",S,R
50430323,MKKBHUHB,MBH Bank Nyrt.,"2800 Tatabánya, Fő tér 20/a.",S,R
50430330,MKKBHUHB,MBH Bank Nyrt.,"2855 Bokod, Fő utca 50/A",S,R
50430347,MKKBHUHB,MBH Bank Nyrt.,"2840 Oroszlány, Rákóczi Ferenc út 7/A",S,R
50430354,MKKBHUHB,MBH Bank Nyrt.,"1155 Budapest, Kolozsvár utca 2/B",S,R
50430505,MKKBHUHB,MBH Bank Nyrt.,"1117 Budapest, Magyar  Tudósok körútja 9.G.épület",S,R
50430543,MKKBHUHB,MBH Bank Nyrt,"2510 Dorog, Bécsi út 33.",S,R
50431001,MKKBHUHB,MBH Bank Nyrt.,"7900 Szigetvár, József Attila utca 19.",S,R
50431018,MKKBHUHB,MBH Bank Nyrt.,"7900 Szigetvár, József  Attila utca 19.",S,R
50431025,MKKBHUHB,MBH Bank Nyrt.,"7900 Szigetvár, József Attila utca 19.",S,R
50431032,MKKBHUHB,MBH Bank Nyrt.,"7900 Szigetvár, József  Attila utca 19.",S,R
50431049,MKKBHUHB,MBH Bank Nyrt.,"7900 Szigetvár, József  Attila utca 19.",S,R
50431056,MKKBHUHB,MBH Bank Nyrt.,"7900 Szigetvár, József Attila utca 19.",S,R
50431063,MKKBHUHB,MBH Bank Nyrt.,"7900 Szigetvár, József Attila utca 19.",S,R
50431070,MKKBHUHB,MBH Bank Nyrt.,"7900 Szigetvár, József Attila utca 19.",S,R
50431087,MKKBHUHB,MBH Bank Nyrt.,"7900 Szigetvár, József  Attila utca 19.",S,R
50431094,MKKBHUHB,MBH Bank Nyrt.,"7633 Pécs, Páfrány utca 2/A",S,R
50431104,MKKBHUHB,MBH Bank Nyrt.,"7622 Pécs, Bajcsy-Zsilinszky utca 7.",S,R
50431111,MKKBHUHB,MBH Bank Nyrt.,"6000 Kecskemét, Dobó körút 15.",S,R
50431128,MKKBHUHB,MBH Bank Nyrt.,"7900 Szigetvár, József Attila utca 19.",S,R
50431135,MKKBHUHB,MBH Bank Nyrt.,"7300 Komló, Városház tér 5.",S,R
50431142,MKKBHUHB,MBH Bank Nyrt.,"7100 Szekszárd, Széchenyi utca 62.",S,R
50431159,MKKBHUHB,MBH Bank Nyrt.,"7622 Pécs, Bajcsy-Zsilinszky utca 7.",S,R
50431166,MKKBHUHB,MBH Bank Nyrt.,"7815 Harkány, Kossuth Lajos utca 16.",S,R
50431173,MKKBHUHB,MBH Bank Nyrt.,"7761 Kozármisleny, Orgona utca 2.",S,R
50431180,MKKBHUHB,MBH Bank Nyrt.,"7633 Pécs, Páfrány utca 2/A",S,R
50431197,MKKBHUHB,MBH Bank Nyrt.,"7900 Szigetvár, József Attila utca 19.",S,R
50431207,MKKBHUHB,MBH Bank Nyrt.,"8623 Balatonföldvár, Balatonszentgyörgyi út 1.",S,R
50431214,MKKBHUHB,MBH Bank Nyrt.,"8600 Siófok, Széchenyi utca 6/B",S,R
50431221,MKKBHUHB,MBH Bank Nyrt.,"8654 Ságvár, Petőfi Sándor utca 18/A",S,R
50431238,MKKBHUHB,MBH Bank Nyrt.,"8654 Ságvár, Petőfi Sándor utca 18/A",S,R
50431245,MKKBHUHB,MBH Bank Nyrt.,"7400 Kaposvár, Áchim András utca 4.",S,R
50431252,MKKBHUHB,MBH Bank Nyrt.,"8660 Tab, Kossuth Lajos utca 84/b.",S,R
50431269,MKKBHUHB,MBH Bank Nyrt.,"8600 Siófok, Széchenyi utca 6/B",S,R
50431276,MKKBHUHB,MBH Bank Nyrt.,"8660 Tab, Kossuth Lajos utca 84/B.",S,R
50431283,MKKBHUHB,MBH Bank Nyrt.,"8600 Siófok, Széchenyi utca 6/B",S,R
50431290,MKKBHUHB,MBH Bank Nyrt.,"8623 Balatonföldvár, Balatonszentgyörgyi út 1.",S,R
50431300,MKKBHUHB,MBH Bank Nyrt.,"7100 Szekszárd, Széchenyi utca 62.",S,R
50431317,MKKBHUHB,MBH Bank Nyrt.,"7570 Barcs, Bajcsy-Zsilinszky utca 83.",S,R
50431324,MKKBHUHB,MBH Bank Nyrt.,"7720 Pécsvárad, Kossuth  Lajos utca 30.",S,R
50431331,MKKBHUHB,MBH Bank Nyrt.,"7694 Hosszúhetény, Fő utca 176.",S,R
50431348,MKKBHUHB,MBH Bank Nyrt.,"7622 Pécs, Bajcsy-Zsilinszky utca 7.",S,R
50431355,MKKBHUHB,MBH Bank Nyrt.,"7720 Pécsvárad, Kossuth Lajos utca 30.",S,R
50431362,MKKBHUHB,MBH Bank Nyrt.,"7700 Mohács, Dózsa György utca 31.",S,R
50431379,MKKBHUHB,MBH Bank Nyrt.,"7720 Pécsvárad, Kossuth Lajos utca 30.",S,R
50431386,MKKBHUHB,MBH Bank Nyrt.,"7761 Kozármisleny, Orgona utca 2.",S,R
50431393,MKKBHUHB,MBH Bank Nyrt.,"7622 Pécs, Bajcsy-Zsilinszky utca 7.",S,R
50431403,MKKBHUHB,MBH Bank Nyrt.,"7695 Mecseknádasd, Rákóczi Ferenc utca 40.",S,R
50431410,MKKBHUHB,MBH Bank Nyrt.,"7622 Pécs, Bajcsy-Zsilinszky utca 7.",S,R
50431427,MKKBHUHB,MBH Bank Nyrt.,"7622 Pécs, Bajcsy-Zsilinszky utca 7.",S,R
50431434,MKKBHUHB,MBH Bank Nyrt.,"7150 Bonyhád, Szabadság tér 9.",S,R
50431441,MKKBHUHB,MBH Bank Nyrt.,"7720 Pécsvárad, Kossuth Lajos utca 30.",S,R
50431458,MKKBHUHB,MBH Bank Nyrt.,"7030 Paks, Táncsics  Mihály utca 4.",S,R
50431465,MKKBHUHB,MBH Bank Nyrt.,"7100 Szekszárd, Széchenyi utca 62.",S,R
50431472,MKKBHUHB,MBH Bank Nyrt.,"8900 Zalaegerszeg, Eötvös  József utca 1-3.",S,R
50431489,MKKBHUHB,MBH Bank Nyrt.,"7400 Kaposvár, Áchim András utca 4.",S,R
50431496,MKKBHUHB,MBH Bank Nyrt.,"7622 Pécs, Bajcsy-Zsilinszky utca 7.",S,R
50431506,MKKBHUHB,MBH Bank Nyrt.,"8800 Nagykanizsa, Erzsébet tér 1.",S,R
50431513,MKKBHUHB,MBH Bank Nyrt.,"8840 Csurgó, Csokonai utca 14.",S,R
50431520,MKKBHUHB,MBH Bank Nyrt.,"7940 Szentlőrinc, Munkácsy Mihály utca 19.",S,R
50431537,MKKBHUHB,MBH Bank Nyrt.,"7633 Pécs, Páfrány utca 2/A",S,R
50431544,MKKBHUHB,MBH Bank Nyrt.,"7940 Szentlőrinc, Munkácsy Mihály utca 19.",S,R
50431551,MKKBHUHB,MBH Bank Nyrt.,"7940 Szentlőrinc, Munkácsy Mihály utca 19.",S,R
50431568,MKKBHUHB,MBH Bank Nyrt.,"7622 Pécs, Bajcsy-Zsilinszky utca 7.",S,R
50431575,MKKBHUHB,MBH Bank Nyrt.,"7633 Pécs, Páfrány utca 2/A",S,R
50431582,MKKBHUHB,MBH Bank Nyrt.,"7622 Pécs, Bajcsy-Zsilinszky utca 7.",S,R
50431599,MKKBHUHB,MBH Bank Nyrt.,"8900 Zalaegerszeg, Eötvös József utca 1-3.",S,R
50431609,MKKBHUHB,MBH Bank Nyrt.,"8600 Siófok, Széchenyi utca 6/B",S,R
50431616,MKKBHUHB,MBH Bank Nyrt.,"7633 Pécs, Páfrány utca 2/A",S,R
50431623,MKKBHUHB,MBH Bank Nyrt.,"7960 Sellye, Mátyás király utca 73.",S,R
50431630,MKKBHUHB,MBH Bank Nyrt.,"7838 Vajszló, Kodolányi tér 2.",S,R
50431647,MKKBHUHB,MBH Bank Nyrt.,"7960 Sellye, Mátyás király utca 73.",S,R
50431654,MKKBHUHB,MBH Bank Nyrt.,"7622 Pécs, Bajcsy-Zsilinszky utca 7.",S,R
50431661,MKKBHUHB,MBH Bank Nyrt.,"7622 Pécs, Bajcsy-Zsilinszky utca 7.",S,R
50431678,MKKBHUHB,MBH Bank Nyrt.,"7622 Pécs, Bajcsy-Zsilinszky utca 7.",S,R
50431685,MKKBHUHB,MBH Bank Nyrt.,"7900 Szigetvár, József Attila utca 19.",S,R
50431692,MKKBHUHB,MBH Bank Nyrt.,"8623 Balatonföldvár, Balatonszentgyörgyi út 1.",S,R
50431702,MKKBHUHB,MBH Bank Nyrt.,"7633 Pécs, Páfrány utca 2/A",S,R
50431719,MKKBHUHB,MBH Bank Nyrt.,"7100 Szekszárd, Széchenyi utca 62.",S,R
50431726,MKKBHUHB,MBH Bank Nyrt.,"8900 Zalaegerszeg, Eötvös József utca 1-3.",S,R
50431733,MKKBHUHB,MBH Bank Nyrt.,"1117 Budapest, Magyar Tudósok körútja 9.G.épület",S,R
50431740,MKKBHUHB,MBH Bank Nyrt.,"1117 Budapest, Magyar Tudósok körútja 9.G.épület",S,R
50431757,MKKBHUHB,MBH Bank Nyrt.,"1117 Budapest, Magyar Tudósok körútja 9.G.épület",S,R
50432002,MKKBHUHB,MBH Bank Nyrt.,"5920 Csorvás, Rákóczi utca 1.",S,R
50432019,MKKBHUHB,MBH Bank Nyrt.,"5675 Telekgerendás, Ady utca 18/1.",S,R
50432026,MKKBHUHB,MBH Bank Nyrt.,"5900 Orosháza, Thököly utca 15.",S,R
50432033,MKKBHUHB,MBH Bank Nyrt.,"5931 Nagyszénás, Hősök útja 2.",S,R
50432040,MKKBHUHB,MBH Bank Nyrt.,"5920 Csorvás, Rákóczi utca 1.",S,R
50432057,MKKBHUHB,MBH Bank Nyrt.,"5932 Gádoros, Nagy utca 63.",S,R
50432064,MKKBHUHB,MBH Bank Nyrt.,"5940 Tótkomlós, Kossuth Lajos utca 1.",S,R
50432071,MKKBHUHB,MBH Bank Nyrt.,"5800 Mezőkovácsháza, Árpád utca 188-192.",S,R
50432088,MKKBHUHB,MBH Bank Nyrt.,"5900 Orosháza, Thököly utca 15.",S,R
50432095,MKKBHUHB,MBH Bank Nyrt.,"5600 Békéscsaba, Andrássy út 29-33.",S,R
50432105,MKKBHUHB,MBH Bank Nyrt.,"5600 Békéscsaba, Andrássy út 29-33.",S,R
50432112,MKKBHUHB,MBH Bank Nyrt.,"5946 Békéssámson, Szabadság utca 66.",S,R
50432129,MKKBHUHB,MBH Bank Nyrt.,"5502 Gyomaendrőd, Blaha  Lujza utca 5.",S,R
50432136,MKKBHUHB,MBH Bank Nyrt.,"5553 Kondoros, Csabai utca 14.",S,R
50432143,MKKBHUHB,MBH Bank Nyrt.,"5650 Mezőberény, Békési út 6.",S,R
50432150,MKKBHUHB,MBH Bank Nyrt.,"5650 Mezőberény, Békési út 6.",S,R
50432167,MKKBHUHB,MBH Bank Nyrt.,"5650 Mezőberény, Békési út 6.",S,R
50432174,MKKBHUHB,MBH Bank Nyrt.,"5630 Békés, Szarvasi utca 1.",S,R
50432181,MKKBHUHB,MBH Bank Nyrt.,"5630 Békés, Szarvasi utca 1.",S,R
50432198,MKKBHUHB,MBH Bank Nyrt.,"5630 Békés, Szarvasi utca 1.",S,R
50432208,MKKBHUHB,MBH Bank Nyrt.,"5600 Békéscsaba, Mednyánszky utca 8.",S,R
50432215,MKKBHUHB,MBH Bank Nyrt.,"5500 Gyomaendrőd, Kossuth Lajos utca 20.",S,R
50432222,MKKBHUHB,MBH Bank Nyrt.,"5553 Kondoros, Csabai utca 14.",S,R
50432239,MKKBHUHB,MBH Bank Nyrt.,"5630 Békés, Szarvasi utca 1.",S,R
50432246,MKKBHUHB,MBH Bank Nyrt.,"5600 Békéscsaba, Andrássy út 29-33.",S,R
50432253,MKKBHUHB,MBH Bank Nyrt.,"5600 Békéscsaba, Andrássy út 29-33.",S,R
50432260,MKKBHUHB,MBH Bank Nyrt.,"5600 Békéscsaba, Andrássy út 29-33.",S,R
50432277,MKKBHUHB,MBH Bank Nyrt.,"5553 Kondoros, Csabai utca 14.",S,R
50432284,MKKBHUHB,MBH Bank Nyrt.,"5520 Szeghalom, Tildy Zoltán utca 20-24.",S,R
50432291,MKKBHUHB,MBH Bank Nyrt.,"5720 Sarkad, Kossuth utca 14-16.",S,R
50432301,MKKBHUHB,MBH Bank Nyrt.,"5510 Dévaványa, Árpád utca 10.",S,R
50432318,MKKBHUHB,MBH Bank Nyrt.,"5510 Dévaványa, Árpád utca 10.",S,R
50432325,MKKBHUHB,MBH Bank Nyrt.,"5525 Füzesgyarmat, Mátyás utca 2.",S,R
50432332,MKKBHUHB,MBH Bank Nyrt.,"5516 Körösladány, Petőfi tér 1.",S,R
50432349,MKKBHUHB,MBH Bank Nyrt.,"5530 Vésztő, Kossuth Lajos utca 53.",S,R
50432356,MKKBHUHB,MBH Bank Nyrt.,"5530 Vésztő, Kossuth Lajos utca 53.",S,R
50432363,MKKBHUHB,MBH Bank Nyrt.,"5537 Zsadány, Béke utca 92.",S,R
50432370,MKKBHUHB,MBH Bank Nyrt.,"5300 Karcag, Kálvin utca 1-2.",S,R
50432387,MKKBHUHB,MBH Bank Nyrt.,"5700 Gyula, Városház utca 23.",S,R
50432394,MKKBHUHB,MBH Bank Nyrt.,"5742 Elek, Lőkösházi út 5.",S,R
50432404,MKKBHUHB,MBH Bank Nyrt.,"5624 Doboz, Hunyadi utca 1/1.",S,R
50432411,MKKBHUHB,MBH Bank Nyrt.,"5661 Újkígyós, Gyulai utca 25.",S,R
50432428,MKKBHUHB,MBH Bank Nyrt.,"5720 Sarkad, Kossuth utca 14-16.",S,R
50432435,MKKBHUHB,MBH Bank Nyrt.,"5537 Zsadány, Béke utca 92.",S,R
50432442,MKKBHUHB,MBH Bank Nyrt.,"5720 Sarkad, Kossuth utca 14-16.",S,R
50432459,MKKBHUHB,MBH Bank Nyrt.,"5742 Elek, Lőkösházi út 5.",S,R
50432466,MKKBHUHB,MBH Bank Nyrt.,"5700 Gyula, Városház utca 23.",S,R
50432473,MKKBHUHB,MBH Bank Nyrt.,"5744 Kevermes, Templom utca 2/A",S,R
50432480,MKKBHUHB,MBH Bank Nyrt.,"5744 Kevermes, Templom utca 2/A",S,R
50432497,MKKBHUHB,MBH Bank Nyrt.,"5800 Mezőkovácsháza, Árpád utca 188-192.",S,R
50432507,MKKBHUHB,MBH Bank Nyrt.,"5830 Battonya, Petőfi tér 4.",S,R
50432514,MKKBHUHB,MBH Bank Nyrt.,"5744 Kevermes, Templom utca 2/A",S,R
50432521,MKKBHUHB,MBH Bank Nyrt.,"5744 Kevermes, Templom utca 2/A",S,R
50432538,MKKBHUHB,MBH Bank Nyrt.,"5800 Mezőkovácsháza, Árpád utca 188-192.",S,R
50432545,MKKBHUHB,MBH Bank Nyrt.,"5830 Battonya, Petőfi tér 4.",S,R
50432552,MKKBHUHB,MBH Bank Nyrt.,"5800 Mezőkovácsháza, Árpád utca 188-192.",S,R
50432569,MKKBHUHB,MBH Bank Nyrt.,"5800 Mezőkovácsháza, Árpád utca 188-192.",S,R
50432576,MKKBHUHB,MBH Bank Nyrt.,"5800 Mezőkovácsháza, Árpád utca 188-192.",S,R
50432583,MKKBHUHB,MBH Bank Nyrt.,"5800 Mezőkovácsháza, Árpád utca 188-192.",S,R
50432590,MKKBHUHB,MBH Bank Nyrt.,"5800 Mezőkovácsháza, Árpád utca 188-192.",S,R
50432600,MKKBHUHB,MBH Bank Nyrt.,"5540 Szarvas, Szabadság út 30.",S,R
50432617,MKKBHUHB,MBH Bank Nyrt.,"5540 Szarvas, Szabadság út 30.",S,R
50432624,MKKBHUHB,MBH Bank Nyrt.,"5540 Szarvas, Szabadság út 30.",S,R
50432631,MKKBHUHB,MBH Bank Nyrt.,"5540 Szarvas, Szabadság út 30.",S,R
50432648,MKKBHUHB,MBH Bank Nyrt.,"5540 Szarvas, Szabadság út 30.",S,R
50432655,MKKBHUHB,MBH Bank Nyrt.,"5540 Szarvas, Szabadság út 30.",S,R
50432662,MKKBHUHB,MBH Bank Nyrt.,"5310 Kisújszállás, Szabadság utca 8.",S,R
50432679,MKKBHUHB,MBH Bank Nyrt.,"5502 Gyomaendrőd, Blaha  Lujza utca 5.",S,R
50432686,MKKBHUHB,MBH Bank Nyrt.,"1117 Budapest, Magyar Tudósok körútja 9.G.épület",S,R
50432693,MKKBHUHB,MBH Bank Nyrt.,"5600 Békéscsaba, Mednyánszky utca 8.",S,R
50432703,MKKBHUHB,MBH Bank Nyrt.,"5600 Békéscsaba, Mednyánszky utca 8.",S,R
50432710,MKKBHUHB,MBH Bank Nyrt.,"5700 Gyula, Városház utca 23.",S,R
50432727,MKKBHUHB,MBH Bank Nyrt.,"1117 Budapest, Magyar Tudósok körútja 9.G.épület",S,R
50432734,MKKBHUHB,MBH Bank Nyrt.,"5502 Gyomaendrőd, Blaha  Lujza utca 5.",S,R
50432741,MKKBHUHB,MBH Bank Nyrt.,"1117 Budapest, Magyar Tudósok körútja 9.G.épület",S,R
50432758,MKKBHUHB,MBH Bank Nyrt.,"1117 Budapest, Magyar Tudósok körútja 9.G.épület",S,R
50432765,MKKBHUHB,MBH Bank Nyrt.,"1117 Budapest, Magyar Tudósok körútja 9.G.épület",S,R
50432772,MKKBHUHB,MBH Bank Nyrt.,"1117 Budapest, Magyar Tudósok körútja 9.G.épület",S,R
50432789,MKKBHUHB,MBH Bank Nyrt.,"1117 Budapest, Magyar Tudósok körútja 9.G.épület",S,R
50433003,MKKBHUHB,MBH Bank Nyrt.,"9100 Tét, Fő utca 86.",S,R
50433010,MKKBHUHB,MBH Bank Nyrt.,"1117 Budapest, Magyar Tudósok körútja 9.G.épület",S,R
50433027,MKKBHUHB,MBH Bank Nyrt.,"9100 Tét, Fő utca 86.",S,R
50433034,MKKBHUHB,MBH Bank Nyrt.,"1117 Budapest, Magyar Tudósok körútja 9.G.épület",S,R
50433041,MKKBHUHB,MBH Bank Nyrt.,"1117 Budapest, Magyar Tudósok körútja 9.G.épület",S,R
50433058,MKKBHUHB,MBH Bank Nyrt.,"1117 Budapest, Magyar Tudósok körútja 9.G.épület",S,R
50433065,MKKBHUHB,MBH Bank Nyrt.,"1117 Budapest, Magyar Tudósok körútja 9.G.épület",S,R
50433072,MKKBHUHB,MBH Bank Nyrt.,"1117 Budapest, Magyar Tudósok körútja 9.G.épület",S,R
50433089,MKKBHUHB,MBH Bank Nyrt.,"9100 Tét, Fő utca 86",S,R
50433096,MKKBHUHB,MBH Bank Nyrt.,"9326 Szil, Hunyadi tér 14.",S,R
50433106,MKKBHUHB,MBH Bank Nyrt.,"9225 Dunakiliti, Kossuth Lajos utca 88.",S,R
50433113,MKKBHUHB,MBH Bank Nyrt.,"9224 Rajka, Kossuth Lajos utca 37/a",S,R
50433120,MKKBHUHB,MBH Bank Nyrt.,"9222 Hegyeshalom, Fő utca 135.",S,R
50433137,MKKBHUHB,MBH Bank Nyrt.,"9200 Mosonmagyaróvár, Palánk utca 8.",S,R
50433144,MKKBHUHB,MBH Bank Nyrt.,"1117 Budapest, Magyar Tudósok körútja 9.G.épület",S,R
50433151,MKKBHUHB,MBH Bank Nyrt.,"9200 Mosonmagyaróvár, Kökény utca 9.",S,R
50433168,MKKBHUHB,MBH Bank Nyrt.,"9224 Rajka, Kossuth Lajos utca 37/a.",S,R
50433175,MKKBHUHB,MBH Bank Nyrt.,"9222 Hegyeshalom, Fő utca 135.",S,R
50433182,MKKBHUHB,MBH Bank Nyrt.,"9225 Dunakiliti, Kossuth Lajos utca 88.",S,R
50433199,MKKBHUHB,MBH Bank Nyrt.,"1117 Budapest, Magyar Tudósok körútja 9.G.épület",S,R
50433209,MKKBHUHB,MBH Bank Nyrt.,"1117 Budapest, Magyar Tudósok körútja 9.G.épület",S,R
50433216,MKKBHUHB,MBH Bank Nyrt.,"9200 Mosonmagyaróvár, Palánk utca 8.",S,R
50433223,MKKBHUHB,MBH Bank Nyrt.,"9200 Mosonmagyaróvár, Kökény utca 9.",S,R
50433230,MKKBHUHB,MBH Bank Nyrt.,"9300 Csorna, Szent István tér 23.",S,R
50433247,MKKBHUHB,MBH Bank Nyrt.,"9330 Kapuvár, Gesztenye sor 5.",S,R
50433254,MKKBHUHB,MBH Bank Nyrt.,"1117 Budapest, Magyar Tudósok körútja 9.G.épület",S,R
50433261,MKKBHUHB,MBH Bank Nyrt.,"1117 Budapest, Magyar Tudósok körútja 9.G.épület",S,R
50433278,MKKBHUHB,MBH Bank Nyrt.,"1117 Budapest, Magyar Tudósok körútja 9.G.épület",S,R
50433285,MKKBHUHB,MBH Bank Nyrt.,"9485 Nagycenk, Iskola utca 2.",S,R
50433292,MKKBHUHB,MBH Bank Nyrt.,"9485 Nagycenk, Iskola utca 2.",S,R
50433302,MKKBHUHB,MBH Bank Nyrt.,"9485 Nagycenk, Iskola utca 2.",S,R
50433319,MKKBHUHB,MBH Bank Nyrt.,"9431 Fertőd, Fő utca 62.",S,R
50433326,MKKBHUHB,MBH Bank Nyrt.,"9400 Sopron, Várkerület 18.",S,R
50433333,MKKBHUHB,MBH Bank Nyrt.,"9400 Sopron, Várkerület 18.",S,R
50433340,MKKBHUHB,MBH Bank Nyrt.,"9400 Sopron, Várkerület 18.",S,R
50433357,MKKBHUHB,MBH Bank Nyrt.,"9485 Nagycenk, Iskola utca 2.",S,R
50433364,MKKBHUHB,MBH Bank Nyrt.,"9090 Pannonhalma, Petőfi utca 20.",S,R
50433371,MKKBHUHB,MBH Bank Nyrt.,"9083 Écs, Kossuth utca 2/A",S,R
50433388,MKKBHUHB,MBH Bank Nyrt.,"9090 Pannonhalma, Petőfi utca 20.",S,R
50433395,MKKBHUHB,MBH Bank Nyrt.,"9090 Pannonhalma, Petőfi utca 20.",S,R
50433405,MKKBHUHB,MBH Bank Nyrt.,"9090 Pannonhalma, Petőfi utca 20.",S,R
50433412,MKKBHUHB,MBH Bank Nyrt.,"9024 Győr, Riesz F. utca 11/a.",S,R
50433429,MKKBHUHB,MBH Győr ETO Park,"9021 Győr, Nagysándor József utca 31.",S,R
50433436,MKKBHUHB,MBH Bank Nyrt.,"8000 Székesfehérvár, Koronázó tér 2.",S,R
50433443,MKKBHUHB,MBH Bank Nyrt.,"8438 Veszprémvarsány, Rákóczi Ferenc utca 13.",S,R
50433450,MKKBHUHB,MBH Bank Nyrt.,"9090 Pannonhalma, Petőfi utca 20.",S,R
50433467,MKKBHUHB,MBH Bank Nyrt.,"8431 Bakonyszentlászló, Vak Bottyán utca 2.",S,R
50433474,MKKBHUHB,MBH Bank Nyrt.,"9090 Pannonhalma, Petőfi utca 20.",S,R
50433481,MKKBHUHB,MBH Bank Nyrt.,"9090 Pannonhalma, Petőfi utca 20.",S,R
50433498,MKKBHUHB,MBH Győr ETO Park,"9021 Győr, Nagysándor József utca 31.",S,R
50433508,MKKBHUHB,MBH Bank Nyrt.,"8000 Székesfehérvár, Koronázó tér 2.",S,R
50433515,MKKBHUHB,MBH Bank Nyrt.,"8438 Veszprémvarsány, Rákóczi Ferenc utca 13.",S,R
50433522,MKKBHUHB,MBH Bank Nyrt.,"9700 Szombathely, Szűrcsapó utca 23.",S,R
50433539,MKKBHUHB,MBH Bank Nyrt.,"9700 Szombathely, Petőfi Sándor utca 16",S,R
50433546,MKKBHUHB,MBH Bank Nyrt.,"9798 Ják, Szabadság tér 10.",S,R
50433553,MKKBHUHB,MBH Bank Nyrt.,"9700 Szombathely, Petőfi  Sándor utca 16.",S,R
50433560,MKKBHUHB,MBH Bank Nyrt.,"9900 Körmend, Thököly utca 1.",S,R
50433577,MKKBHUHB,MBH Bank Nyrt.,"9600 Sárvár, Batthyány  Lajos utca 42/C",S,R
50433584,MKKBHUHB,MBH Bank Nyrt.,"9100 Tét, Fő utca 86.",S,R
50433591,MKKBHUHB,MBH Bank Nyrt.,"9737 Bük, Széchenyi utca 2/a",S,R
50433601,MKKBHUHB,MBH Bank Nyrt.,"9100 Tét, Fő utca 86.",S,R
50433618,MKKBHUHB,MBH Bank Nyrt.,"9100 Tét, Fő utca 86",S,R
50433625,MKKBHUHB,MBH Bank Nyrt.,"9730 Kőszeg, Rákóczi utca 12.",S,R
50433632,MKKBHUHB,MBH Bank Nyrt.,"9735 Csepreg, Széchenyi tér 4.",S,R
50433649,MKKBHUHB,MBH Bank Nyrt.,"9900 Körmend, Thököly utca 1.",S,R
50433656,MKKBHUHB,MBH Bank Nyrt.,"9100 Tét, Fő utca 86",S,R
50433663,MKKBHUHB,MBH Bank Nyrt.,"9326 Szil, Hunyadi tér 14.",S,R
50433670,MKKBHUHB,MBH Bank Nyrt.,"9100 Tét, Fő utca 86",S,R
50433687,MKKBHUHB,MBH Bank Nyrt.,"9800 Vasvár, Főszolgabíró tér 1.",S,R
50433694,MKKBHUHB,MBH Bank Nyrt.,"9941 Őriszentpéter, Városszer 106.",S,R
50433704,MKKBHUHB,MBH Győr ETO Park,"9021 Győr, Nagysándor József utca 31.",S,R
50433711,MKKBHUHB,MBH Bank Nyrt.,"9970 Szentgotthárd, Hunyadi utca 5.",S,R
50433728,MKKBHUHB,MBH Bank Nyrt.,"9600 Sárvár, Batthyány  Lajos utca 42/C",S,R
50433735,MKKBHUHB,MBH Bank Nyrt.,"9700 Szombathely, Petőfi Sándor utca 16",S,R
50433742,MKKBHUHB,MBH Bank Nyrt.,"9700 Szombathely, Petőfi Sándor utca 16",S,R
50433759,MKKBHUHB,MBH Bank Nyrt.,"9800 Vasvár, Főszolgabíró tér 1.",S,R
50433766,MKKBHUHB,MBH Bank Nyrt.,"9500 Celldömölk, Kossuth  Lajos utca 18.",S,R
50433773,MKKBHUHB,MBH Bank Nyrt.,"9653 Répcelak, Petőfi Sándor utca 50.",S,R
50433780,MKKBHUHB,MBH Bank Nyrt.,"9970 Szentgotthárd, Hunyadi utca 5.",S,R
50433797,MKKBHUHB,MBH Bank Nyrt.,"9600 Sárvár, Batthyány  Lajos utca 42/C",S,R
50433807,MKKBHUHB,MBH Bank Nyrt.,"9700 Szombathely, Petőfi Sándor utca 16",S,R
50433814,MKKBHUHB,MBH Bank Nyrt.,"9700 Szombathely, Petőfi Sándor utca 16",S,R
50433821,MKKBHUHB,MBH Bank Nyrt.,"9500 Celldömölk, Kossuth Lajos utca 18.",S,R
50433838,MKKBHUHB,MBH Bank Nyrt.,"9500 Celldömölk, Kossuth  Lajos utca 18.",S,R
50433845,MKKBHUHB,MBH Bank Nyrt.,"9461 Lövő, Fő utca 203.",S,R
50433852,MKKBHUHB,MBH Bank Nyrt.,"9500 Celldömölk, Kossuth  Lajos utca 18.",S,R
50433869,MKKBHUHB,MBH Bank Nyrt.,"9653 Répcelak, Petőfi Sándor utca 50.",S,R
50433876,MKKBHUHB,MBH Bank Nyrt.,"9600 Sárvár, Batthyány Lajos utca 42/b",S,R
50433883,MKKBHUHB,MBH Bank Nyrt.,"9737 Bük, Széchenyi utca 2/a",S,R
50433890,MKKBHUHB,MBH Bank Nyrt.,"9500 Celldömölk, Kossuth Lajos utca 18.",S,R
50433900,MKKBHUHB,MBH Bank Nyrt.,"9737 Bük, Széchenyi utca 2/a",S,R
50433917,MKKBHUHB,MBH Bank Nyrt.,"9431 Fertőd, Fő utca 62.",S,R
50433924,MKKBHUHB,MBH Bank Nyrt.,"9343 Beled, Rákóczi utca 131.",S,R
50433931,MKKBHUHB,MBH Bank Nyrt.,"9343 Beled, Rákóczi utca 131.",S,R
50433948,MKKBHUHB,MBH Bank Nyrt.,"9330 Kapuvár, Gesztenye sor 5.",S,R
50433955,MKKBHUHB,MBH Bank Nyrt.,"9431 Fertőd, Fő utca 62.",S,R
50433962,MKKBHUHB,MBH Bank Nyrt.,"9024 Győr, Riesz  F. utca 11/a.",S,R
50433979,MKKBHUHB,MBH Bank Nyrt.,"9400 Sopron, Várkerület 18.",S,R
50433986,MKKBHUHB,MBH Bank Nyrt.,"9300 Csorna, Szent István tér 23.",S,R
50433993,MKKBHUHB,MBH Bank Nyrt.,"9300 Csorna, Szent István tér 23.",S,R
50434004,MKKBHUHB,MBH Bank Nyrt.,"9343 Beled, Rákóczi utca 131.",S,R
50434011,MKKBHUHB,MBH Bank Nyrt.,"9330 Kapuvár, Gesztenye sor 5.",S,R
50434028,MKKBHUHB,MBH Bank Nyrt.,"9330 Kapuvár, Gesztenye sor 5.",S,R
50434035,MKKBHUHB,MBH Bank Nyrt.,"9024 Győr, Riesz  F. utca 11/a.",S,R
50434042,MKKBHUHB,MBH Bank Nyrt.,"2112 Veresegyház, Fő út 53.",S,R
50434059,MKKBHUHB,MBH Bank Nyrt.,"9317 Szany, Dózsa utca 4.",S,R
50434066,MKKBHUHB,MBH Bank Nyrt.,"9300 Csorna, Szent István tér 23.",S,R
50434073,MKKBHUHB,MBH Bank Nyrt.,"9241 Jánossomorja, Óvári utca 6.",S,R
50434080,MKKBHUHB,MBH Bank Nyrt.,"9300 Csorna, Szent István tér 23",S,R
50434097,MKKBHUHB,MBH Bank Nyrt.,"9300 Csorna, Szent István tér 23",S,R
50434107,MKKBHUHB,MBH Bank Nyrt.,"1117 Budapest, Magyar Tudósok körútja 9.G.épület",S,R
50434114,MKKBHUHB,MBH Győr ETO Park,"9021 Győr, Nagysándor József utca 31.",S,R
50434121,MKKBHUHB,MBH Bank Nyrt.,"1117 Budapest, Magyar Tudósok körútja 9.G.épület",S,R
50434138,MKKBHUHB,MBH Bank Nyrt.,"9700 Szombathely, Szűrcsapó utca 23",S,R
50434145,MKKBHUHB,MBH Bank Nyrt.,"9700 Szombathely, Szűrcsapó utca 23",S,R
50434152,MKKBHUHB,MBH Bank Nyrt.,"1117 Budapest, Magyar Tudósok körútja 9.G.épület",S,R
50434169,MKKBHUHB,MBH Bank Nyrt.,"1117 Budapest, Magyar Tudósok körútja 9.G.épület",S,R
50434176,MKKBHUHB,MBH Bank Nyrt.,"1117 Budapest, Magyar Tudósok körútja 9.G.épület",S,R
50434183,MKKBHUHB,MBH Bank Nyrt.,"1117 Budapest, Magyar Tudósok körútja 9.G.épület",S,R
50434190,MKKBHUHB,MBH Bank Nyrt.,"1117 Budapest, Magyar Tudósok körútja 9.G.épület",S,R
50434200,MKKBHUHB,MBH Bank Nyrt.,"1117 Budapest, Magyar Tudósok körútja 9.G.épület",S,R
50434217,MKKBHUHB,MBH Bank Nyrt.,"9500 Celldömölk, Kossuth  Lajos utca 18.",S,R
50434224,MKKBHUHB,MBH Bank Nyrt.,"9400 Sopron, Várkerület 18.",S,R
50434231,MKKBHUHB,MBH Bank Nyrt.,"9400 Sopron, Várkerület 18.",S,R
50434248,MKKBHUHB,MBH Bank Nyrt.,"1117 Budapest, Magyar Tudósok körútja 9.G.épület",S,R
50434255,MKKBHUHB,MBH Bank Nyrt.,"9100 Tét, Fő utca 86",S,R
50434262,MKKBHUHB,MBH Bank Nyrt.,"1117 Budapest, Magyar Tudósok körútja 9.G.épület",S,R
50434279,MKKBHUHB,MBH Bank Nyrt.,"1117 Budapest, Magyar Tudósok körútja 9.G.épület",S,R
50434286,MKKBHUHB,MBH Bank Nyrt.,"1117 Budapest, Magyar Tudósok körútja 9.G.épület",S,R
50434293,MKKBHUHB,MBH Bank Nyrt.,"1117 Budapest, Magyar Tudósok körútja 9.G.épület",S,R
50435005,MKKBHUHB,MBH Bank Nyrt.,"4274 Hosszúpályi, Bagosi utca 2.",S,R
50435012,MKKBHUHB,MBH Bank Nyrt.,"1117 Budapest, Magyar Tudósok körútja 9.G.épület",S,R
50435029,MKKBHUHB,MBH Bank Nyrt.,"1117 Budapest, Magyar Tudósok körútja 9.G.épület",S,R
50435036,MKKBHUHB,MBH Bank Nyrt.,"1117 Budapest, Magyar Tudósok körútja 9.G.épület",S,R
50435043,MKKBHUHB,MBH Bank Nyrt.,"4274 Hosszúpályi, Bagosi utca 2.",S,R
50435050,MKKBHUHB,MBH Bank Nyrt.,"4130 Derecske, Rákóczi út 2.",S,R
50435067,MKKBHUHB,MBH Bank Nyrt.,"1117 Budapest, Magyar Tudósok körútja 9.G.épület",S,R
50435074,MKKBHUHB,MBH Bank Nyrt.,"4130 Derecske, Rákóczi út 2.",S,R
50435081,MKKBHUHB,MBH Bank Nyrt.,"4026 Debrecen, Bethlen G. utca 6-8.",S,R
50435098,MKKBHUHB,MBH Bank Nyrt.,"4251 Hajdúsámson, Rákóczi út 6.",S,R
50435108,MKKBHUHB,MBH Bank Nyrt.,"4254 Nyíradony, Árpád tér 12.",S,R
50435115,MKKBHUHB,MBH Bank Nyrt.,"4242 Hajdúhadház, Bocskai tér 2/A",S,R
50435122,MKKBHUHB,MBH Bank Nyrt.,"4243 Téglás, Dózsa György utca 13.",S,R
50435139,MKKBHUHB,MBH Bank Nyrt.,"4225 Debrecen-Józsa, Szentgyörgyfalvi út 9.",S,R
50435146,MKKBHUHB,MBH Bank Nyrt.,"4033 Debrecen, Mátyás király utca 29.",S,R
50435153,MKKBHUHB,MBH Bank Nyrt.,"1117 Budapest, Magyar Tudósok körútja 9.G.épület",S,R
50435160,MKKBHUHB,MBH Bank Nyrt.,"4110 Biharkeresztes, Hősök tere 10.",S,R
50435177,MKKBHUHB,MBH Bank Nyrt.,"4110 Biharkeresztes, Hősök tere 10.",S,R
50435184,MKKBHUHB,MBH Bank Nyrt.,"4110 Biharkeresztes, Hősök tere 10.",S,R
50435191,MKKBHUHB,MBH Bank Nyrt.,"4100 Berettyóújfalu, Dózsa György utca 3-5.",S,R
50435201,MKKBHUHB,MBH Bank Nyrt.,"1117 Budapest, Magyar Tudósok körútja 9.G.épület",S,R
50435218,MKKBHUHB,MBH Bank Nyrt.,"1117 Budapest, Magyar Tudósok körútja 9.G.épület",S,R
50435225,MKKBHUHB,MBH Bank Nyrt.,"5525 Füzesgyarmat, Mátyás utca 2.",S,R
50435232,MKKBHUHB,MBH Bank Nyrt.,"4150 Püspökladány, Gagarin utca 1.",S,R
50435249,MKKBHUHB,MBH Bank Nyrt.,"1117 Budapest, Magyar Tudósok körútja 9.G.épület",S,R
50435256,MKKBHUHB,MBH Bank Nyrt.,"4064 Nagyhegyes, Kossuth utca 1.",S,R
50435263,MKKBHUHB,MBH Bank Nyrt.,"1117 Budapest, Magyar Tudósok körútja 9.G.épület",S,R
50435270,MKKBHUHB,MBH Bank Nyrt.,"4200 Hajdúszoboszló, Hősök tere 15.",S,R
50435287,MKKBHUHB,MBH Bank Nyrt.,"4200 Hajdúszoboszló, Hősök tere 15.",S,R
50435294,MKKBHUHB,MBH Bank Nyrt.,"1117 Budapest, Magyar Tudósok körútja 9.G.épület",S,R
50435304,MKKBHUHB,MBH Bank Nyrt.,"4060 Balmazújváros, Veres Péter utca 3.",S,R
50435311,MKKBHUHB,MBH Bank Nyrt.,"4281 Létavértes, Baross utca 1.",S,R
50435328,MKKBHUHB,MBH Bank Nyrt.,"1117 Budapest, Magyar Tudósok körútja 9.G.épület",S,R
50435335,MKKBHUHB,MBH Bank Nyrt.,"1117 Budapest, Magyar Tudósok körútja 9.G.épület",S,R
50435342,MKKBHUHB,MBH Bank Nyrt.,"1117 Budapest, Magyar Tudósok körútja 9.G.épület",S,R
50435359,MKKBHUHB,MBH Bank Nyrt.,"4087 Hajdúdorog, Tokaji út 6.",S,R
50435366,MKKBHUHB,MBH Bank Nyrt.,"4220 Hajdúböszörmény, Kossuth Lajos utca 5.",S,R
50435373,MKKBHUHB,MBH Bank Nyrt.,"1117 Budapest, Magyar Tudósok körútja 9.G.épület",S,R
50435380,MKKBHUHB,MBH Bank Nyrt.,"4080 Hajdúnánás, Kossuth utca 17.",S,R
50435397,MKKBHUHB,MBH Bank Nyrt.,"4244 Újfehértó, Béke tér 4.",S,R
50435407,MKKBHUHB,MBH Bank Nyrt.,"4231 Bököny, Dózsa György utca 5.",S,R
50435414,MKKBHUHB,MBH Bank Nyrt.,"4244 Újfehértó, Béke tér 4.",S,R
50435421,MKKBHUHB,MBH Bank Nyrt.,"4231 Bököny, Dózsa György utca 5.",S,R
50435438,MKKBHUHB,MBH Bank Nyrt.,"4244 Újfehértó, Béke tér 4.",S,R
50435445,MKKBHUHB,MBH Bank Nyrt.,"4320 Nagykálló, Zrínyi Miklós utca 22.",S,R
50435452,MKKBHUHB,MBH Bank Nyrt.,"4233 Balkány, Fő utca 31.",S,R
50435469,MKKBHUHB,MBH Bank Nyrt.,"4320 Nagykálló, Zrínyi Miklós utca 22.",S,R
50435476,MKKBHUHB,MBH Bank Nyrt.,"4400 Nyíregyháza, Kossuth  Lajos utca 66/A.",S,R
50435483,MKKBHUHB,MBH Bank Nyrt.,"4400 Nyíregyháza, Dózsa György út 11.",S,R
50435490,MKKBHUHB,MBH Bank Nyrt.,"4233 Balkány, Fő utca 31.",S,R
50435500,MKKBHUHB,MBH Bank Nyrt.,"4700 Mátészalka, Szalkay László utca 2.",S,R
50435517,MKKBHUHB,MBH Bank Nyrt.,"4900 Fehérgyarmat, Móricz Zsigmond utca 19.",S,R
50435524,MKKBHUHB,MBH Bank Nyrt.,"4625 Záhony, Alkotmány út 2.",S,R
50435531,MKKBHUHB,MBH Bank Nyrt.,"1117 Budapest, Magyar Tudósok körútja 9.G.épület",S,R
50435548,MKKBHUHB,MBH Bank Nyrt.,"1117 Budapest, Magyar Tudósok körútja 9.G.épület",S,R
50435555,MKKBHUHB,MBH Bank Nyrt.,"4625 Záhony, Alkotmány út 2.",S,R
50435562,MKKBHUHB,MBH Bank Nyrt.,"1117 Budapest, Magyar Tudósok körútja 9.G.épület",S,R
50435579,MKKBHUHB,MBH Bank Nyrt.,"4600 Kisvárda, Szent László utca 68.",S,R
50435586,MKKBHUHB,MBH Bank Nyrt.,"4800 Vásárosnamény, Rákóczi út 1.",S,R
50435593,MKKBHUHB,MBH Bank Nyrt.,"4600 Kisvárda, Szent László utca 68.",S,R
50435603,MKKBHUHB,MBH Bank Nyrt.,"4600 Kisvárda, Szent  László utca 68.",S,R
50435610,MKKBHUHB,MBH Bank Nyrt.,"4600 Kisvárda, Szent László utca 68.",S,R
50435627,MKKBHUHB,MBH Bank Nyrt.,"1117 Budapest, Magyar Tudósok körútja 9.G.épület",S,R
50435634,MKKBHUHB,MBH Bank Nyrt.,"1117 Budapest, Magyar Tudósok körútja 9.G.épület",S,R
50435641,MKKBHUHB,MBH Bank Nyrt.,"4355 Nagyecsed, Rákóczi Ferenc utca 16.",S,R
50435658,MKKBHUHB,MBH Bank Nyrt.,"4700 Mátészalka, Szalkay László utca 2.",S,R
50435665,MKKBHUHB,MBH Bank Nyrt.,"1117 Budapest, Magyar Tudósok körútja 9.G.épület",S,R
50435672,MKKBHUHB,MBH Bank Nyrt.,"4765 Csenger, Ady Endre utca 5.",S,R
50435689,MKKBHUHB,MBH Bank Nyrt.,"4300 Nyírbátor, Szabadság tér 5.",S,R
50435696,MKKBHUHB,MBH Bank Nyrt.,"4355 Nagyecsed, Rákóczi út 16.",S,R
50435706,MKKBHUHB,MBH Bank Nyrt.,"4372 Nyírbéltek, Kossuth utca 16.",S,R
50435713,MKKBHUHB,MBH Bank Nyrt.,"1117 Budapest, Magyar Tudósok körútja 9.G.épület",S,R
50435720,MKKBHUHB,MBH Bank Nyrt.,"4254 Nyíradony, Árpád tér 12.",S,R
50435737,MKKBHUHB,MBH Bank Nyrt.,"4300 Nyírbátor, Szabadság tér 5.",S,R
50435744,MKKBHUHB,MBH Bank Nyrt.,"4300 Nyírbátor, Szabadság tér 5.",S,R
50435751,MKKBHUHB,MBH Bank Nyrt.,"1117 Budapest, Magyar Tudósok körútja 9.G.épület",S,R
50435768,MKKBHUHB,MBH Bank Nyrt.,"1117 Budapest, Magyar Tudósok körútja 9.G.épület",S,R
50435775,MKKBHUHB,MBH Bank Nyrt.,"4300 Nyírbátor, Szabadság tér 5.",S,R
50435782,MKKBHUHB,MBH Bank Nyrt.,"1117 Budapest, Magyar Tudósok körútja 9.G.épület",S,R
50435799,MKKBHUHB,MBH Bank Nyrt.,"1117 Budapest, Magyar Tudósok körútja 9.G.épület",S,R
50435809,MKKBHUHB,MBH Bank Nyrt.,"4465 Rakamaz, Szent István út 25.",S,R
50435816,MKKBHUHB,MBH Bank Nyrt.,"1117 Budapest, Magyar Tudósok körútja 9.G.épület",S,R
50435823,MKKBHUHB,MBH Bank Nyrt.,"4461 Nyírtelek, Arany János utca 1.",S,R
50435830,MKKBHUHB,MBH Bank Nyrt.,"4464 Tiszaeszlár, Rákóczi  Ferenc utca 79.",S,R
50435847,MKKBHUHB,MBH Bank Nyrt.,"4450 Tiszalök, Kossuth utca 79/B",S,R
50435854,MKKBHUHB,MBH Bank Nyrt.,"4555 Levelek, Rákóczi utca 4.",S,R
50435861,MKKBHUHB,MBH Bank Nyrt.,"4401 Nyíregyháza, Dózsa György út 11.",S,R
50435878,MKKBHUHB,MBH Bank Nyrt.,"1117 Budapest, Magyar Tudósok körútja 9.G.épület",S,R
50435885,MKKBHUHB,MBH Bank Nyrt.,"4320 Nagykálló, Zrínyi Miklós utca 22.",S,R
50435892,MKKBHUHB,MBH Bank Nyrt.,"1117 Budapest, Magyar Tudósok körútja 9.G.épület",S,R
50435902,MKKBHUHB,MBH Bank Nyrt.,"4555 Levelek, Rákóczi utca 4.",S,R
50435919,MKKBHUHB,MBH Bank Nyrt.,"4400 Nyíregyháza, Kossuth  Lajos utca 66/A.",S,R
50435926,MKKBHUHB,MBH Bank Nyrt.,"1117 Budapest, Magyar Tudósok körútja 9.G.épület",S,R
50435933,MKKBHUHB,MBH Bank Nyrt.,"4400 Nyíregyháza, Dózsa György út 11.",S,R
50435940,MKKBHUHB,MBH Bank Nyrt.,"1117 Budapest, Magyar Tudósok körútja 9.G.épület",S,R
50435957,MKKBHUHB,MBH Bank Nyrt.,"1117 Budapest, Magyar Tudósok körútja 9.G.épület",S,R
50435964,MKKBHUHB,MBH Bank Nyrt.,"1117 Budapest, Magyar Tudósok körútja 9.G.épület",S,R
50435971,MKKBHUHB,MBH Bank Nyrt.,"4471 Gávavencsellő-Gáva, Petőfi utca 3.",S,R
50435988,MKKBHUHB,MBH Bank Nyrt.,"1117 Budapest, Magyar Tudósok körútja 9.G.épület",S,R
50435995,MKKBHUHB,MBH Bank Nyrt.,"3910 Tokaj, Bajcsy-Zsilinszky Endre út 18.",S,R
50436006,MKKBHUHB,MBH Bank Nyrt.,"4440 Tiszavasvári, Kossuth Lajos utca 1.",S,R
50436013,MKKBHUHB,MBH Bank Nyrt.,"1117 Budapest, Magyar Tudósok körútja 9.G.épület",S,R
50436020,MKKBHUHB,MBH Bank Nyrt.,"1117 Budapest, Magyar Tudósok körútja 9.G.épület",S,R
50436037,MKKBHUHB,MBH Bank Nyrt.,"4400 Nyíregyháza, Dózsa György út 11.",S,R
50436044,MKKBHUHB,MBH Bank Nyrt.,"1117 Budapest, Magyar Tudósok körútja 9.G.épület",S,R
50436051,MKKBHUHB,MBH Bank Nyrt.,"1117 Budapest, Magyar Tudósok körútja 9.G.épület",S,R
50436068,MKKBHUHB,MBH Bank Nyrt.,"4561 Baktalórántháza, Vasút utca 2.",S,R
50436075,MKKBHUHB,MBH Bank Nyrt.,"1117 Budapest, Magyar Tudósok körútja 9.G.épület",S,R
50436082,MKKBHUHB,MBH Bank Nyrt.,"4484 Ibrány, Lehel út 3.",S,R
50436099,MKKBHUHB,MBH Bank Nyrt.,"4516 Demecser, Kétezer-Egy tér 3.",S,R
50436109,MKKBHUHB,MBH Bank Nyrt.,"1117 Budapest, Magyar Tudósok körútja 9.G.épület",S,R
50436116,MKKBHUHB,MBH Bank Nyrt.,"4484 Ibrány, Lehel utca 3.",S,R
50436123,MKKBHUHB,MBH Bank Nyrt.,"1117 Budapest, Magyar Tudósok körútja 9.G.épület",S,R
50436130,MKKBHUHB,MBH Bank Nyrt.,"1117 Budapest, Magyar Tudósok körútja 9.G.épület",S,R
50436147,MKKBHUHB,MBH Bank Nyrt.,"4501 Kemecse, Móricz  Zsigmond utca 61.",S,R
50436154,MKKBHUHB,MBH Bank Nyrt.,"1117 Budapest, Magyar Tudósok körútja 9.G.épület",S,R
50436161,MKKBHUHB,MBH Bank Nyrt.,"1117 Budapest, Magyar Tudósok körútja 9.G.épület",S,R
50436178,MKKBHUHB,MBH Bank Nyrt.,"4741 Jánkmajtis, Kossuth Lajos út 12.",S,R
50436185,MKKBHUHB,MBH Bank Nyrt.,"4900 Fehérgyarmat, Móricz Zsigmond utca 19.",S,R
50436192,MKKBHUHB,MBH Bank Nyrt.,"4951 Tiszabecs, Rákóczi utca 55.",S,R
50436202,MKKBHUHB,MBH Bank Nyrt.,"4900 Fehérgyarmat, Móricz Zsigmond utca 19.",S,R
50436219,MKKBHUHB,MBH Bank Nyrt.,"1117 Budapest, Magyar Tudósok körútja 9.G.épület",S,R
50436226,MKKBHUHB,MBH Bank Nyrt.,"1117 Budapest, Magyar Tudósok körútja 9.G.épület",S,R
50436233,MKKBHUHB,MBH Bank Nyrt.,"4800 Vásárosnamény, Rákóczi út 1.",S,R
50436240,MKKBHUHB,MBH Bank Nyrt.,"1117 Budapest, Magyar Tudósok körútja 9.G.épület",S,R
50436257,MKKBHUHB,MBH Bank Nyrt.,"1117 Budapest, Magyar Tudósok körútja 9.G.épület",S,R
50436264,MKKBHUHB,MBH Bank Nyrt.,"1117 Budapest, Magyar Tudósok körútja 9.G.épület",S,R
50436271,MKKBHUHB,MBH Bank Nyrt.,"4800 Vásárosnamény, Rákóczi út 1.",S,R
50436288,MKKBHUHB,MBH Bank Nyrt.,"1117 Budapest, Magyar Tudósok körútja 9.G.épület",S,R
50436295,MKKBHUHB,MBH Bank Nyrt.,"1117 Budapest, Magyar Tudósok körútja 9.G.épület",S,R
50436305,MKKBHUHB,MBH Bank Nyrt.,"4800 Vásárosnamény, Rákóczi út 1.",S,R
50436312,MKKBHUHB,MBH Bank Nyrt.,"4562 Vaja, Damjanich utca 70.",S,R
50436329,MKKBHUHB,MBH Bank Nyrt.,"1117 Budapest, Magyar Tudósok körútja 9.G.épület",S,R
50436336,MKKBHUHB,MBH Bank Nyrt.,"1117 Budapest, Magyar Tudósok körútja 9.G.épület",S,R
50436343,MKKBHUHB,MBH Bank Nyrt.,"4700 Mátészalka, Szalkay László utca 2.",S,R
50436350,MKKBHUHB,MBH Bank Nyrt.,"1117 Budapest, Magyar Tudósok körútja 9.G.épület",S,R
50436367,MKKBHUHB,MBH Bank Nyrt.,"4334 Hodász, Széchenyi István utca 8.",S,R
50436374,MKKBHUHB,MBH Bank Nyrt.,"1117 Budapest, Magyar Tudósok körútja 9.G.épület",S,R
50436381,MKKBHUHB,MBH Bank Nyrt.,"1117 Budapest, Magyar Tudósok körútja 9.G.épület",S,R
50436398,MKKBHUHB,MBH Bank Nyrt.,"1117 Budapest, Magyar Tudósok körútja 9.G.épület",S,R
50436408,MKKBHUHB,MBH Bank Nyrt.,"4300 Nyírbátor, Szabadság tér 5.",S,R
50436415,MKKBHUHB,MBH Bank Nyrt.,"1117 Budapest, Magyar Tudósok körútja 9.G.épület",S,R
50436422,MKKBHUHB,MBH Bank Nyrt.,"1117 Budapest, Magyar Tudósok körútja 9.G.épület",S,R
50436439,MKKBHUHB,MBH Bank Nyrt.,"1117 Budapest, Magyar Tudósok körútja 9.G.épület",S,R
50436446,MKKBHUHB,MBH Bank Nyrt.,"1117 Budapest, Magyar Tudósok körútja 9.G.épület",S,R
50436453,MKKBHUHB,MBH Bank Nyrt.,"1117 Budapest, Magyar Tudósok körútja 9.G.épület",S,R
50436460,MKKBHUHB,MBH Bank Nyrt.,"4765 Csenger, Ady  Endre utca 5.",S,R
50436477,MKKBHUHB,MBH Bank Nyrt.,"1117 Budapest, Magyar Tudósok körútja 9.G.épület",S,R
50436484,MKKBHUHB,MBH Bank Nyrt.,"4765 Csenger, Ady Endre utca 5.",S,R
50436491,MKKBHUHB,MBH Bank Nyrt.,"1117 Budapest, Magyar Tudósok körútja 9.G.épület",S,R
50436501,MKKBHUHB,MBH Bank Nyrt.,"4287 Vámospércs, Nagy utca 9.",S,R
50436518,MKKBHUHB,MBH Bank Nyrt.,"4264 Nyírábrány, Jókai utca 1/A",S,R
50436525,MKKBHUHB,MBH Bank Nyrt.,"4287 Vámospércs, Nagy utca 9.",S,R
50436532,MKKBHUHB,MBH Bank Nyrt.,"4026 Debrecen, Bethlen G. utca 6-8.",S,R
50436549,MKKBHUHB,MBH Bank Nyrt.,"1117 Budapest, Magyar Tudósok körútja 9.G.épület",S,R
50436556,MKKBHUHB,MBH Bank Nyrt.,"4287 Vámospércs, Nagy utca 9.",S,R
50436563,MKKBHUHB,MBH Bank Nyrt.,"4183 Kaba, Rákóczi Ferenc út 120.",S,R
50436570,MKKBHUHB,MBH Bank Nyrt.,"1117 Budapest, Magyar Tudósok körútja 9.G.épület",S,R
50436587,MKKBHUHB,MBH Bank Nyrt.,"4183 Kaba, Rákóczi  Ferenc út 120.",S,R
50436594,MKKBHUHB,MBH Bank Nyrt.,"1117 Budapest, Magyar Tudósok körútja 9.G.épület",S,R
50436604,MKKBHUHB,MBH Bank Nyrt.,"4150 Püspökladány, Gagarin utca 1.",S,R
50436611,MKKBHUHB,MBH Bank Nyrt.,"4183 Kaba, Rákóczi  Ferenc út 120.",S,R
50436628,MKKBHUHB,MBH Bank Nyrt.,"4200 Hajdúszoboszló, Hősök tere 15.",S,R
50436635,MKKBHUHB,MBH Bank Nyrt.,"4150 Püspökladány, Gagarin utca 1.",S,R
50436642,MKKBHUHB,MBH Bank Nyrt.,"1117 Budapest, Magyar Tudósok körútja 9.G.épület",S,R
50436659,MKKBHUHB,MBH Bank Nyrt.,"1117 Budapest, Magyar Tudósok körútja 9.G.épület",S,R
50436666,MKKBHUHB,MBH Bank Nyrt.,"1117 Budapest, Magyar Tudósok körútja 9.G.épület",S,R
50436673,MKKBHUHB,MBH Bank Nyrt.,"4026 Debrecen, Bethlen G. utca 6-8.",S,R
50437007,MKKBHUHB,MBH Bank Nyrt.,"1117 Budapest, Magyar Tudósok körútja 9.G.épület",S,R
50437014,MKKBHUHB,MBH Bank Nyrt.,"2200 Monor, Kossuth Lajos utca 77.",S,R
50437021,MKKBHUHB,MBH Bank Nyrt.,"2234 Maglód, Fő utca 13.",S,R
50437038,MKKBHUHB,MBH Bank Nyrt.,"2234 Maglód, Fő utca 13.",S,R
50437045,MKKBHUHB,MBH Bank Nyrt.,"2225 Üllő, Pesti út 71.",S,R
50437052,MKKBHUHB,MBH Bank Nyrt.,"2241 Sülysáp, Malom utca 1/a.",S,R
50437069,MKKBHUHB,MBH Bank Nyrt.,"2230 Gyömrő, Táncsics út 82.",S,R
50437076,MKKBHUHB,MBH Bank Nyrt.,"2200 Monor, Kossuth Lajos utca 77.",S,R
50437083,MKKBHUHB,MBH Bank Nyrt.,"2230 Gyömrő, Táncsics út 82.",S,R
50437090,MKKBHUHB,MBH Bank Nyrt.,"2220 Vecsés, Telepi út 50/A",S,R
50437100,MKKBHUHB,MBH Bank Nyrt.,"2723 Nyáregyháza, Nyáry Pál út 19.",S,R
50437117,MKKBHUHB,MBH Bank Nyrt.,"1181 Budapest, Üllői út 399.",S,R
50437124,MKKBHUHB,MBH Bank Nyrt.,"1144 Budapest, Zalán utca 23",S,R
50437131,MKKBHUHB,MBH Bank Nyrt.,"1117 Budapest, Magyar  Tudósok körútja 9.G.épület",S,R
50437148,MKKBHUHB,MBH Bank Nyrt.,"1054 Budapest, Báthory utca 1.",S,R
50437155,MKKBHUHB,MBH Bank Nyrt.,"2241 Sülysáp, Malom utca 1/a.",S,R
50437162,MKKBHUHB,MBH Bank Nyrt.,"2730 Albertirsa, Pesti út 28.",S,R
50437179,MKKBHUHB,MBH Bank Nyrt.,"2730 Albertirsa, Pesti út 28.",S,R
50437186,MKKBHUHB,MBH Bank Nyrt.,"2700 Cegléd, Eötvös tér 6.",S,R
50437193,MKKBHUHB,MBH Bank Nyrt.,"2730 Albertirsa, Pesti út 28.",S,R
50437203,MKKBHUHB,MBH Bank Nyrt.,"1117 Budapest, Magyar Tudósok körútja 9.G.épület",S,R
50437210,MKKBHUHB,MBH Bank Nyrt.,"2119 Pécel, Ráday Gedeon tér 10.",S,R
50437227,MKKBHUHB,MBH Bank Nyrt.,"2117 Isaszeg, Kossuth Lajos utca 15.",S,R
50437234,MKKBHUHB,MBH Bank Nyrt.,"2143 Kistarcsa, Széchenyi utca 67.",S,R
50437241,MKKBHUHB,MBH Bank Nyrt.,"2141 Csömör, Szabadság út 16.",S,R
50437258,MKKBHUHB,MBH Bank Nyrt.,"2143 Kistarcsa, Széchenyi utca 67.",S,R
50437265,MKKBHUHB,MBH Bank Nyrt.,"2100 Gödöllő, Petőfi Sándor tér 8.",S,R
50437272,MKKBHUHB,MBH Bank Nyrt.,"2711 Tápiószentmárton, Kossuth Lajos út 17/A",S,R
50437289,MKKBHUHB,MBH Bank Nyrt.,"2764 Tápióbicske, Rákóczi út 64.",S,R
50437296,MKKBHUHB,MBH Bank Nyrt.,"2200 Monor, Kossuth Lajos utca 77.",S,R
50437306,MKKBHUHB,MBH Bank Nyrt.,"2764 Tápióbicske, Rákóczi út 64.",S,R
50437313,MKKBHUHB,MBH Bank Nyrt.,"2721 Pilis, Rákóczi út 34.",S,R
50437320,MKKBHUHB,MBH Bank Nyrt.,"2200 Monor, Kossuth Lajos utca 77.",S,R
50437337,MKKBHUHB,MBH Bank Nyrt.,"2700 Cegléd, Eötvös tér 6.",S,R
50437344,MKKBHUHB,MBH Bank Nyrt.,"2740 Abony, Kossuth tér 3-4.",S,R
50437351,MKKBHUHB,MBH Bank Nyrt.,"2712 Nyársapát, József Attila út 176.",S,R
50437368,MKKBHUHB,MBH Bank Nyrt.,"2747 Törtel, Dózsa György út 8.",S,R
50437375,MKKBHUHB,MBH Bank Nyrt.,"2747 Törtel, Dózsa György út 8.",S,R
50437382,MKKBHUHB,MBH Bank Nyrt.,"2750 Nagykőrös, Rákóczi utca 1.",S,R
50437399,MKKBHUHB,MBH Bank Nyrt.,"2750 Nagykőrös, Rákóczi utca 1.",S,R
50437409,MKKBHUHB,MBH Bank Nyrt.,"1144 Budapest, Zalán utca 23",S,R
50437416,MKKBHUHB,MBH Bank Nyrt.,"2377 Örkény, Kossuth  Lajos utca 34/A",S,R
50437423,MKKBHUHB,MBH Bank Nyrt.,"2377 Örkény, Kossuth Lajos utca 34/A",S,R
50437430,MKKBHUHB,MBH Bank Nyrt.,"2376 Hernád, Köztársaság út 47/B",S,R
50437447,MKKBHUHB,MBH Bank Nyrt.,"2365 Inárcs, Széchenyi István út 4.",S,R
50437454,MKKBHUHB,MBH Bank Nyrt.,"2364 Ócsa, Falu Tamás utca 65.",S,R
50437461,MKKBHUHB,MBH Bank Nyrt.,"2367 Újhartyán, Újsor utca 1.",S,R
50437478,MKKBHUHB,MBH Bank Nyrt.,"2367 Újhartyán, Újsor utca 1.",S,R
50437485,MKKBHUHB,MBH Bank Nyrt.,"2366 Kakucs, Sastelep utca 1.",S,R
50437492,MKKBHUHB,MBH Bank Nyrt.,"2377 Örkény, Kossuth Lajos utca 34/A",S,R
50437502,MKKBHUHB,MBH Bank Nyrt.,"2377 Örkény, Kossuth Lajos utca 34/A",S,R
50437519,MKKBHUHB,MBH Bank Nyrt.,"2364 Ócsa, Falu Tamás utca 65.",S,R
50437526,MKKBHUHB,MBH Bank Nyrt.,"6050 Lajosmizse, Szabadság tér 10.",S,R
50437533,MKKBHUHB,MBH Bank Nyrt.,"6050 Lajosmizse, Szabadság tér 10.",S,R
50437540,MKKBHUHB,MBH Bank Nyrt.,"6000 Kecskemét, Izsáki út 70.",S,R
50437557,MKKBHUHB,MBH Bank Nyrt.,"2316 Tököl, József Attila utca 24.",S,R
50437564,MKKBHUHB,MBH Bank Nyrt.,"1117 Budapest, Magyar  Tudósok körútja 9.G.épület",S,R
50437571,MKKBHUHB,MBH Bank Nyrt.,"2377 Örkény, Kossuth  Lajos utca 34/A",S,R
50437588,MKKBHUHB,MBH Bank Nyrt.,"1117 Budapest, Magyar Tudósok körútja 9.G.épület",S,R
50438008,MKKBHUHB,MBH Bank Nyrt.,"7150 Bonyhád, Szabadság tér 9.",S,R
50438015,MKKBHUHB,MBH Bank Nyrt.,"7181 Tevel, Fő utca 396.",S,R
50438022,MKKBHUHB,MBH Bank Nyrt.,"7100 Szekszárd, Széchenyi utca 62.",S,R
50438039,MKKBHUHB,MBH Bank Nyrt.,"7181 Tevel, Fő utca 396.",S,R
50438046,MKKBHUHB,MBH Bank Nyrt.,"7300 Komló, Városház tér 5.",S,R
50438053,MKKBHUHB,MBH Bank Nyrt.,"7349 Szászvár, Május 1. tér 5.",S,R
50438060,MKKBHUHB,MBH Bank Nyrt.,"7342 Mágocs, Szabadság utca 23.",S,R
50438077,MKKBHUHB,MBH Bank Nyrt.,"7370 Sásd, Rákóczi Ferenc utca 26.",S,R
50438084,MKKBHUHB,MBH Bank Nyrt.,"7370 Sásd, Rákóczi  Ferenc utca 26.",S,R
50438091,MKKBHUHB,MBH Bank Nyrt.,"7200 Dombóvár, Hunyadi tér 42.",S,R
50438101,MKKBHUHB,MBH Bank Nyrt.,"7370 Sásd, Rákóczi  Ferenc utca 26.",S,R
50438118,MKKBHUHB,MBH Bank Nyrt.,"7342 Mágocs, Szabadság utca 23.",S,R
50438125,MKKBHUHB,MBH Bank Nyrt.,"7349 Szászvár, Május 1. tér 5.",S,R
50438132,MKKBHUHB,MBH Bank Nyrt.,"7720 Pécsvárad, Kossuth Lajos utca 30.",S,R
50438149,MKKBHUHB,MBH Bank Nyrt.,"7200 Dombóvár, Hunyadi tér 42.",S,R
50438156,MKKBHUHB,MBH Bank Nyrt.,"7150 Bonyhád, Szabadság tér 9.",S,R
50438163,MKKBHUHB,MBH Bank Nyrt.,"7150 Bonyhád, Szabadság tér 9.",S,R
50438170,MKKBHUHB,MBH Bank Nyrt.,"7349 Szászvár, Május 1. tér 5.",S,R
50438187,MKKBHUHB,MBH Bank Nyrt.,"7150 Bonyhád, Szabadság tér 9.",S,R
50438194,MKKBHUHB,MBH Bank Nyrt.,"7090 Tamási, Szabadság utca 41/b.",S,R
50438204,MKKBHUHB,MBH Bank Nyrt.,"7090 Tamási, Szabadság utca 41/b.",S,R
50438211,MKKBHUHB,MBH Bank Nyrt.,"7191 Hőgyész, Fő utca 14.",S,R
50438228,MKKBHUHB,MBH Bank Nyrt.,"7090 Tamási, Szabadság utca 41/b.",S,R
50438235,MKKBHUHB,MBH Bank Nyrt.,"7622 Pécs, Bajcsy-Zsilinszky utca 7.",S,R
50438242,MKKBHUHB,MBH Bank Nyrt.,"7622 Pécs, Bajcsy-Zsilinszky utca 7.",S,R
50438259,MKKBHUHB,MBH Bank Nyrt.,"7140 Bátaszék, Budai utca 24.",S,R
50438266,MKKBHUHB,MBH Bank Nyrt.,"7140 Bátaszék, Budai utca 24.",S,R
50438273,MKKBHUHB,MBH Bank Nyrt.,"7144 Decs, Dr.  Pilissy  Elemér utca 3/B",S,R
50438280,MKKBHUHB,MBH Bank Nyrt.,"7100 Szekszárd, Széchenyi utca 62.",S,R
50438297,MKKBHUHB,MBH Bank Nyrt.,"7130 Tolna, Deák Ferenc utca 4.",S,R
50438307,MKKBHUHB,MBH Bank Nyrt.,"7100 Szekszárd, Széchenyi utca 62.",S,R
50438314,MKKBHUHB,MBH Bank Nyrt.,"7130 Tolna, Deák Ferenc utca 4.",S,R
50438321,MKKBHUHB,MBH Bank Nyrt.,"7130 Tolna, Deák Ferenc utca 4.",S,R
50438338,MKKBHUHB,MBH Bank Nyrt.,"7130 Tolna, Deák Ferenc utca 4.",S,R
50438345,MKKBHUHB,MBH Bank Nyrt.,"7130 Tolna, Deák Ferenc utca 4.",S,R
50438352,MKKBHUHB,MBH Bank Nyrt.,"7150 Bonyhád, Szabadság tér 9.",S,R
50438369,MKKBHUHB,MBH Bank Nyrt.,"7150 Bonyhád, Szabadság tér 9.",S,R
50438376,MKKBHUHB,MBH Bank Nyrt.,"7173 Zomba, Fő tér 5.",S,R
50438383,MKKBHUHB,MBH Bank Nyrt.,"7173 Zomba, Fő tér 5.",S,R
50438390,MKKBHUHB,MBH Bank Nyrt.,"7100 Szekszárd, Széchenyi utca 62.",S,R
50438400,MKKBHUHB,MBH Bank Nyrt.,"7191 Hőgyész, Fő utca 14.",S,R
50438417,MKKBHUHB,MBH Bank Nyrt.,"7173 Zomba, Fő tér 5.",S,R
50438424,MKKBHUHB,MBH Bank Nyrt.,"7100 Szekszárd, Széchenyi utca 62",S,R
50438431,MKKBHUHB,MBH Bank Nyrt.,"7090 Tamási, Szabadság utca 41/b.",S,R
50438448,MKKBHUHB,MBH Bank Nyrt.,"7090 Tamási, Szabadság utca 41/b.",S,R
50438455,MKKBHUHB,MBH Bank Nyrt.,"7090 Tamási, Szabadság utca 41/b.",S,R
50438462,MKKBHUHB,MBH Bank Nyrt.,"7090 Tamási, Szabadság utca 41/b.",S,R
50438479,MKKBHUHB,MBH Bank Nyrt.,"7200 Dombóvár, Hunyadi tér 42.",S,R
50438486,MKKBHUHB,MBH Bank Nyrt.,"7200 Dombóvár, Hunyadi tér 42.",S,R
50438493,MKKBHUHB,MBH Bank Nyrt.,"7200 Dombóvár, Hunyadi tér 42.",S,R
50438503,MKKBHUHB,MBH Bank Nyrt.,"7200 Dombóvár, Hunyadi tér 42.",S,R
50438510,MKKBHUHB,MBH Bank Nyrt.,"7090 Tamási, Szabadság utca 41/b.",S,R
50438527,MKKBHUHB,MBH Bank Nyrt.,"2400 Dunaújváros, Vasmű út 7.",S,R
50438534,MKKBHUHB,MBH Bank Nyrt.,"7200 Dombóvár, Hunyadi tér 42.",S,R
50438541,MKKBHUHB,MBH Bank Nyrt.,"7020 Dunaföldvár, Fehérvári utca 4.",S,R
50438558,MKKBHUHB,MBH Bank Nyrt.,"7030 Paks, Táncsics  Mihály utca 4.",S,R
50438565,MKKBHUHB,MBH Bank Nyrt.,"7039 Németkér, Széchenyi utca 43.",S,R
50438572,MKKBHUHB,MBH Bank Nyrt.,"7030 Paks, Táncsics  Mihály utca 4.",S,R
50438589,MKKBHUHB,MBH Bank Nyrt.,"2400 Dunaújváros, Vasmű út 7.",S,R
50438596,MKKBHUHB,MBH Bank Nyrt.,"7030 Paks, Táncsics Mihály utca 4.",S,R
50438606,MKKBHUHB,MBH Bank Nyrt.,"7030 Paks, Táncsics  Mihály utca 4.",S,R
50438613,MKKBHUHB,MBH Bank Nyrt.,"7100 Szekszárd, Széchenyi utca 62.",S,R
50438620,MKKBHUHB,MBH Bank Nyrt.,"7191 Hőgyész, Fő utca 14.",S,R
50438637,MKKBHUHB,MBH Bank Nyrt.,"7191 Hőgyész, Fő utca 14.",S,R
50438644,MKKBHUHB,MBH Bank Nyrt.,"7100 Szekszárd, Széchenyi utca 62.",S,R
50438651,MKKBHUHB,MBH Bank Nyrt.,"7132 Bogyiszló, Kossuth utca 30/A.",S,R
50438668,MKKBHUHB,MBH Bank Nyrt.,"2400 Dunaújváros, Vasmű út 7.",S,R
50438675,MKKBHUHB,MBH Bank Nyrt.,"7044 Nagydorog, Kossuth utca 52.",S,R
50438682,MKKBHUHB,MBH Bank Nyrt.,"7044 Nagydorog, Kossuth utca 52.",S,R
50438699,MKKBHUHB,MBH Bank Nyrt.,"7044 Nagydorog, Kossuth utca 52.",S,R
50438709,MKKBHUHB,MBH Bank Nyrt.,"7044 Nagydorog, Kossuth utca 52.",S,R
50438716,MKKBHUHB,MBH Bank Nyrt.,"7044 Nagydorog, Kossuth utca 52.",S,R
50438723,MKKBHUHB,MBH Bank Nyrt.,"2400 Dunaújváros, Vasmű út 7.",S,R
50438730,MKKBHUHB,MBH Bank Nyrt.,"1117 Budapest, Magyar Tudósok körútja 9.G.épület",S,R
50440016,MKKBHUHB,MBH Bank Nyrt.,"1117 Budapest, Magyar Tudósok körútja 9.G.épület",S,R
50440023,MKKBHUHB,MBH Bank Nyrt.,"1117 Budapest, Magyar Tudósok körútja 9.G.épület",S,R
50450008,MKKBHUHB,MBH Bank Nyrt.,"1117 Budapest, Magyar  Tudósok körútja 9.G.épület",S,R
50453018,MKKBHUHB,MBH Bank Nyrt.,"6000 Kecskemét, Bercsényi utca 7",S,R
50453025,MKKBHUHB,MBH Bank Nyrt.,"8000 Székesfehérvár, Koronázó tér 2",S,R
50453032,MKKBHUHB,MBH Bank Nyrt.,"1132 Budapest, Váci út 6.",S,R
50453049,MKKBHUHB,MBH Győr ETO Park,"9021 Győr, Nagysándor József utca 31.",S,R
50453056,MKKBHUHB,MBH Bank Nyrt.,"7400 Kaposvár, Fő út 51.",S,R
50453063,MKKBHUHB,MBH Bank Nyrt.,"3527 Miskolc, Ady Endre utca 16",S,R
50453070,MKKBHUHB,MBH Bank Nyrt.,"4026 Debrecen, Bethlen G. utca 6-8.",S,R
50453087,MKKBHUHB,MBH Bank Nyrt.,"6720 Szeged, Széchenyi tér 3",S,R
50453094,MKKBHUHB,MBH Bank Nyrt.,"7622 Pécs, Bajcsy-Zsilinszky utca 7.",S,R
50453104,MKKBHUHB,MBH Bank Nyrt.,"4400 Nyíregyháza, Dózsa György út 11",S,R
50453111,MKKBHUHB,MBH Bank Nyrt.,"8900 Zalaegerszeg, Dísz tér 7",S,R
50453128,MKKBHUHB,MBH Bank Nyrt.,"5000 Szolnok, Nagy Imre körút 10/a.",S,R
50453135,MKKBHUHB,MBH Bank Nyrt.,"5600 Békéscsaba, Hunyadi tér 10",S,R
50453159,MKKBHUHB,MBH Bank Nyrt.,"8200 Veszprém, Cserhát lakótelep 7",S,R
50453166,MKKBHUHB,MBH Bank Nyrt.,"2800 Tatabánya, Dózsa György út 56.",S,R
50453173,MKKBHUHB,MBH Bank Nyrt.,"3300 Eger, Dr. Sándor Imre utca 4",S,R
50453180,MKKBHUHB,MBH Bank Nyrt.,"3100 Salgótarján, Erzsébet tér 7",S,R
50453197,MKKBHUHB,MBH Bank Nyrt.,"9700 Szombathely, Petőfi Sándor utca 16",S,R
50453207,MKKBHUHB,MBH Bank Nyrt.,"7100 Szekszárd, Széchenyi utca 62.",S,R
50453214,MKKBHUHB,MBH Bank Nyrt.,"1015 Budapest, Hattyú utca 18.",S,R
50453221,MKKBHUHB,MBH Bank Nyrt.,"1033 Budapest, Flórián tér 4-5.",S,R
50453238,MKKBHUHB,MBH Bank Nyrt.,"1043 Budapest, Árpád út 45",S,R
50453290,MKKBHUHB,MBH Bank Nyrt.,"1113 Budapest, Villányi út 20.",S,R
50453331,MKKBHUHB,MBH Bank Nyrt.,"1082 Budapest, Üllői út 48.",S,R
50453348,MKKBHUHB,MBH Bank Nyrt.,"1181 Budapest, Üllői út 399.",S,R
50453379,MKKBHUHB,MBH Bank Nyrt.,"1211 Budapest, Kossuth  Lajos utca 47-49.",S,R
50453465,MKKBHUHB,MBH Bank Nyrt.,"1117 Budapest, Magyar Tudósok körútja 9.G.épület",S,R
50453472,MKKBHUHB,MBH Bank Nyrt.,"1117 Budapest, Magyar Tudósok körútja 9.G.épület",S,R
50453506,MKKBHUHB,MBH Bank Nyrt.,"1117 Budapest, Magyar Tudósok körútja 9.G.épület",S,R
50453575,MKKBHUHB,MBH Bank Nyrt.,"9400 Sopron, Batsányi utca 2.",S,R
50453599,MKKBHUHB,MBH Bank Nyrt.,"1117 Budapest, Magyar Tudósok körútja 9.G.épület",S,R
50453623,MKKBHUHB,MBH Bank Nyrt.,"1117 Budapest, Magyar Tudósok körútja 9.G.épület",S,R
50453647,MKKBHUHB,MBH Bank Nyrt.,"1117 Budapest, Magyar Tudósok körútja 9.G.épület",S,R
50453654,MKKBHUHB,MBH Bank Nyrt.,"1117 Budapest, Magyar Tudósok körútja 9.G.épület",S,R
50453702,MKKBHUHB,MBH Bank Nyrt.,"1117 Budapest, Magyar Tudósok körútja 9.G.épület",S,R
50453922,MKKBHUHB,MBH Bank Nyrt.,"1132 Budapest, Váci út 20",S,R
50453939,MKKBHUHB,MBH Bank Nyrt.,"1082 Budapest, Üllői út 48.",S,R
50457775,MKKBHUHB,MBH Bank Nyrt.,"1117 Budapest, Magyar  Tudósok körútja 9.G.épület",S,R
50460007,MKKBHUHB,MBH Bank Nyrt.,"6133 Jászszentlászló, Alkotmány utca 2/A",S,R
50460014,MKKBHUHB,MBH Bank Nyrt.,"6120 Kiskunmajsa, Fő utca 57.",S,R
50460021,MKKBHUHB,MBH Bank Nyrt.,"6120 Kiskunmajsa, Fő utca 57.",S,R
50460038,MKKBHUHB,MBH Bank Nyrt.,"6100 Kiskunfélegyháza, Fekete  Pál sétány 2.",S,R
50460045,MKKBHUHB,MBH Bank Nyrt.,"6120 Kiskunmajsa, Fő utca 57.",S,R
50460052,MKKBHUHB,MBH Bank Nyrt.,"6120 Kiskunmajsa, Fő utca 57.",S,R
50460069,MKKBHUHB,MBH Bank Nyrt.,"6100 Kiskunfélegyháza, Fekete Pál sétány 2.",S,R
50460076,MKKBHUHB,MBH Bank Nyrt.,"6120 Kiskunmajsa, Fő utca 57.",S,R
50460083,MKKBHUHB,MBH Bank Nyrt.,"6449 Mélykút, Petőfi tér 3.",S,R
50460090,MKKBHUHB,MBH Bank Nyrt.,"6100 Kiskunfélegyháza, Fekete Pál sétány 2.",S,R
50460100,MKKBHUHB,MBH Bank Nyrt.,"6000 Kecskemét, Szabadság tér 3.",S,R
50460117,MKKBHUHB,MBH Bank Nyrt.,"6041 Kerekegyháza, Fő utca 82/a",S,R
50460124,MKKBHUHB,MBH Bank Nyrt.,"6000 Kecskemét, Szabadság tér 3",S,R
50460131,MKKBHUHB,MBH Bank Nyrt.,"6050 Lajosmizse, Szabadság tér 10.",S,R
50460148,MKKBHUHB,MBH Bank Nyrt.,"6090 Kunszentmiklós, Kálvin tér 11.",S,R
50460155,MKKBHUHB,MBH Bank Nyrt.,"6000 Kecskemét, Széchenyi sétány 5/a.",S,R
50460162,MKKBHUHB,MBH Bank Nyrt.,"6050 Lajosmizse, Szabadság tér 10.",S,R
50460179,MKKBHUHB,MBH Bank Nyrt.,"6066 Tiszaalpár, Alkotmány utca 10.",S,R
50460186,MKKBHUHB,MBH Bank Nyrt.,"6060 Tiszakécske, Szent Imre tér 3.",S,R
50460193,MKKBHUHB,MBH Bank Nyrt.,"6000 Kecskemét, Szabadság tér 3",S,R
50460203,MKKBHUHB,MBH Bank Nyrt.,"2300 Ráckeve, Kossuth Lajos utca 32.",S,R
50460210,MKKBHUHB,MBH Bank Nyrt.,"2336 Dunavarsány, Kossuth Lajos utca 38.",S,R
50460227,MKKBHUHB,MBH Bank Nyrt.,"6500 Baja, Szentháromság tér 7.",S,R
50460234,MKKBHUHB,MBH Bank Nyrt.,"2300 Ráckeve, Kossuth  Lajos utca 32.",S,R
50460241,MKKBHUHB,MBH Bank Nyrt.,"2300 Ráckeve, Kossuth  Lajos utca 32.",S,R
50460258,MKKBHUHB,MBH Bank Nyrt.,"2315 Szigethalom, Mű út 73/H",S,R
50460265,MKKBHUHB,MBH Bank Nyrt.,"1211 Budapest, Kossuth Lajos utca 47-49.",S,R
50460272,MKKBHUHB,MBH Bank Nyrt.,"2300 Ráckeve, Kossuth Lajos utca 32.",S,R
50460289,MKKBHUHB,MBH Bank Nyrt.,"2300 Ráckeve, Kossuth  Lajos utca 32.",S,R
50460296,MKKBHUHB,MBH Bank Nyrt.,"6000 Kecskemét, Szabadság tér 3",S,R
50460306,MKKBHUHB,MBH Bank Nyrt.,"6400 Kiskunhalas, Kossuth utca 4.",S,R
50460313,MKKBHUHB,MBH Bank Nyrt.,"6230 Soltvadkert, Ifjúság útja 4.",S,R
50460320,MKKBHUHB,MBH Bank Nyrt.,"6230 Soltvadkert, Ifjúság útja 4.",S,R
50460337,MKKBHUHB,MBH Bank Nyrt.,"6200 Kiskőrös, Petőfi Sándor tér 10-11.",S,R
50460344,MKKBHUHB,MBH Bank Nyrt.,"6230 Soltvadkert, Ifjúság útja 4.",S,R
50460351,MKKBHUHB,MBH Bank Nyrt.,"6400 Kiskunhalas, Kossuth utca 4.",S,R
50460368,MKKBHUHB,MBH Bank Nyrt.,"6230 Soltvadkert, Ifjúság útja 4.",S,R
50460375,MKKBHUHB,MBH Bank Nyrt.,"6328 Dunapataj, Ordasi utca 26.",S,R
50460382,MKKBHUHB,MBH Bank Nyrt.,"6334 Géderlak, Kossuth utca 66.",S,R
50460399,MKKBHUHB,MBH Bank Nyrt.,"6300 Kalocsa, Hunyadi utca 47-49.",S,R
50460409,MKKBHUHB,MBH Bank Nyrt.,"6300 Kalocsa, Hunyadi utca 47-49.",S,R
50460416,MKKBHUHB,MBH Bank Nyrt.,"6334 Géderlak, Kossuth utca 66.",S,R
50460423,MKKBHUHB,MBH Bank Nyrt.,"6300 Kalocsa, Hunyadi utca 47-49.",S,R
50460430,MKKBHUHB,MBH Bank Nyrt.,"6336 Szakmár, Árpád utca 5/A.",S,R
50460447,MKKBHUHB,MBH Bank Nyrt.,"6320 Solt, Posta utca 14.",S,R
50460454,MKKBHUHB,MBH Bank Nyrt.,"6087 Dunavecse, Fő út 26.",S,R
50460461,MKKBHUHB,MBH Bank Nyrt.,"7020 Dunaföldvár, Fehérvári utca 4.",S,R
50460478,MKKBHUHB,MBH Bank Nyrt.,"6087 Dunavecse, Fő út 26.",S,R
50460485,MKKBHUHB,MBH Bank Nyrt.,"6070 Izsák, Szabadság tér 10.",S,R
50460492,MKKBHUHB,MBH Bank Nyrt.,"6133 Jászszentlászló, Alkotmány utca 2/a",S,R
50460502,MKKBHUHB,MBH Bank Nyrt.,"6133 Jászszentlászló, Alkotmány utca 2/a",S,R
50460519,MKKBHUHB,MBH Bank Nyrt.,"6100 Kiskunfélegyháza, Fekete  Pál sétány 2.",S,R
50460526,MKKBHUHB,MBH Bank Nyrt.,"6100 Kiskunfélegyháza, Fekete Pál sétány 2.",S,R
50460533,MKKBHUHB,MBH Bank Nyrt.,"6100 Kiskunfélegyháza, Fekete  Pál sétány 2.",S,R
50460540,MKKBHUHB,MBH Bank Nyrt.,"6000 Kecskemét, Szabadság tér 3.",S,R
50460557,MKKBHUHB,MBH Bank Nyrt.,"6100 Kiskunfélegyháza, Fekete Pál sétány 2.",S,R
50460564,MKKBHUHB,MBH Bank Nyrt.,"6000 Kecskemét, Szabadság tér 3",S,R
50460571,MKKBHUHB,MBH Bank Nyrt.,"6000 Kecskemét, Szabadság tér 3",S,R
50460588,MKKBHUHB,MBH Bank Nyrt.,"6326 Harta, Kossuth  Lajos utca 31.",S,R
50460595,MKKBHUHB,MBH Bank Nyrt.,"1117 Budapest, Magyar Tudósok körútja 9.G.épület",S,R
50460605,MKKBHUHB,MBH Bank Nyrt.,"6065 Lakitelek, Liget utca 2.",S,R
50460612,MKKBHUHB,MBH Bank Nyrt.,"6065 Lakitelek, Liget utca 2.",S,R
50460629,MKKBHUHB,MBH Bank Nyrt.,"6065 Lakitelek, Liget utca 2.",S,R
50460636,MKKBHUHB,MBH Bank Nyrt.,"6000 Kecskemét, Dobó körút 15.",S,R
50460643,MKKBHUHB,MBH Bank Nyrt.,"6000 Kecskemét, Dobó körút 15.",S,R
50460650,MKKBHUHB,MBH Bank Nyrt.,"6345 Nemesnádudvar, Petőfi utca 41//b",S,R
50460667,MKKBHUHB,MBH Bank Nyrt.,"6347 Érsekcsanád, Dózsa György utca 78.",S,R
50460674,MKKBHUHB,MBH Bank Nyrt.,"6346 Sükösd, Dózsa György utca 165",S,R
50460681,MKKBHUHB,MBH Bank Nyrt.,"6353 Dusnok, Tulipán utca 6/b.",S,R
50460698,MKKBHUHB,MBH Bank Nyrt.,"6400 Kiskunhalas, Kossuth utca 4.",S,R
50460708,MKKBHUHB,MBH Bank Nyrt.,"6449 Mélykút, Petőfi tér 3.",S,R
50460715,MKKBHUHB,MBH Bank Nyrt.,"6440 Jánoshalma, Dózsa  György utca 82.",S,R
50460722,MKKBHUHB,MBH Bank Nyrt.,"6400 Kiskunhalas, Kossuth utca 4.",S,R
50460739,MKKBHUHB,MBH Bank Nyrt.,"6400 Kiskunhalas, Kossuth utca 4.",S,R
50460746,MKKBHUHB,MBH Bank Nyrt.,"6430 Bácsalmás, Gróf Teleki József utca 2.",S,R
50460753,MKKBHUHB,MBH Bank Nyrt.,"6453 Bácsbokod, Gróf Széchenyi István utca 85.",S,R
50460760,MKKBHUHB,MBH Bank Nyrt.,"6430 Bácsalmás, Gróf  Teleki  József utca 2.",S,R
50460777,MKKBHUHB,MBH Bank Nyrt.,"6456 Madaras, Dózsa  György utca 2.",S,R
50460784,MKKBHUHB,MBH Bank Nyrt.,"6430 Bácsalmás, Gróf  Teleki  József utca 2.",S,R
50460791,MKKBHUHB,MBH Bank Nyrt.,"6430 Bácsalmás, Gróf Teleki József utca 2.",S,R
50460801,MKKBHUHB,MBH Bank Nyrt.,"6430 Bácsalmás, Gróf  Teleki  József utca 2.",S,R
50460818,MKKBHUHB,MBH Bank Nyrt.,"6500 Baja, Szentháromság tér 7.",S,R
50460825,MKKBHUHB,MBH Bank Nyrt.,"6500 Baja, Szentháromság tér 7.",S,R
50460832,MKKBHUHB,MBH Bank Nyrt.,"6525 Hercegszántó, Albert  Flórián tér 2/b.",S,R
50460849,MKKBHUHB,MBH Bank Nyrt.,"6521 Vaskút, Alkotmány utca 3/A",S,R
50460856,MKKBHUHB,MBH Bank Nyrt.,"6521 Vaskút, Alkotmány utca 3/A",S,R
50460863,MKKBHUHB,MBH Bank Nyrt.,"6500 Baja, Szentháromság tér 7.",S,R
50460870,MKKBHUHB,MBH Bank Nyrt.,"6525 Hercegszántó, Albert Flórián tér 2/b.",S,R
50460887,MKKBHUHB,MBH Bank Nyrt.,"6500 Baja, Szentháromság tér 7.",S,R
50460894,MKKBHUHB,MBH Bank Nyrt.,"6500 Baja, Szentháromság tér 7.",S,R
50460904,MKKBHUHB,MBH Bank Nyrt.,"6500 Baja, Szentháromság tér 7.",S,R
50460911,MKKBHUHB,MBH Bank Nyrt.,"6440 Jánoshalma, Dózsa  György utca 82.",S,R
50460928,MKKBHUHB,MBH Bank Nyrt.,"6453 Bácsbokod, Gróf Széchenyi István utca 85.",S,R
50460935,MKKBHUHB,MBH Bank Nyrt.,"6440 Jánoshalma, Dózsa György utca 82.",S,R
50460942,MKKBHUHB,MBH Bank Nyrt.,"6453 Bácsbokod, Gróf Széchenyi István utca 85.",S,R
50460959,MKKBHUHB,MBH Bank Nyrt.,"6447 Felsőszentiván, Szabadság utca 9.",S,R
50460966,MKKBHUHB,MBH Bank Nyrt.,"6500 Baja, Szentháromság tér 7.",S,R
50460973,MKKBHUHB,MBH Bank Nyrt.,"6400 Kiskunhalas, Kossuth utca 4.",S,R
50460980,MKKBHUHB,MBH Bank Nyrt.,"6344 Hajós, Rózsa utca 2.",S,R
50460997,MKKBHUHB,MBH Bank Nyrt.,"6300 Kalocsa, Hunyadi utca 47-49.",S,R
50461008,MKKBHUHB,MBH Bank Nyrt.,"6341 Homokmégy, Kossuth utca 39.",S,R
50461015,MKKBHUHB,MBH Bank Nyrt.,"6353 Dusnok, Tulipán utca 6/b.",S,R
50461022,MKKBHUHB,MBH Bank Nyrt.,"6300 Kalocsa, Hunyadi utca 47-49.",S,R
50461039,MKKBHUHB,MBH Bank Nyrt.,"6344 Hajós, Rózsa utca 2.",S,R
50461046,MKKBHUHB,MBH Bank Nyrt.,"6300 Kalocsa, Hunyadi utca 47-49.",S,R
50461053,MKKBHUHB,MBH Bank Nyrt.,"6080 Szabadszállás, Kálvin tér 2.",S,R
50461060,MKKBHUHB,MBH Bank Nyrt.,"6222 Csengőd, Dózsa  György utca 69.",S,R
50461077,MKKBHUHB,MBH Bank Nyrt.,"6222 Csengőd, Dózsa György utca 69.",S,R
50461084,MKKBHUHB,MBH Bank Nyrt.,"6221 Akasztó, Fő utca 53.",S,R
50461091,MKKBHUHB,MBH Bank Nyrt.,"6200 Kiskőrös, Petőfi  Sándor tér 10-11.",S,R
50461101,MKKBHUHB,MBH Bank Nyrt.,"6200 Kiskőrös, Petőfi  Sándor tér 10-11.",S,R
50461118,MKKBHUHB,MBH Bank Nyrt.,"6200 Kiskőrös, Petőfi Sándor tér 10-11.",S,R
50461125,MKKBHUHB,MBH Bank Nyrt.,"6237 Kecel, Fő tér 8.",S,R
50461132,MKKBHUHB,MBH Bank Nyrt.,"6237 Kecel, Fő tér 8.",S,R
50461149,MKKBHUHB,MBH Bank Nyrt.,"6000 Kecskemét, Szabadság tér 3",S,R
50461156,MKKBHUHB,MBH Bank Nyrt.,"6000 Kecskemét, Szabadság tér 3",S,R
50461163,MKKBHUHB,MBH Bank Nyrt.,"6237 Kecel, Fő tér 8.",S,R
50461170,MKKBHUHB,MBH Bank Nyrt.,"6070 Izsák, Szabadság tér 10.",S,R
50461187,MKKBHUHB,MBH Bank Nyrt.,"6000 Kecskemét, Dobó körút 15.",S,R
50461194,MKKBHUHB,MBH Bank Nyrt.,"6080 Szabadszállás, Kálvin tér 2.",S,R
50461204,MKKBHUHB,MBH Bank Nyrt.,"6098 Tass, Széchenyi körút 75.",S,R
50461211,MKKBHUHB,MBH Bank Nyrt.,"6090 Kunszentmiklós, Kálvin tér 11.",S,R
50461228,MKKBHUHB,MBH Bank Nyrt.,"6090 Kunszentmiklós, Kálvin tér 11.",S,R
50461235,MKKBHUHB,MBH Bank Nyrt.,"6000 Kecskemét, Dobó körút 15.",S,R
50461242,MKKBHUHB,MBH Bank Nyrt.,"1117 Budapest, Magyar Tudósok körútja 9.G.épület",S,R
50462009,MKKBHUHB,MBH Bank Nyrt.,"3441 Mezőkeresztes, Dózsa György utca 37",S,R
50462016,MKKBHUHB,MBH Bank Nyrt.,"3400 Mezőkövesd, Mátyás  király út 70.",S,R
50462023,MKKBHUHB,MBH Bank Nyrt.,"3422 Bükkábrány, Mátyás király utca 15.",S,R
50462030,MKKBHUHB,MBH Bank Nyrt.,"3400 Mezőkövesd, Mátyás  király út 70.",S,R
50462047,MKKBHUHB,MBH Bank Nyrt.,"3441 Mezőkeresztes, Dózsa György utca 37",S,R
50462054,MKKBHUHB,MBH Bank Nyrt.,"3422 Bükkábrány, Mátyás  király utca 15.",S,R
50462061,MKKBHUHB,MBH Bank Nyrt.,"3400 Mezőkövesd, Mátyás kir. utca 70.",S,R
50462078,MKKBHUHB,MBH Bank Nyrt.,"3422 Bükkábrány, Mátyás király utca 15.",S,R
50462085,MKKBHUHB,MBH Bank Nyrt.,"3528 Miskolc, Gutenberg utca 1.",S,R
50462092,MKKBHUHB,MBH Bank Nyrt.,"3528 Miskolc, Gutenberg utca 1.",S,R
50462102,MKKBHUHB,MBH Bank Nyrt.,"3441 Mezőkeresztes, Dózsa György utca 37",S,R
50462119,MKKBHUHB,MBH Bank Nyrt.,"3441 Mezőkeresztes, Dózsa György utca 37",S,R
50462126,MKKBHUHB,MBH Bank Nyrt.,"3422 Bükkábrány, Mátyás  király utca 15.",S,R
50462133,MKKBHUHB,MBH Bank Nyrt.,"3441 Mezőkeresztes, Dózsa György utca 37",S,R
50462140,MKKBHUHB,MBH Bank Nyrt.,"3422 Bükkábrány, Mátyás  király utca 15.",S,R
50462157,MKKBHUHB,MBH Bank Nyrt.,"1117 Budapest, Magyar  Tudósok körútja 9.G.épület",S,R
50462164,MKKBHUHB,MBH Bank Nyrt.,"3450 Mezőcsát, Kossuth utca 7.",S,R
50462171,MKKBHUHB,MBH Bank Nyrt.,"3434 Mályi, Fő utca 18.",S,R
50462188,MKKBHUHB,MBH Bank Nyrt.,"3527 Miskolc, Ady Endre utca 16.",S,R
50462195,MKKBHUHB,MBH Bank Nyrt.,"3561 Felsőzsolca, Kassai utca 28.",S,R
50462205,MKKBHUHB,MBH Bank Nyrt.,"3561 Felsőzsolca, Kassai utca 28.",S,R
50462212,MKKBHUHB,MBH Bank Nyrt.,"3561 Felsőzsolca, Kassai utca 28.",S,R
50462229,MKKBHUHB,MBH Bank Nyrt.,"3561 Felsőzsolca, Kassai utca 28.",S,R
50462236,MKKBHUHB,MBH Bank Nyrt.,"3527 Miskolc, Ady  Endre utca 16.",S,R
50462243,MKKBHUHB,MBH Bank Nyrt.,"3580 Tiszaújváros, Szent  István út 29/B.",S,R
50462250,MKKBHUHB,MBH Bank Nyrt.,"3527 Miskolc, Ady  Endre utca 16.",S,R
50462267,MKKBHUHB,MBH Bank Nyrt.,"3527 Miskolc, Ady Endre utca 16.",S,R
50462274,MKKBHUHB,MBH Bank Nyrt.,"3561 Felsőzsolca, Kassai utca 28.",S,R
50462281,MKKBHUHB,MBH Bank Nyrt.,"3770 Sajószentpéter, Kossuth út 179.",S,R
50462298,MKKBHUHB,MBH Bank Nyrt.,"3527 Miskolc, Ady Endre utca 16.",S,R
50462308,MKKBHUHB,MBH Bank Nyrt.,"3346 Bélapátfalva, Május 1 út 2/a.",S,R
50462315,MKKBHUHB,MBH Bank Nyrt.,"3346 Bélapátfalva, Május  1 út 2/a.",S,R
50462322,MKKBHUHB,MBH Bank Nyrt.,"1117 Budapest, Magyar Tudósok körútja 9.G.épület",S,R
50462339,MKKBHUHB,MBH Bank Nyrt.,"3346 Bélapátfalva, Május 1 út 2/a.",S,R
50462346,MKKBHUHB,MBH Bank Nyrt.,"3346 Bélapátfalva, Május  1 út 2/a.",S,R
50462353,MKKBHUHB,MBH Bank Nyrt.,"3700 Kazincbarcika, Egressy  Béni út 52.",S,R
50462360,MKKBHUHB,MBH Bank Nyrt.,"3300 Eger, Katona István tér 7-9.",S,R
50462377,MKKBHUHB,MBH Bank Nyrt.,"3360 Heves, Hunyadi  János utca 11-13.",S,R
50462384,MKKBHUHB,MBH Bank Nyrt.,"3346 Bélapátfalva, Május  1 út 2/a.",S,R
50462391,MKKBHUHB,MBH Bank Nyrt.,"3752 Szendrő, Hősök tere 2.",S,R
50462401,MKKBHUHB,MBH Bank Nyrt.,"3752 Szendrő, Hősök tere 2.",S,R
50462418,MKKBHUHB,MBH Bank Nyrt.,"3752 Szendrő, Hősök tere 2.",S,R
50462425,MKKBHUHB,MBH Bank Nyrt.,"3752 Szendrő, Hősök tere 2.",S,R
50462432,MKKBHUHB,MBH Bank Nyrt.,"3752 Szendrő, Hősök tere 2.",S,R
50462449,MKKBHUHB,MBH Bank Nyrt.,"1117 Budapest, Magyar  Tudósok körútja 9.G.épület",S,R
50462456,MKKBHUHB,MBH Bank Nyrt.,"3752 Szendrő, Hősök tere 2.",S,R
50462463,MKKBHUHB,MBH Bank Nyrt.,"3752 Szendrő, Hősök tere 2.",S,R
50462470,MKKBHUHB,MBH Bank Nyrt.,"3351 Verpelét, Szabadság tér 8/a.",S,R
50462487,MKKBHUHB,MBH Bank Nyrt.,"3351 Verpelét, Szabadság tér 8/a.",S,R
50462494,MKKBHUHB,MBH Bank Nyrt.,"3250 Pétervására, Szabadság tér 21.",S,R
50462504,MKKBHUHB,MBH Bank Nyrt.,"3394 Egerszalók, Sáfrány út 1.",S,R
50462511,MKKBHUHB,MBH Bank Nyrt.,"3300 Eger, Katona  István tér 7-9.",S,R
50462528,MKKBHUHB,MBH Bank Nyrt.,"3300 Eger, Katona  István tér 7-9.",S,R
50462535,MKKBHUHB,MBH Bank Nyrt.,"3300 Eger, Dr.  Sándor  Imre utca 4.",S,R
50462542,MKKBHUHB,MBH Bank Nyrt.,"3300 Eger, Katona István tér 7-9.",S,R
50462559,MKKBHUHB,MBH Bank Nyrt.,"3300 Eger, Katona  István tér 7-9.",S,R
50462566,MKKBHUHB,MBH Bank Nyrt.,"3300 Eger, Katona  István tér 7-9.",S,R
50462573,MKKBHUHB,MBH Bank Nyrt.,"3332 Sirok, Széchenyi út 1.",S,R
50462580,MKKBHUHB,MBH Bank Nyrt.,"3300 Eger, Katona István tér 7-9.",S,R
50462597,MKKBHUHB,MBH Bank Nyrt.,"3300 Eger, Katona István tér 7-9.",S,R
50462607,MKKBHUHB,MBH Bank Nyrt.,"3250 Pétervására, Szabadság tér 21.",S,R
50462614,MKKBHUHB,MBH Bank Nyrt.,"3250 Pétervására, Szabadság tér 21.",S,R
50462621,MKKBHUHB,MBH Bank Nyrt.,"1117 Budapest, Magyar Tudósok körútja 9.G.épület",S,R
50462638,MKKBHUHB,MBH Bank Nyrt.,"3250 Pétervására, Szabadság tér 21.",S,R
50462645,MKKBHUHB,MBH Bank Nyrt.,"3351 Verpelét, Szabadság tér 8/a.",S,R
50462652,MKKBHUHB,MBH Bank Nyrt.,"3300 Eger, Katona  István tér 7-9.",S,R
50462669,MKKBHUHB,MBH Bank Nyrt.,"3351 Verpelét, Szabadság tér 8/a.",S,R
50462676,MKKBHUHB,MBH Bank Nyrt.,"3300 Eger, Katona István tér 7-9.",S,R
50462683,MKKBHUHB,MBH Bank Nyrt.,"3060 Pásztó, Fő út 64.",S,R
50462690,MKKBHUHB,MBH Bank Nyrt.,"3182 Karancslapujtő, Rákóczi út 66.",S,R
50462700,MKKBHUHB,MBH Bank Nyrt.,"3047 Buják, Deréksor út 10.",S,R
50462717,MKKBHUHB,MBH Bank Nyrt.,"3100 Salgótarján, Klapka Gy. út 1.",S,R
50462724,MKKBHUHB,MBH Bank Nyrt.,"2688 Vanyarc, Sziráki út 1/a.",S,R
50462731,MKKBHUHB,MBH Bank Nyrt.,"2688 Vanyarc, Sziráki út 1/a.",S,R
50462748,MKKBHUHB,MBH Bank Nyrt.,"3070 Bátonyterenye, Ózdi út 47.",S,R
50462755,MKKBHUHB,MBH Bank Nyrt.,"1117 Budapest, Magyar Tudósok körútja 9.G.épület",S,R
50462762,MKKBHUHB,MBH Bank Nyrt.,"3070 Bátonyterenye, Ózdi út 47.",S,R
50462779,MKKBHUHB,MBH Bank Nyrt. Debrecen Plaza,"4025 Debrecen, Péterfia utca 18.",S,R
50462786,MKKBHUHB,MBH Bank Nyrt.,"3600 Ózd, Brassói út 1.",S,R
50462793,MKKBHUHB,MBH Bank Nyrt.,"3600 Ózd, Brassói út 1.",S,R
50462803,MKKBHUHB,MBH Bank Nyrt.,"3600 Ózd, Brassói út 1.",S,R
50462810,MKKBHUHB,MBH Bank Nyrt.,"3600 Ózd, Brassói út 1.",S,R
50462827,MKKBHUHB,MBH Bank Nyrt.,"3630 Putnok, Mohos sétány 2.",S,R
50462834,MKKBHUHB,MBH Bank Nyrt.,"3070 Bátonyterenye, Ózdi út 47.",S,R
50462841,MKKBHUHB,MBH Bank Nyrt.,"3100 Salgótarján, Klapka Gy. út 1.",S,R
50462858,MKKBHUHB,MBH Bank Nyrt.,"2191 Bag, Petőfi tér 14.",S,R
50462865,MKKBHUHB,MBH Bank Nyrt.,"3070 Bátonyterenye, Ózdi út 47.",S,R
50462872,MKKBHUHB,MBH Bank Nyrt.,"3731 Szuhakálló, Kossuth út 4.",S,R
50462889,MKKBHUHB,MBH Bank Nyrt.,"3700 Kazincbarcika, Egressy  Béni út 52.",S,R
50462896,MKKBHUHB,MBH Bank Nyrt.,"3731 Szuhakálló, Kossuth út 4.",S,R
50462906,MKKBHUHB,MBH Bank Nyrt.,"3700 Kazincbarcika, Egressy  Béni út 52.",S,R
50462913,MKKBHUHB,MBH Bank Nyrt.,"1117 Budapest, Magyar Tudósok körútja 9.G.épület",S,R
50462920,MKKBHUHB,MBH Bank Nyrt.,"3532 Miskolc, Vasgyári út 3.",S,R
50462937,MKKBHUHB,MBH Bank Nyrt.,"3700 Kazincbarcika, Egressy Béni út 52.",S,R
50462944,MKKBHUHB,MBH Bank Nyrt.,"3770 Sajószentpéter, Kossuth út 179.",S,R
50462951,MKKBHUHB,MBH Bank Nyrt.,"3731 Szuhakálló, Kossuth út 4.",S,R
50462968,MKKBHUHB,MBH Bank Nyrt.,"1117 Budapest, Magyar Tudósok körútja 9.G.épület",S,R
50462975,MKKBHUHB,MBH Bank Nyrt.,"1117 Budapest, Magyar Tudósok körútja 9.G.épület",S,R
50462982,MKKBHUHB,MBH Bank Nyrt.,"3731 Szuhakálló, Kossuth út 4.",S,R
50462999,MKKBHUHB,MBH Bank Nyrt.,"3623 Borsodszentgyörgy, Szentgyörgyi út 143.",S,R
50463000,MKKBHUHB,MBH Bank Nyrt.,"1117 Budapest, Magyar Tudósok körútja 9.G.épület",S,R
50463017,MKKBHUHB,MBH Bank Nyrt.,"3600 Ózd, Brassói út 1.",S,R
50463024,MKKBHUHB,MBH Bank Nyrt.,"1117 Budapest, Magyar Tudósok körútja 9.G.épület",S,R
50463031,MKKBHUHB,MBH Bank Nyrt.,"1117 Budapest, Magyar Tudósok körútja 9.G.épület",S,R
50463048,MKKBHUHB,MBH Bank Nyrt.,"3794 Boldva, Mátyás király út 76.",S,R
50463055,MKKBHUHB,MBH Bank Nyrt.,"3770 Sajószentpéter, Kossuth út 179.",S,R
50463062,MKKBHUHB,MBH Bank Nyrt.,"3780 Edelény, Tóth  Árpád út 5.",S,R
50463079,MKKBHUHB,MBH Bank Nyrt.,"3780 Edelény, Tóth  Árpád út 5.",S,R
50463086,MKKBHUHB,MBH Bank Nyrt.,"3780 Edelény, Tóth Árpád út 5.",S,R
50463093,MKKBHUHB,MBH Bank Nyrt.,"3711 Szirmabesenyő, Mátyás  király utca 9.",S,R
50463103,MKKBHUHB,MBH Bank Nyrt.,"3711 Szirmabesenyő, Mátyás  király utca 9.",S,R
50463110,MKKBHUHB,MBH Bank Nyrt.,"3527 Miskolc, Ady  Endre utca 16.",S,R
50463127,MKKBHUHB,MBH Bank Nyrt.,"3527 Miskolc, Ady  Endre utca 16.",S,R
50463134,MKKBHUHB,MBH Bank Nyrt.,"3527 Miskolc, Ady  Endre utca 16.",S,R
50463141,MKKBHUHB,MBH Bank Nyrt.,"3532 Miskolc, Vasgyári út 3.",S,R
50463158,MKKBHUHB,MBH Bank Nyrt.,"3527 Miskolc, Ady  Endre utca 16.",S,R
50463165,MKKBHUHB,MBH Bank Nyrt.,"3412 Bogács, Táncsics utca 2.",S,R
50463172,MKKBHUHB,MBH Bank Nyrt.,"3400 Mezőkövesd, Mátyás  király út 70.",S,R
50463189,MKKBHUHB,MBH Bank Nyrt.,"3400 Mezőkövesd, Mátyás  király út 70.",S,R
50463196,MKKBHUHB,MBH Bank Nyrt.,"3412 Bogács, Táncsics utca 2.",S,R
50463206,MKKBHUHB,MBH Bank Nyrt.,"3400 Mezőkövesd, Mátyás  király út 70.",S,R
50463213,MKKBHUHB,MBH Bank Nyrt.,"3400 Mezőkövesd, Mátyás  király út 70.",S,R
50463220,MKKBHUHB,MBH Bank Nyrt.,"3412 Bogács, Táncsics utca 2.",S,R
50463237,MKKBHUHB,MBH Bank Nyrt.,"3527 Miskolc, Ady  Endre utca 16.",S,R
50463244,MKKBHUHB,MBH Bank Nyrt.,"3580 Tiszaújváros, Szent  István út 29/B.",S,R
50463251,MKKBHUHB,MBH Bank Nyrt.,"3580 Tiszaújváros, Szent  István út 29/b",S,R
50463268,MKKBHUHB,MBH Bank Nyrt.,"3450 Mezőcsát, Kossuth út 7.",S,R
50463275,MKKBHUHB,MBH Bank Nyrt.,"3527 Miskolc, Ady  Endre utca 16.",S,R
50463282,MKKBHUHB,MBH Bank Nyrt.,"3580 Tiszaújváros, Szent  István út 29/b",S,R
50463299,MKKBHUHB,MBH Bank Nyrt.,"3450 Mezőcsát, Kossuth utca 7.",S,R
50463309,MKKBHUHB,MBH Bank Nyrt.,"3580 Tiszaújváros, Szent  István út 29/b",S,R
50463316,MKKBHUHB,MBH Bank Nyrt.,"1117 Budapest, Magyar Tudósok körútja 9.G.épület",S,R
50463323,MKKBHUHB,MBH Bank Nyrt.,"3915 Tarcal, fő út 66.",S,R
50463330,MKKBHUHB,MBH Bank Nyrt.,"3900 Szerencs, Rákóczi út 105.",S,R
50463347,MKKBHUHB,MBH Bank Nyrt.,"3900 Szerencs, Rákóczi út 105.",S,R
50463354,MKKBHUHB,MBH Bank Nyrt.,"3900 Szerencs, Rákóczi út 105.",S,R
50463361,MKKBHUHB,MBH Bank Nyrt.,"3900 Szerencs, Rákóczi utca 105.",S,R
50463378,MKKBHUHB,MBH Bank Nyrt.,"3900 Szerencs, Rákóczi utca 105.",S,R
50463385,MKKBHUHB,MBH Bank Nyrt.,"3900 Szerencs, Rákóczi út 105.",S,R
50463392,MKKBHUHB,MBH Bank Nyrt.,"3900 Szerencs, Rákóczi út 105.",S,R
50463402,MKKBHUHB,MBH Bank Nyrt.,"3910 Tokaj, Bajcsy-Zsilinszky  Endre út 18.",S,R
50463419,MKKBHUHB,MBH Bank Nyrt.,"3900 Szerencs, Rákóczi út 105.",S,R
50463426,MKKBHUHB,MBH Bank Nyrt.,"3900 Szerencs, Rákóczi út 105.",S,R
50463433,MKKBHUHB,MBH Bank Nyrt.,"3900 Szerencs, Rákóczi utca 105.",S,R
50463440,MKKBHUHB,MBH Bank Nyrt.,"3900 Szerencs, Rákóczi út 105.",S,R
50463457,MKKBHUHB,MBH Bank Nyrt.,"3900 Szerencs, Rákóczi út 105.",S,R
50463464,MKKBHUHB,MBH Bank Nyrt.,"3849 Forró, Fő utca 58.",S,R
50463471,MKKBHUHB,MBH Bank Nyrt.,"3842 Halmaj, Fő út 14.",S,R
50463488,MKKBHUHB,MBH Bank Nyrt.,"1117 Budapest, Magyar  Tudósok körútja 9.G.épület",S,R
50463495,MKKBHUHB,MBH Bank Nyrt.,"3860 Encs, Petőfi út 22.",S,R
50463505,MKKBHUHB,MBH Bank Nyrt.,"3800 Szikszó, Bolt utca 11.",S,R
50463512,MKKBHUHB,MBH Bank Nyrt.,"3860 Encs, Petőfi út 22.",S,R
50463529,MKKBHUHB,MBH Bank Nyrt.,"3860 Encs, Petőfi út 22.",S,R
50463536,MKKBHUHB,MBH Bank Nyrt.,"3800 Szikszó, Bolt utca 11.",S,R
50463543,MKKBHUHB,MBH Bank Nyrt.,"3800 Szikszó, Bolt utca 11.",S,R
50463550,MKKBHUHB,MBH Bank Nyrt.,"3860 Encs, Petőfi út 22.",S,R
50463567,MKKBHUHB,MBH Bank Nyrt.,"3860 Encs, Petőfi út 22.",S,R
50463574,MKKBHUHB,MBH Bank Nyrt.,"3895 Gönc, Kossuth Lajos utca 42.",S,R
50463581,MKKBHUHB,MBH Bank Nyrt.,"3895 Gönc, Kossuth Lajos utca 42.",S,R
50463598,MKKBHUHB,MBH Bank Nyrt.,"3860 Encs, Petőfi út 31.",S,R
50463608,MKKBHUHB,MBH Bank Nyrt.,"3860 Encs, Petőfi út 22.",S,R
50463615,MKKBHUHB,MBH Bank Nyrt.,"3973 Cigánd, Fő út 75.",S,R
50463622,MKKBHUHB,MBH Bank Nyrt.,"3973 Cigánd, Fő út 75.",S,R
50463639,MKKBHUHB,MBH Bank Nyrt.,"3980 Sátoraljaújhely, Széchenyi tér 8.",S,R
50463646,MKKBHUHB,MBH Bank Nyrt.,"3973 Cigánd, Fő út 75.",S,R
50463653,MKKBHUHB,MBH Bank Nyrt.,"3973 Cigánd, Fő út 75.",S,R
50463660,MKKBHUHB,MBH Bank Nyrt.,"3994 Pálháza, Dózsa György utca 119.",S,R
50463677,MKKBHUHB,MBH Bank Nyrt.,"3980 Sátoraljaújhely, Széchenyi tér 8.",S,R
50463684,MKKBHUHB,MBH Bank Nyrt.,"3950 Sárospatak, Eötvös utca 3.",S,R
50463691,MKKBHUHB,MBH Bank Nyrt.,"1113 Budapest, Villányi út 20.",S,R
50463701,MKKBHUHB,MBH Bank Nyrt.,"3934 Tolcsva, Szabadság tér 6.",S,R
50463718,MKKBHUHB,MBH Bank Nyrt.,"3934 Tolcsva, Szabadság tér 6.",S,R
50463725,MKKBHUHB,MBH Bank Nyrt.,"3934 Tolcsva, Szabadság tér 6.",S,R
50463732,MKKBHUHB,MBH Bank Nyrt.,"3950 Sárospatak, Eötvös utca 3.",S,R
50463749,MKKBHUHB,MBH Bank Nyrt.,"3980 Sátoraljaújhely, Széchenyi tér 8.",S,R
50463756,MKKBHUHB,MBH Bank Nyrt.,"3950 Sárospatak, Eötvös utca 3.",S,R
50463763,MKKBHUHB,MBH Bank Nyrt.,"3910 Tokaj, Bajcsy-Zsilinszky Endre utca 18.",S,R
50463770,MKKBHUHB,MBH Bank Nyrt.,"3915 Tarcal, Fő út 66.",S,R
50463787,MKKBHUHB,MBH Bank Nyrt.,"3980 Sátoraljaújhely, Széchenyi tér 8.",S,R
50463794,MKKBHUHB,MBH Bank Nyrt.,"1117 Budapest, Magyar  Tudósok körútja 9.G.épület",S,R
50464001,MKKBHUHB,MBH Bank Nyrt.,"2112 Veresegyház, Fő út 53.",S,R
50464018,MKKBHUHB,MBH Bank Nyrt.,"2112 Veresegyház, Fő út 53.",S,R
50464025,MKKBHUHB,MBH Bank Nyrt.,"2151 Fót, Dózsa Gy. utca 54.",S,R
50464032,MKKBHUHB,MBH Bank Nyrt.,"2162 Őrbottyán, Rákóczi út 126.",S,R
50464049,MKKBHUHB,MBH Bank Nyrt.,"2112 Veresegyház, Fő út 53.",S,R
50464056,MKKBHUHB,MBH Bank Nyrt.,"2146 Mogyoród, Gödöllői út 18/a.",S,R
50464063,MKKBHUHB,MBH Bank Nyrt.,"2600 Vác, Káptalan utca 14.",S,R
50464070,MKKBHUHB,MBH Bank Nyrt.,"2112 Veresegyház, Fő út 53.",S,R
50464087,MKKBHUHB,MBH Bank Nyrt.,"2120 Dunakeszi, Fő út 66-68.",S,R
50464094,MKKBHUHB,MBH Bank Nyrt.,"2626 Nagymaros, Király út 1/a.",S,R
50464104,MKKBHUHB,MBH Bank Nyrt.,"2626 Nagymaros, Király út 1/a.",S,R
50464111,MKKBHUHB,MBH Bank Nyrt.,"2626 Nagymaros, Király út 1/a.",S,R
50464128,MKKBHUHB,MBH Bank Nyrt.,"2626 Nagymaros, Király út 1/a.",S,R
50464135,MKKBHUHB,MBH Bank Nyrt.,"1117 Budapest, Magyar  Tudósok körútja 9.G.épület",S,R
50464142,MKKBHUHB,MBH Bank Nyrt.,"2600 Vác, Káptalan utca 14.",S,R
50464159,MKKBHUHB,MBH Bank Nyrt.,"2660 Balassagyarmat, Thököly utca 1.",S,R
50464166,MKKBHUHB,MBH Bank Nyrt.,"2660 Balassagyarmat, Thököly utca 1.",S,R
50464173,MKKBHUHB,MBH Bank Nyrt.,"2660 Balassagyarmat, Thököly utca 1.",S,R
50464180,MKKBHUHB,MBH Bank Nyrt.,"2660 Balassagyarmat, Thököly utca 1.",S,R
50464197,MKKBHUHB,MBH Bank Nyrt.,"2660 Balassagyarmat, Thököly utca 1.",S,R
50464207,MKKBHUHB,MBH Bank Nyrt.,"2660 Balassagyarmat, Thököly utca 1.",S,R
50464214,MKKBHUHB,MBH Bank Nyrt.,"2660 Balassagyarmat, Thököly utca 1.",S,R
50464221,MKKBHUHB,MBH Bank Nyrt.,"2600 Vác, Káptalan utca 14.",S,R
50464238,MKKBHUHB,MBH Bank Nyrt.,"3100 Salgótarján, Klapka  Gy. út 1.",S,R
50464245,MKKBHUHB,MBH Bank Nyrt.,"2173 Kartal, Petőfi tér 16.",S,R
50464252,MKKBHUHB,MBH Bank Nyrt.,"2651 Rétság, Korányi út 2.",S,R
50464269,MKKBHUHB,MBH Bank Nyrt.,"2660 Balassagyarmat, Thököly utca 1.",S,R
50464276,MKKBHUHB,MBH Bank Nyrt.,"1117 Budapest, Magyar Tudósok körútja 9.G.épület",S,R
50464283,MKKBHUHB,MBH Bank Nyrt.,"2660 Balassagyarmat, Thököly utca 1.",S,R
50464290,MKKBHUHB,MBH Bank Nyrt.,"2651 Rétság, Korányi út 2.",S,R
50464300,MKKBHUHB,MBH Bank Nyrt.,"2646 Drégelypalánk, Kossuth utca 50.",S,R
50464317,MKKBHUHB,MBH Bank Nyrt.,"2651 Rétság, Korányi út 2.",S,R
50464324,MKKBHUHB,MBH Bank Nyrt.,"2651 Rétság, Korányi út 2.",S,R
50464331,MKKBHUHB,MBH Bank Nyrt.,"2660 Balassagyarmat, Thököly utca 1.",S,R
50464348,MKKBHUHB,MBH Bank Nyrt.,"2660 Balassagyarmat, Thököly utca 1.",S,R
50464355,MKKBHUHB,MBH Bank Nyrt.,"2651 Rétság, Korányi út 2.",S,R
50464362,MKKBHUHB,MBH Bank Nyrt.,"2651 Rétság, Korányi út 2.",S,R
50464379,MKKBHUHB,MBH Bank Nyrt.,"2651 Rétság, Korányi út 2.",S,R
50464386,MKKBHUHB,MBH Bank Nyrt.,"2651 Rétság, Korányi út 2.",S,R
50464393,MKKBHUHB,MBH Bank Nyrt.,"2659 Érsekvadkert, Rákóczi út 122.",S,R
50464403,MKKBHUHB,MBH Bank Nyrt.,"2659 Érsekvadkert, Rákóczi út 122.",S,R
50464410,MKKBHUHB,MBH Bank Nyrt.,"2659 Érsekvadkert, Rákóczi út 122.",S,R
50464427,MKKBHUHB,MBH Bank Nyrt.,"2651 Rétság, Korányi út 2.",S,R
50464434,MKKBHUHB,MBH Bank Nyrt.,"2651 Rétság, Korányi út 2.",S,R
50464441,MKKBHUHB,MBH Bank Nyrt.,"2651 Rétság, Korányi út 2.",S,R
50464458,MKKBHUHB,MBH Bank Nyrt.,"1144 Budapest, Zalán utca 23.",S,R
50464465,MKKBHUHB,MBH Bank Nyrt.,"3170 Szécsény, Rákóczi út 71.",S,R
50464472,MKKBHUHB,MBH Bank Nyrt.,"3170 Szécsény, Rákóczi út 71.",S,R
50464489,MKKBHUHB,MBH Bank Nyrt.,"3170 Szécsény, Rákóczi út 71.",S,R
50464496,MKKBHUHB,MBH Bank Nyrt.,"3170 Szécsény, Rákóczi út 71.",S,R
50464506,MKKBHUHB,MBH Bank Nyrt.,"3170 Szécsény, Rákóczi út 71.",S,R
50464513,MKKBHUHB,MBH Bank Nyrt.,"3170 Szécsény, Rákóczi út 71.",S,R
50464520,MKKBHUHB,MBH Bank Nyrt.,"3170 Szécsény, Rákóczi út 71.",S,R
50464537,MKKBHUHB,MBH Bank Nyrt.,"3000 Hatvan, Kossuth tér 22.",S,R
50464544,MKKBHUHB,MBH Bank Nyrt.,"3000 Hatvan, Kossuth tér 22.",S,R
50464551,MKKBHUHB,MBH Bank Nyrt.,"3000 Hatvan, Kossuth tér 22.",S,R
50464568,MKKBHUHB,MBH Bank Nyrt.,"3000 Hatvan, Kossuth tér 22.",S,R
50464575,MKKBHUHB,MBH Bank Nyrt.,"3023 Petőfibánya, Mária utca 4.",S,R
50464582,MKKBHUHB,MBH Bank Nyrt.,"3023 Petőfibánya, Mária utca 4.",S,R
50464599,MKKBHUHB,MBH Bank Nyrt.,"3000 Hatvan, Kossuth tér 22.",S,R
50464609,MKKBHUHB,MBH Bank Nyrt.,"3023 Petőfibánya, Mária utca 4.",S,R
50464616,MKKBHUHB,MBH Bank Nyrt.,"3023 Petőfibánya, Mária utca 4.",S,R
50464623,MKKBHUHB,MBH Bank Nyrt.,"3000 Hatvan, Kossuth tér 22.",S,R
50464630,MKKBHUHB,MBH Bank Nyrt.,"3023 Petőfibánya, Mária utca 4.",S,R
50464647,MKKBHUHB,MBH Bank Nyrt.,"1144 Budapest, Zalán utca 23",S,R
50464654,MKKBHUHB,MBH Bank Nyrt.,"3023 Petőfibánya, Mária utca 4.",S,R
50464661,MKKBHUHB,MBH Bank Nyrt.,"3000 Hatvan, Kossuth tér 22.",S,R
50464678,MKKBHUHB,MBH Bank Nyrt.,"3060 Pásztó, Fő út 64.",S,R
50464685,MKKBHUHB,MBH Bank Nyrt.,"3060 Pásztó, Fő út 64.",S,R
50464692,MKKBHUHB,MBH Bank Nyrt.,"3060 Pásztó, Fő út 64.",S,R
50464702,MKKBHUHB,MBH Bank Nyrt.,"3060 Pásztó, Fő út 64.",S,R
50464719,MKKBHUHB,MBH Bank Nyrt.,"3060 Pásztó, Fő út 64.",S,R
50464726,MKKBHUHB,MBH Bank Nyrt.,"3060 Pásztó, Fő út 64.",S,R
50464733,MKKBHUHB,MBH Bank Nyrt.,"3060 Pásztó, Fő út 64.",S,R
50464740,MKKBHUHB,MBH Bank Nyrt.,"3060 Pásztó, Fő út 64.",S,R
50464757,MKKBHUHB,MBH Bank Nyrt.,"3060 Pásztó, Fő út 64.",S,R
50464764,MKKBHUHB,MBH Bank Nyrt.,"3035 Gyöngyöspata, Dózsa György út 1-3.",S,R
50464771,MKKBHUHB,MBH Bank Nyrt.,"3200 Gyöngyös, Magyar út 1.",S,R
50464788,MKKBHUHB,MBH Bank Nyrt.,"3035 Gyöngyöspata, Dózsa  György út 1-3.",S,R
50464795,MKKBHUHB,MBH Bank Nyrt.,"3200 Gyöngyös, Magyar út 1.",S,R
50464805,MKKBHUHB,MBH Bank Nyrt.,"3200 Gyöngyös, Magyar út 1.",S,R
50464812,MKKBHUHB,MBH Bank Nyrt.,"3360 Heves, Hunyadi utca 11-13.",S,R
50464829,MKKBHUHB,MBH Bank Nyrt.,"3360 Heves, Hunyadi utca 11-13.",S,R
50464836,MKKBHUHB,MBH Bank Nyrt.,"3373 Besenyőtelek, Fő út 112.",S,R
50464843,MKKBHUHB,MBH Bank Nyrt.,"3000 Hatvan, Kossuth tér 22.",S,R
50464850,MKKBHUHB,MBH Bank Nyrt.,"3240 Parád, Kossuth út 128.",S,R
50464867,MKKBHUHB,MBH Bank Nyrt.,"3240 Parád, Kossuth út 128.",S,R
50464874,MKKBHUHB,MBH Bank Nyrt.,"3240 Parád, Kossuth út 128.",S,R
50464881,MKKBHUHB,MBH Bank Nyrt.,"1117 Budapest, Magyar  Tudósok körútja 9.G.épület",S,R
50464898,MKKBHUHB,MBH Bank Nyrt.,"3240 Parád, Kossuth út 128.",S,R
50464908,MKKBHUHB,MBH Bank Nyrt.,"3300 Eger, Katona  István tér 7-9.",S,R
50464915,MKKBHUHB,MBH Bank Nyrt.,"3263 Domoszló, Deák tér 6.",S,R
50464922,MKKBHUHB,MBH Bank Nyrt.,"3200 Gyöngyös, Magyar út 1.",S,R
50464939,MKKBHUHB,MBH Bank Nyrt.,"3263 Domoszló, Deák tér 6.",S,R
50464946,MKKBHUHB,MBH Bank Nyrt.,"2760 Nagykáta, Dózsa  György út 10.",S,R
50464953,MKKBHUHB,MBH Bank Nyrt.,"2700 Cegléd, Eötvös tér 6.",S,R
50464960,MKKBHUHB,MBH Bank Nyrt.,"2700 Cegléd, Eötvös tér 6.",S,R
50464977,MKKBHUHB,MBH Bank Nyrt.,"2760 Nagykáta, Dózsa György út 10.",S,R
50464984,MKKBHUHB,MBH Bank Nyrt.,"2711 Tápiószentmárton, Kossuth  Lajos utca 17/a.",S,R
50464991,MKKBHUHB,MBH Bank Nyrt.,"2760 Nagykáta, Dózsa György út 10.",S,R
50465002,MKKBHUHB,MBH Bank Nyrt.,"2760 Nagykáta, Dózsa  György út 10.",S,R
50465019,MKKBHUHB,MBH Bank Nyrt.,"2760 Nagykáta, Dózsa György út 10.",S,R
50465026,MKKBHUHB,MBH Bank Nyrt.,"2241 Sülysáp, Malom utca 1/a.",S,R
50465033,MKKBHUHB,MBH Bank Nyrt.,"2241 Sülysáp, Malom utca 1/a.",S,R
50465040,MKKBHUHB,MBH Bank Nyrt.,"2760 Nagykáta, Dózsa  György út 10.",S,R
50465057,MKKBHUHB,MBH Bank Nyrt.,"1144 Budapest, Zalán utca 23.",S,R
50465064,MKKBHUHB,MBH Bank Nyrt.,"1144 Budapest, Zalán utca 23.",S,R
50465071,MKKBHUHB,MBH Bank Nyrt.,"2194 Tura, Bartók tér 21.",S,R
50465088,MKKBHUHB,MBH Bank Nyrt.,"2194 Tura, Bartók tér 21.",S,R
50465095,MKKBHUHB,MBH Bank Nyrt.,"2194 Tura, Bartók tér 21.",S,R
50465105,MKKBHUHB,MBH Bank Nyrt.,"2170 Aszód, Kossuth  Lajos utca 4.",S,R
50465112,MKKBHUHB,MBH Bank Nyrt.,"2112 Veresegyház, Fő út 53.",S,R
50465129,MKKBHUHB,MBH Bank Nyrt.,"2194 Tura, Bartók tér 21.",S,R
50465136,MKKBHUHB,MBH Bank Nyrt.,"2173 Kartal, Petőfi tér 16.",S,R
50465143,MKKBHUHB,MBH Bank Nyrt.,"2194 Tura, Bartók tér 21.",S,R
50465150,MKKBHUHB,MBH Bank Nyrt.,"2660 Balassagyarmat, Thököly utca 1.",S,R
50465167,MKKBHUHB,MBH Bank Nyrt.,"2170 Aszód, Kossuth Lajos utca 1.",S,R
50465174,MKKBHUHB,MBH Bank Nyrt.,"1144 Budapest, Zalán utca 23.",S,R
50465181,MKKBHUHB,MBH Bank Nyrt.,"2118 Dány, Pesti út 45.",S,R
50465198,MKKBHUHB,MBH Bank Nyrt.,"3390 Füzesabony, Rákóczi Ferenc út 58.",S,R
50465208,MKKBHUHB,MBH Bank Nyrt.,"3390 Füzesabony, Rákóczi  Ferenc út 58.",S,R
50465215,MKKBHUHB,MBH Bank Nyrt.,"3373 Besenyőtelek, Fő út 112.",S,R
50465222,MKKBHUHB,MBH Bank Nyrt.,"3300 Eger, Katona István tér 7-9.",S,R
50465239,MKKBHUHB,MBH Bank Nyrt.,"3300 Eger, Katona István tér 7-9.",S,R
50465246,MKKBHUHB,MBH Bank Nyrt.,"3390 Füzesabony, Rákóczi  Ferenc út 58.",S,R
50465253,MKKBHUHB,MBH Bank Nyrt.,"3390 Füzesabony, Rákóczi út 58.",S,R
50465260,MKKBHUHB,MBH Bank Nyrt.,"3390 Füzesabony, Rákóczi út 58.",S,R
50465277,MKKBHUHB,MBH Bank Nyrt.,"3390 Füzesabony, Rákóczi út 58.",S,R
50465284,MKKBHUHB,MBH Bank Nyrt.,"3390 Füzesabony, Rákóczi út 58.",S,R
50465291,MKKBHUHB,MBH Bank Nyrt.,"3390 Füzesabony, Rákóczi út 58.",S,R
50465301,MKKBHUHB,MBH Bank Nyrt.,"3390 Füzesabony, Rákóczi út 58.",S,R
50465318,MKKBHUHB,MBH Bank Nyrt.,"5350 Tiszafüred, Kossuth tér 17.",S,R
50465325,MKKBHUHB,MBH Bank Nyrt.,"5350 Tiszafüred, Kossuth tér 17.",S,R
50465332,MKKBHUHB,MBH Bank Nyrt.,"3300 Eger, Katona  István tér 7-9.",S,R
50465349,MKKBHUHB,MBH Bank Nyrt.,"3300 Eger, Katona István tér 7-9.",S,R
50465356,MKKBHUHB,MBH Bank Nyrt.,"3300 Eger, Katona István tér 7-9.",S,R
50465363,MKKBHUHB,MBH Bank Nyrt.,"3390 Füzesabony, Rákóczi Ferenc út 58.",S,R
50465370,MKKBHUHB,MBH Bank Nyrt.,"3200 Gyöngyös, Magyar út 1.",S,R
50465387,MKKBHUHB,MBH Bank Nyrt.,"5123 Jászárokszállás, Árpád tér 2.",S,R
50465394,MKKBHUHB,MBH Bank Nyrt.,"3200 Gyöngyös, Magyar út 1.",S,R
50465404,MKKBHUHB,MBH Bank Nyrt.,"5123 Jászárokszállás, Árpád tér 2.",S,R
50465411,MKKBHUHB,MBH Bank Nyrt.,"5123 Jászárokszállás, Árpád tér 2.",S,R
50465428,MKKBHUHB,MBH Bank Nyrt.,"3200 Gyöngyös, Magyar út 1.",S,R
50465435,MKKBHUHB,MBH Bank Nyrt.,"5123 Jászárokszállás, Árpád tér 2.",S,R
50465442,MKKBHUHB,MBH Bank Nyrt.,"3200 Gyöngyös, Magyar út 1.",S,R
50465459,MKKBHUHB,MBH Bank Nyrt.,"5123 Jászárokszállás, Árpád tér 2.",S,R
50465466,MKKBHUHB,MBH Bank Nyrt.,"5123 Jászárokszállás, Árpád tér 2.",S,R
50465473,MKKBHUHB,MBH Bank Nyrt.,"5121 Jászjákóhalma, Fő út 38.",S,R
50465480,MKKBHUHB,MBH Bank Nyrt.,"3360 Heves, Hunyadi  János utca 11-13.",S,R
50465497,MKKBHUHB,MBH Bank Nyrt.,"5241 Abádszalók, István király utca 8.",S,R
50465507,MKKBHUHB,MBH Bank Nyrt.,"5000 Szolnok, Nagy  Imre körút 10/A.",S,R
50465514,MKKBHUHB,MBH Bank Nyrt.,"5000 Szolnok, Nagy  Imre körút 10/A.",S,R
50465521,MKKBHUHB,MBH Bank Nyrt.,"5000 Szolnok, Nagy Imre körút 10/A.",S,R
50465538,MKKBHUHB,MBH Bank Nyrt.,"5100 Jászberény, Szabadság tér 9-10.",S,R
50465545,MKKBHUHB,MBH Bank Nyrt.,"5130 Jászapáti, István Király út 3.",S,R
50465552,MKKBHUHB,MBH Bank Nyrt.,"5137 Jászkisér, Fő út 12.",S,R
50465569,MKKBHUHB,MBH Bank Nyrt.,"3360 Heves, Hunyadi  János utca 11-13.",S,R
50465576,MKKBHUHB,MBH Bank Nyrt.,"3360 Heves, Hunyadi  János utca 11-13.",S,R
50465583,MKKBHUHB,MBH Bank Nyrt.,"3360 Heves, Hunyadi János utca 11-13.",S,R
50465590,MKKBHUHB,MBH Bank Nyrt.,"3824 Tarnaméra, Árpád út 4/2.",S,R
50465600,MKKBHUHB,MBH Bank Nyrt.,"3200 Gyöngyös, Magyar út 1.",S,R
50465617,MKKBHUHB,MBH Bank Nyrt.,"3360 Heves, Hunyadi  János utca 11-13.",S,R
50465624,MKKBHUHB,MBH Bank Nyrt.,"3360 Heves, Hunyadi  János utca 11-13.",S,R
50465631,MKKBHUHB,MBH Bank Nyrt.,"5121 Jászjákóhalma, Fő út 38.",S,R
50465648,MKKBHUHB,MBH Bank Nyrt.,"5241 Abádszalók, István  király utca 8.",S,R
50465655,MKKBHUHB,MBH Bank Nyrt.,"3200 Gyöngyös, Magyar út 1.",S,R
50465662,MKKBHUHB,MBH Bank Nyrt.,"3824 Tarnaméra, Árpád út 4/2.",S,R
50465679,MKKBHUHB,MBH Bank Nyrt.,"3284 Tarnaméra, Árpád út 4/2.",S,R
50465686,MKKBHUHB,MBH Bank Nyrt.,"5123 Jászárokszállás, Árpád tér 2.",S,R
50465693,MKKBHUHB,MBH Bank Nyrt.,"3200 Gyöngyös, Magyar út 1.",S,R
50465703,MKKBHUHB,MBH Bank Nyrt.,"3824 Tarnaméra, Árpád út 4/2.",S,R
50465710,MKKBHUHB,MBH Bank Nyrt.,"5123 Jászárokszállás, Árpád tér 2.",S,R
50465727,MKKBHUHB,MBH Bank Nyrt.,"3824 Tarnaméra, Árpád út 4/2.",S,R
50465734,MKKBHUHB,MBH Bank Nyrt.,"3824 Tarnaméra, Árpád út 4/2.",S,R
50465741,MKKBHUHB,MBH Bank Nyrt.,"3200 Gyöngyös, Magyar út 1.",S,R
50465758,MKKBHUHB,MBH Bank Nyrt.,"2760 Nagykáta, Dózsa  György út 10.",S,R
50465765,MKKBHUHB,MBH Bank Nyrt.,"3035 Gyöngyöspata, Dózsa  György út 1-3.",S,R
50465772,MKKBHUHB,MBH Bank Nyrt.,"2760 Nagykáta, Dózsa György út 10.",S,R
50465789,MKKBHUHB,MBH Bank Nyrt.,"2194 Tura, Bartók tér 21.",S,R
50466003,MKKBHUHB,MBH Bank Nyrt.,"1117 Budapest, Magyar Tudósok körútja 9.G.épület",S,R
50466010,MKKBHUHB,MBH Bank Nyrt.,"7500 Nagyatád, Kossuth utca 16.",S,R
50466027,MKKBHUHB,MBH Bank Nyrt.,"7500 Nagyatád, Kossuth utca 16.",S,R
50466034,MKKBHUHB,MBH Bank Nyrt.,"7500 Nagyatád, Kossuth utca 16.",S,R
50466041,MKKBHUHB,MBH Bank Nyrt.,"7500 Nagyatád, Kossuth utca 16.",S,R
50466058,MKKBHUHB,MBH Bank Nyrt.,"7500 Nagyatád, Kossuth utca 16.",S,R
50466065,MKKBHUHB,MBH Bank Nyrt.,"7400 Kaposvár, Fő út 51.",S,R
50466072,MKKBHUHB,MBH Bank Nyrt.,"8700 Marcali, Rákóczi utca 16.",S,R
50466089,MKKBHUHB,MBH Bank Nyrt.,"8700 Marcali, Rákóczi utca 16.",S,R
50466096,MKKBHUHB,MBH Bank Nyrt.,"8840 Csurgó, Csokonai utca 14.",S,R
50466106,MKKBHUHB,MBH Bank Nyrt.,"7500 Nagyatád, Kossuth utca 16.",S,R
50466113,MKKBHUHB,MBH Bank Nyrt.,"8719 Böhönye, Kossuth utca 2.",S,R
50466120,MKKBHUHB,MBH Bank Nyrt.,"8800 Nagykanizsa, Erzsébet tér 1.",S,R
50466137,MKKBHUHB,MBH Bank Nyrt.,"8623 Balatonföldvár, Balatonszentgyörgyi út 1.",S,R
50466144,MKKBHUHB,MBH Bank Nyrt.,"8623 Balatonföldvár, Balatonszentgyörgyi út 1.",S,R
50466151,MKKBHUHB,MBH Bank Nyrt.,"8638 Balatonlelle, Móra Ferenc utca 5.",S,R
50466168,MKKBHUHB,MBH Bank Nyrt.,"8630 Balatonboglár, Sétáló utca 7.",S,R
50466175,MKKBHUHB,MBH Bank Nyrt.,"8638 Balatonlelle, Móra  Ferenc utca 5.",S,R
50466182,MKKBHUHB,MBH Bank Nyrt.,"8600 Siófok, Széchenyi utca 6/B.",S,R
50466199,MKKBHUHB,MBH Bank Nyrt.,"8660 Tab, Kossuth Lajos utca 84/b.",S,R
50466209,MKKBHUHB,MBH Bank Nyrt.,"8660 Tab, Kossuth Lajos utca 84/b.",S,R
50466216,MKKBHUHB,MBH Bank Nyrt.,"7400 Kaposvár, Fő út 51.",S,R
50466223,MKKBHUHB,MBH Bank Nyrt.,"8749 Zalakaros, Petőfi utca 48.",S,R
50466230,MKKBHUHB,MBH Bank Nyrt.,"8800 Nagykanizsa, Erzsébet tér 1.",S,R
50466247,MKKBHUHB,MBH Bank Nyrt.,"8749 Zalakaros, Petőfi utca 48.",S,R
50466254,MKKBHUHB,MBH Bank Nyrt.,"8754 Galambok, Ady Endre út 4/A",S,R
50466261,MKKBHUHB,MBH Bank Nyrt.,"8754 Galambok, Ady  Endre út 4/A",S,R
50466278,MKKBHUHB,MBH Bank Nyrt.,"8749 Zalakaros, Petőfi utca 48.",S,R
50466285,MKKBHUHB,MBH Bank Nyrt.,"8868 Letenye, Kossuth  Lajos utca 15.",S,R
50466292,MKKBHUHB,MBH Bank Nyrt.,"8868 Letenye, Kossuth Lajos utca 15.",S,R
50466302,MKKBHUHB,MBH Bank Nyrt.,"8800 Nagykanizsa, Erzsébet tér 1.",S,R
50466319,MKKBHUHB,MBH Bank Nyrt.,"8868 Letenye, Kossuth Lajos utca 15.",S,R
50466326,MKKBHUHB,MBH Bank Nyrt.,"8861 Szepetnek, Petőfi utca 80.",S,R
50466333,MKKBHUHB,MBH Bank Nyrt.,"8868 Letenye, Kossuth  Lajos utca 15.",S,R
50466340,MKKBHUHB,MBH Bank Nyrt.,"8960 Lenti, Kossuth út 4.",S,R
50466357,MKKBHUHB,MBH Bank Nyrt.,"8960 Lenti, Kossuth út 4.",S,R
50466364,MKKBHUHB,MBH Bank Nyrt.,"8960 Lenti, Kossuth út 4.",S,R
50466371,MKKBHUHB,MBH Bank Nyrt.,"8960 Lenti, Kossuth út 4.",S,R
50466388,MKKBHUHB,MBH Bank Nyrt.,"8960 Lenti, Kossuth út 4.",S,R
50466395,MKKBHUHB,MBH Bank Nyrt.,"8960 Lenti, Kossuth út 4.",S,R
50466405,MKKBHUHB,MBH Bank Nyrt.,"8700 Marcali, Rákóczi utca 16.",S,R
50466412,MKKBHUHB,MBH Bank Nyrt.,"8700 Marcali, Rákóczi utca 16.",S,R
50466429,MKKBHUHB,MBH Bank Nyrt.,"8700 Marcali, Rákóczi utca 16.",S,R
50466436,MKKBHUHB,MBH Bank Nyrt.,"8647 Balatonmáriafürdő, Gr. Széchényi Imre tér 10.",S,R
50466443,MKKBHUHB,MBH Bank Nyrt.,"8647 Balatonmáriafürdő, Gr. Széchényi Imre tér 10.",S,R
50466450,MKKBHUHB,MBH Bank Nyrt.,"8360 Keszthely, Bem utca 23.",S,R
50466467,MKKBHUHB,MBH Bank Nyrt.,"8630 Balatonboglár, Sétáló utca 7.",S,R
50466474,MKKBHUHB,MBH Bank Nyrt.,"7400 Kaposvár, Fő út 51.",S,R
50466481,MKKBHUHB,MBH Bank Nyrt.,"8360 Keszthely, Bem utca 23.",S,R
50466498,MKKBHUHB,MBH Bank Nyrt.,"8630 Balatonboglár, Sétáló utca 7.",S,R
50466508,MKKBHUHB,MBH Bank Nyrt.,"8945 Bak, Széchenyi tér 2.",S,R
50466515,MKKBHUHB,MBH Bank Nyrt.,"8945 Bak, Széchenyi tér 2.",S,R
50466522,MKKBHUHB,MBH Bank Nyrt.,"8800 Nagykanizsa, Erzsébet tér 1.",S,R
50466539,MKKBHUHB,MBH Bank Nyrt.,"8900 Zalaegerszeg, Eötvös József utca 1-3.",S,R
50466546,MKKBHUHB,MBH Bank Nyrt.,"8945 Bak, Széchenyi tér 2.",S,R
50466553,MKKBHUHB,MBH Bank Nyrt.,"8800 Nagykanizsa, Erzsébet tér 1.",S,R
50466560,MKKBHUHB,MBH Bank Nyrt.,"8960 Lenti, Kossuth út 4.",S,R
50466577,MKKBHUHB,MBH Bank Nyrt.,"8945 Bak, Széchenyi tér 2.",S,R
50466584,MKKBHUHB,MBH Bank Nyrt.,"8761 Pacsa, József  Attila utca 3.",S,R
50466591,MKKBHUHB,MBH Bank Nyrt.,"8900 Zalaegerszeg, Eötvös József utca 1-3.",S,R
50466601,MKKBHUHB,MBH Bank Nyrt.,"8800 Nagykanizsa, Erzsébet tér 1.",S,R
50466618,MKKBHUHB,MBH Bank Nyrt.,"8900 Zalaegerszeg, Eötvös  József utca 1-3.",S,R
50466625,MKKBHUHB,MBH Bank Nyrt.,"8761 Pacsa, József  Attila utca 3.",S,R
50466632,MKKBHUHB,MBH Bank Nyrt.,"8800 Nagykanizsa, Erzsébet tér 1.",S,R
50466649,MKKBHUHB,MBH Bank Nyrt.,"1117 Budapest, Magyar Tudósok körútja 9.G.épület",S,R
50466656,MKKBHUHB,MBH Bank Nyrt.,"8800 Nagykanizsa, Erzsébet tér 1.",S,R
50466663,MKKBHUHB,MBH Bank Nyrt.,"8800 Nagykanizsa, Erzsébet tér 1.",S,R
50466670,MKKBHUHB,MBH Bank Nyrt.,"8360 Keszthely, Bem utca 23.",S,R
50466687,MKKBHUHB,MBH Bank Nyrt.,"8380 Hévíz, Széchenyi utca 66.",S,R
50466694,MKKBHUHB,MBH Bank Nyrt.,"8788 Zalaszentlászló, Kossuth  Lajos utca 18.",S,R
50466704,MKKBHUHB,MBH Bank Nyrt.,"8360 Keszthely, Bem utca 23.",S,R
50466711,MKKBHUHB,MBH Bank Nyrt.,"8360 Keszthely, Bem utca 23.",S,R
50466728,MKKBHUHB,MBH Bank Nyrt.,"8315 Gyenesdiás, Kossuth  Lajos utca 45.",S,R
50466735,MKKBHUHB,MBH Bank Nyrt.,"8360 Keszthely, Bem utca 23.",S,R
50466742,MKKBHUHB,MBH Bank Nyrt.,"8380 Hévíz, Széchenyi utca 66.",S,R
50466759,MKKBHUHB,MBH Bank Nyrt.,"8900 Zalaegerszeg, Dísz tér 7.",S,R
50466766,MKKBHUHB,MBH Bank Nyrt.,"8788 Zalaszentlászló, Kossuth  Lajos utca 18.",S,R
50466773,MKKBHUHB,MBH Bank Nyrt.,"8360 Keszthely, Bem utca 23.",S,R
50466780,MKKBHUHB,MBH Bank Nyrt.,"8380 Hévíz, Széchenyi utca 66.",S,R
50466797,MKKBHUHB,MBH Bank Nyrt.,"8315 Gyenesdiás, Kossuth  Lajos utca 45.",S,R
50466807,MKKBHUHB,MBH Bank Nyrt.,"8315 Gyenesdiás, Kossuth  Lajos utca 45.",S,R
50466814,MKKBHUHB,MBH Bank Nyrt.,"8380 Hévíz, Széchenyi utca 66.",S,R
50466821,MKKBHUHB,MBH Bank Nyrt.,"8900 Zalaegerszeg, Eötvös József utca 1-3.",S,R
50466838,MKKBHUHB,MBH Bank Nyrt.,"8900 Zalaegerszeg, Eötvös  József utca 1-3.",S,R
50466845,MKKBHUHB,MBH Bank Nyrt.,"8900 Zalaegerszeg, Eötvös József utca 1-3.",S,R
50466852,MKKBHUHB,MBH Bank Nyrt.,"8900 Zalaegerszeg, Eötvös  József utca 1-3.",S,R
50466869,MKKBHUHB,MBH Bank Nyrt.,"8900 Zalaegerszeg, Eötvös József utca 1-3.",S,R
50466876,MKKBHUHB,MBH Bank Nyrt.,"8900 Zalaegerszeg, Eötvös  József utca 1-3.",S,R
50466883,MKKBHUHB,MBH Bank Nyrt.,"8999 Zalalövő, Petőfi Sándor utca 2.",S,R
50466890,MKKBHUHB,MBH Bank Nyrt.,"8790 Zalaszentgrót, Nefelejcs utca 1.",S,R
50466900,MKKBHUHB,MBH Bank Nyrt.,"8900 Zalaegerszeg, Eötvös József utca 1-3.",S,R
50466917,MKKBHUHB,MBH Bank Nyrt.,"8788 Zalaszentlászló, Kossuth  Lajos utca 18.",S,R
50466924,MKKBHUHB,MBH Bank Nyrt.,"8900 Zalaegerszeg, Eötvös  József utca 1-3.",S,R
50466931,MKKBHUHB,MBH Bank Nyrt.,"8900 Zalaegerszeg, Eötvös  József utca 1-3.",S,R
50466948,MKKBHUHB,MBH Bank Nyrt.,"8900 Zalaegerszeg, Eötvös  József utca 1-3.",S,R
50466955,MKKBHUHB,MBH Bank Nyrt.,"8900 Zalaegerszeg, Eötvös  József utca 1-3.",S,R
50466962,MKKBHUHB,MBH Bank Nyrt.,"8900 Zalaegerszeg, Eötvös  József utca 1-3.",S,R
50466979,MKKBHUHB,MBH Bank Nyrt.,"8900 Zalaegerszeg, Eötvös  József utca 1-3.",S,R
50466986,MKKBHUHB,MBH Bank Nyrt.,"8900 Zalaegerszeg, Eötvös  József utca 1-3.",S,R
50466993,MKKBHUHB,MBH Bank Nyrt.,"8999 Zalalövő, Petőfi  Sándor utca 2.",S,R
50467004,MKKBHUHB,MBH Bank Nyrt.,"8999 Zalalövő, Petőfi Sándor utca 2.",S,R
50468005,MKKBHUHB,MBH Bank Nyrt.,"6800 Hódmezővásárhely, Andrássy út 50.",S,R
50468012,MKKBHUHB,MBH Bank Nyrt.,"6781 Domaszék, Köztársaság tér 4.",S,R
50468029,MKKBHUHB,MBH Bank Nyrt.,"6783 Ásotthalom, Szent István tér 2/a",S,R
50468036,MKKBHUHB,MBH Bank Nyrt.,"6782 Mórahalom, Millenniumi sétány 1.",S,R
50468043,MKKBHUHB,MBH Bank Nyrt.,"6782 Mórahalom, Millenniumi sétány 1.",S,R
50468050,MKKBHUHB,MBH Bank Nyrt.,"6753 Szeged, Budai Nagy Antal utca 27/E.",S,R
50468067,MKKBHUHB,MBH Bank Nyrt.,"6753 Szeged, Budai Nagy Antal utca 27/E.",S,R
50468074,MKKBHUHB,MBH Szeged Mikszáth,"6722 Szeged, Mikszáth Kálmán utca 15.",S,R
50468081,MKKBHUHB,MBH Bank Nyrt.,"6720 Szeged, Széchenyi tér 3.",S,R
50468098,MKKBHUHB,MBH Bank Nyrt.,"6722 Szeged, Mikszáth Kálmán utca 15.",S,R
50468108,MKKBHUHB,MBH Szeged Mikszáth,"6722 Szeged, Mikszáth Kálmán utca 15.",S,R
50468115,MKKBHUHB,MBH Szeged Mikszáth,"6722 Szeged, Mikszáth Kálmán utca 15.",S,R
50468122,MKKBHUHB,MBH Bank Nyrt.,"6900 Makó, Úri utca 1.",S,R
50468139,MKKBHUHB,MBH Bank Nyrt.,"6931 Apátfalva, Hunyadi  Mátyás utca 18.",S,R
50468146,MKKBHUHB,MBH Bank Nyrt.,"6800 Hódmezővásárhely, Andrássy út 50.",S,R
50468153,MKKBHUHB,MBH Bank Nyrt.,"6900 Makó, Úri utca 1.",S,R
50468160,MKKBHUHB,MBH Bank Nyrt.,"6900 Makó, Úri utca 1.",S,R
50468177,MKKBHUHB,MBH Bank Nyrt.,"6764 Balástya, Rákóczi utca 15.",S,R
50468184,MKKBHUHB,MBH Bank Nyrt.,"1093 Budapest, Czuczor utca 2-10",S,R
50468191,MKKBHUHB,MBH Bank Nyrt.,"5940 Tótkomlós, Kossuth  Lajos utca 1.",S,R
50468201,MKKBHUHB,MBH Bank Nyrt.,"6764 Balástya, Rákóczi utca 15.",S,R
50468218,MKKBHUHB,MBH Bank Nyrt.,"6771 Szeged-Szőreg, Hősök tere 4/b.",S,R
50468225,MKKBHUHB,MBH Bank Nyrt.,"6600 Szentes, Szabadság tér 2.",S,R
50468232,MKKBHUHB,MBH Bank Nyrt.,"6800 Hódmezővásárhely, Andrássy út 50.",S,R
50468249,MKKBHUHB,MBH Bank Nyrt.,"6760 Kistelek, Szent László tér 2.",S,R
50468256,MKKBHUHB,MBH Bank Nyrt.,"6760 Kistelek, Szent László tér 2.",S,R
50468263,MKKBHUHB,MBH Bank Nyrt.,"6630 Mindszent, Csokonai Vitéz Mihály utca 28.",S,R
50468270,MKKBHUHB,MBH Bank Nyrt.,"6622 Nagymágocs, Szentesi út 52/A.",S,R
50468287,MKKBHUHB,MBH Bank Nyrt.,"5940 Tótkomlós, Kossuth  Lajos utca 1.",S,R
50468294,MKKBHUHB,MBH Bank Nyrt.,"6760 Kistelek, Szent László tér 2.",S,R
50468304,MKKBHUHB,MBH Bank Nyrt.,"6782 Mórahalom, Millenniumi sétány 1.",S,R
50468311,MKKBHUHB,MBH Bank Nyrt.,"6230 Soltvadkert, Ifjúság útja 4.",S,R
50468328,MKKBHUHB,MBH Bank Nyrt.,"6726 Szeged, Szőregi út 80.",S,R
50468335,MKKBHUHB,MBH Szeged Mikszáth,"6722 Szeged, Mikszáth Kálmán utca 15.",S,R
50468342,MKKBHUHB,MBH Szeged Mikszáth,"6722 Szeged, Mikszáth Kálmán utca 15.",S,R
50468359,MKKBHUHB,MBH Bank Nyrt.,"6821 Székkutas, Vásárhelyi út 5.",S,R
50468366,MKKBHUHB,MBH Bank Nyrt.,"6771 Szeged-Szőreg, Hősök tere 4/b.",S,R
50468373,MKKBHUHB,MBH Bank Nyrt.,"6771 Szeged-Szőreg, Hősök tere 4/b.",S,R
50468380,MKKBHUHB,MBH Bank Nyrt.,"6235 Bócsa, Kecskeméti út 20.",S,R
50468397,MKKBHUHB,MBH Bank Nyrt.,"6782 Mórahalom, Millenniumi sétány 1.",S,R
50468407,MKKBHUHB,MBH Bank Nyrt.,"6781 Domaszék, Köztársaság tér 4.",S,R
50468414,MKKBHUHB,MBH Bank Nyrt.,"6235 Bócsa, Kecskeméti út 20.",S,R
50468421,MKKBHUHB,MBH Bank Nyrt.,"6794 Üllés, Fogarasi utca 1.",S,R
50468438,MKKBHUHB,MBH Bank Nyrt.,"6794 Üllés, Fogarasi utca 1.",S,R
50468445,MKKBHUHB,MBH Bank Nyrt.,"6794 Üllés, Fogarasi utca 1.",S,R
50468452,MKKBHUHB,MBH Szeged Mikszáth,"6722 Szeged, Mikszáth Kálmán utca 15.",S,R
50468469,MKKBHUHB,MBH Bank Nyrt.,"6794 Üllés, Fogarasi utca 1.",S,R
50468476,MKKBHUHB,MBH Szeged Mikszáth,"6722 Szeged, Mikszáth Kálmán utca 15.",S,R
50468483,MKKBHUHB,MBH Bank Nyrt.,"6726 Szeged, Szőregi út 80.",S,R
50468490,MKKBHUHB,MBH Bank Nyrt.,"6750 Algyő, Búvár utca 2.",S,R
50468500,MKKBHUHB,MBH Bank Nyrt.,"1093 Budapest, Czuczor utca 2-10",S,R
50468517,MKKBHUHB,MBH Bank Nyrt.,"6762 Sándorfalva, Alkotmány körút 21/A",S,R
50468524,MKKBHUHB,MBH Bank Nyrt.,"6762 Sándorfalva, Alkotmány körút 21/A",S,R
50468531,MKKBHUHB,MBH Bank Nyrt.,"6781 Domaszék, Köztársaság tér 4.",S,R
50468548,MKKBHUHB,MBH Szeged Mikszáth,"6722 Szeged, Mikszáth Kálmán utca 15.",S,R
50468555,MKKBHUHB,MBH Bank Nyrt.,"6900 Makó, Úri utca 1.",S,R
50468562,MKKBHUHB,MBH Bank Nyrt.,"6800 Hódmezővásárhely, Andrássy út 50.",S,R
50468579,MKKBHUHB,MBH Bank Nyrt.,"6800 Hódmezővásárhely, Andrássy út 50.",S,R
50468586,MKKBHUHB,MBH Bank Nyrt.,"6900 Makó, Úri utca 1.",S,R
50468593,MKKBHUHB,MBH Szeged Mikszáth,"6722 Szeged, Mikszáth Kálmán utca 15.",S,R
50468603,MKKBHUHB,MBH Bank Nyrt.,"1117 Budapest, Magyar Tudósok körútja 9.G.épület",S,R
50468610,MKKBHUHB,MBH Bank Nyrt.,"1117 Budapest, Magyar Tudósok körútja 9.G.épület",S,R
50468627,MKKBHUHB,MBH Bank Nyrt.,"1117 Budapest, Magyar Tudósok körútja 9.G.épület",S,R
50468634,MKKBHUHB,MBH Bank Nyrt.,"1117 Budapest, Magyar Tudósok körútja 9.G.épület",S,R
50468641,MKKBHUHB,MBH Bank Nyrt.,"1117 Budapest, Magyar Tudósok körútja 9.G.épület",S,R
50468658,MKKBHUHB,MBH Bank Nyrt.,"1117 Budapest, Magyar Tudósok körútja 9.G.épület",S,R
50468665,MKKBHUHB,MBH Bank Nyrt.,"1117 Budapest, Magyar Tudósok körútja 9.G.épület",S,R
50468672,MKKBHUHB,MBH Bank Nyrt.,"1117 Budapest, Magyar Tudósok körútja 9.G.épület",S,R
50468689,MKKBHUHB,MBH Bank Nyrt.,"1117 Budapest, Magyar Tudósok körútja 9.G.épület",S,R
50468696,MKKBHUHB,MBH Bank Nyrt.,"1117 Budapest, Magyar Tudósok körútja 9.G.épület",S,R
50468706,MKKBHUHB,MBH Bank Nyrt.,"5440 Kunszentmárton, Mátyás  Király út 1.",S,R
50468713,MKKBHUHB,MBH Bank Nyrt.,"5440 Kunszentmárton, Mátyás  Király út 1.",S,R
50468720,MKKBHUHB,MBH Bank Nyrt.,"5440 Kunszentmárton, Mátyás  Király út 1.",S,R
50468737,MKKBHUHB,MBH Bank Nyrt.,"5400 Mezőtúr, Dózsa  György utca 24.",S,R
50468744,MKKBHUHB,MBH Bank Nyrt.,"1117 Budapest, Magyar Tudósok körútja 9.G.épület",S,R
50468751,MKKBHUHB,MBH Bank Nyrt.,"5440 Kunszentmárton, Mátyás Király út 1.",S,R
50468768,MKKBHUHB,MBH Bank Nyrt.,"5440 Kunszentmárton, Mátyás Király út 1.",S,R
50468775,MKKBHUHB,MBH Bank Nyrt.,"6065 Lakitelek, Liget utca 2.",S,R
50468782,MKKBHUHB,MBH Bank Nyrt.,"5440 Kunszentmárton, Mátyás Király út 1.",S,R
50468799,MKKBHUHB,MBH Bank Nyrt.,"5471 Tiszakürt, Fő utca 16.",S,R
50468809,MKKBHUHB,MBH Bank Nyrt.,"5400 Mezőtúr, Dózsa Gy. utca 24.",S,R
50468816,MKKBHUHB,MBH Bank Nyrt.,"5420 Túrkeve, Petőfi tér 3-5.",S,R
50468823,MKKBHUHB,MBH Bank Nyrt.,"5000 Szolnok, Kossuth tér 7-8.",S,R
50468830,MKKBHUHB,MBH Bank Nyrt.,"5000 Szolnok, Nagy  Imre körút 10/A.",S,R
50468847,MKKBHUHB,MBH Bank Nyrt.,"5000 Szolnok, Nagy Imre körút 10/A.",S,R
50468854,MKKBHUHB,MBH Bank Nyrt.,"5085 Rákóczifalva, Rákóczi út 55.",S,R
50468861,MKKBHUHB,MBH Bank Nyrt.,"5200 Törökszentmiklós, Kossuth út 146.",S,R
50468878,MKKBHUHB,MBH Bank Nyrt.,"5085 Rákóczifalva, Rákóczi út 55.",S,R
50468885,MKKBHUHB,MBH Bank Nyrt.,"5000 Szolnok, Nagy  Imre körút 10/A.",S,R
50468892,MKKBHUHB,MBH Bank Nyrt.,"5430 Tiszaföldvár, Kossuth L. utca 139.",S,R
50468902,MKKBHUHB,MBH Bank Nyrt.,"4033 Debrecen, Mátyás király utca 29.",S,R
50468919,MKKBHUHB,MBH Bank Nyrt.,"5350 Tiszafüred, Kossuth tér 17.",S,R
50468926,MKKBHUHB,MBH Bank Nyrt.,"5241 Abádszalók, István király út 8.",S,R
50468933,MKKBHUHB,MBH Bank Nyrt.,"5241 Abádszalók, István király út 8.",S,R
50468940,MKKBHUHB,MBH Bank Nyrt.,"5241 Abádszalók, István  király utca 8.",S,R
50468957,MKKBHUHB,MBH Bank Nyrt.,"5350 Tiszafüred, Kossuth tér 17.",S,R
50468964,MKKBHUHB,MBH Bank Nyrt.,"5350 Tiszafüred, Kossuth tér 17.",S,R
50468971,MKKBHUHB,MBH Bank Nyrt.,"5350 Tiszafüred, Kossuth tér 17.",S,R
50468988,MKKBHUHB,MBH Bank Nyrt.,"5350 Tiszafüred, Kossuth tér 17.",S,R
50468995,MKKBHUHB,MBH Bank Nyrt.,"5300 Karcag, Kálvin utca 1-2.",S,R
50469006,MKKBHUHB,MBH Bank Nyrt.,"5340 Kunhegyes, Szabadság tér 11.",S,R
50469013,MKKBHUHB,MBH Bank Nyrt. Csabacenter,"5600 Békéscsaba, Andrássy út 37-43.",S,R
50469020,MKKBHUHB,MBH Bank Nyrt.,"5350 Tiszafüred, Kossuth tér 17",S,R
50469037,MKKBHUHB,MBH Bank Nyrt.,"5241 Abádszalók, István király utca 8.",S,R
50469044,MKKBHUHB,MBH Bank Nyrt.,"4026 Debrecen, Bethlen  G. utca 6-8.",S,R
50469051,MKKBHUHB,MBH Bank Nyrt.,"5100 Jászberény, Szabadság tér 9-10.",S,R
50469068,MKKBHUHB,MBH Bank Nyrt.,"5100 Jászberény, Szabadság tér 9-10.",S,R
50469075,MKKBHUHB,MBH Bank Nyrt.,"5100 Jászberény, Szabadság tér 9-10.",S,R
50469082,MKKBHUHB,MBH Bank Nyrt.,"5126 Jászfényszaru, Szabadság út 1.",S,R
50469099,MKKBHUHB,MBH Bank Nyrt.,"5000 Szolnok, Kossuth tér 7-8.",S,R
50469109,MKKBHUHB,MBH Bank Nyrt.,"5054 Jászalsószentgyörgy, Fő út 66.",S,R
50469116,MKKBHUHB,MBH Bank Nyrt.,"5054 Jászalsószentgyörgy, Fő út 66.",S,R
50469123,MKKBHUHB,MBH Bank Nyrt.,"5054 Jászalsószentgyörgy, Fő út 66.",S,R
50469130,MKKBHUHB,MBH Bank Nyrt.,"5144 Jászboldogháza, Kossuth Lajos utca 2.",S,R
50469147,MKKBHUHB,MBH Bank Nyrt.,"5142 Alattyán, Szent István tér 2.",S,R
50469154,MKKBHUHB,MBH Bank Nyrt.,"5100 Jászberény, Szabadság tér 9-10.",S,R
50469161,MKKBHUHB,MBH Bank Nyrt.,"5430 Tiszaföldvár, Kossuth L. utca 139.",S,R
50469178,MKKBHUHB,MBH Bank Nyrt.,"5435 Martfű, Május 1. út 14.",S,R
50469185,MKKBHUHB,MBH Bank Nyrt.,"5231 Fegyvernek, Szent  Erzsébet út 138.",S,R
50469192,MKKBHUHB,MBH Bank Nyrt.,"5331 Kenderes, Szent István út 34.",S,R
50469202,MKKBHUHB,MBH Bank Nyrt.,"5231 Fegyvernek, Szent  Erzsébet út 138.",S,R
50469219,MKKBHUHB,MBH Bank Nyrt.,"5241 Abádszalók, István  király utca 8.",S,R
50469226,MKKBHUHB,MBH Bank Nyrt.,"5400 Mezőtúr, Dózsa György utca 24.",S,R
50469233,MKKBHUHB,MBH Bank Nyrt.,"5200 Törökszentmiklós, Kossuth Lajos út 142-146.",S,R
50469240,MKKBHUHB,MBH Bank Nyrt.,"5200 Törökszentmiklós, Kossuth Lajos út 142-146.",S,R
50469257,MKKBHUHB,MBH Bank Nyrt.,"5310 Kisújszállás, Szabadság utca 8.",S,R
50469264,MKKBHUHB,MBH Bank Nyrt.,"5200 Törökszentmiklós, Kossuth Lajos út 142-146.",S,R
50469271,MKKBHUHB,MBH Bank Nyrt.,"5435 Martfű, Május  1. út 14.",S,R
50469288,MKKBHUHB,MBH Bank Nyrt.,"6635 Szegvár, Szabadság tér 1.",S,R
50469295,MKKBHUHB,MBH Bank Nyrt.,"6600 Szentes, Szabadság tér 2.",S,R
50469305,MKKBHUHB,MBH Bank Nyrt.,"6647 Csanytelek, Radnóti  Miklós utca 19.",S,R
50469312,MKKBHUHB,MBH Bank Nyrt.,"6600 Szentes, Szabadság tér 2.",S,R
50469329,MKKBHUHB,MBH Bank Nyrt.,"6640 Csongrád, Fő utca 28.",S,R
50469336,MKKBHUHB,MBH Bank Nyrt.,"6647 Csanytelek, Radnóti Miklós utca 19.",S,R
50469343,MKKBHUHB,MBH Bank Nyrt.,"6640 Csongrád, Fő utca 28.",S,R
50469350,MKKBHUHB,MBH Bank Nyrt.,"6640 Csongrád, Fő utca 28.",S,R
50469367,MKKBHUHB,MBH Bank Nyrt.,"6600 Szentes, Szabadság tér 2.",S,R
50469374,MKKBHUHB,MBH Bank Nyrt.,"6622 Nagymágocs, Szentesi út 52/A.",S,R
50469381,MKKBHUHB,MBH Bank Nyrt.,"6630 Mindszent, Csokonai Vitéz Mihály utca 28.",S,R
50469398,MKKBHUHB,MBH Bank Nyrt.,"6100 Kiskunfélegyháza, Fekete  Pál sétány 2.",S,R
50469408,MKKBHUHB,MBH Bank Nyrt.,"6800 Hódmezővásárhely, Andrássy út 50.",S,R
50469415,MKKBHUHB,MBH Bank Nyrt.,"6635 Szegvár, Szabadság tér 1.",S,R
50469422,MKKBHUHB,MBH Bank Nyrt.,"6760 Kistelek, Szent László tér 2.",S,R
50469439,MKKBHUHB,MBH Bank Nyrt.,"6630 Mindszent, Csokonai  Vitéz  Mihály utca 28.",S,R
50469446,MKKBHUHB,MBH Bank Nyrt.,"6600 Szentes, Szabadság tér 2.",S,R
50469453,MKKBHUHB,MBH Bank Nyrt.,"5052 Újszász, Erkel  Ferenc út 2/A",S,R
50469460,MKKBHUHB,MBH Bank Nyrt.,"5052 Újszász, Erkel  Ferenc út 2/A",S,R
50469477,MKKBHUHB,MBH Bank Nyrt.,"5052 Újszász, Erkel  Ferenc út 2/A",S,R
50469484,MKKBHUHB,MBH Bank Nyrt.,"5000 Szolnok, Nagy  Imre körút 10/A.",S,R
50469491,MKKBHUHB,MBH Bank Nyrt.,"5000 Szolnok, Kossuth tér 7-8.",S,R
50469501,MKKBHUHB,MBH Bank Nyrt.,"2740 Abony, Kossuth tér 3-4.",S,R
50469518,MKKBHUHB,MBH Bank Nyrt.,"2700 Cegléd, Eötvös tér 6.",S,R
50469525,MKKBHUHB,MBH Bank Nyrt.,"5091 Tószeg, Rákóczi út 33/A",S,R
50469532,MKKBHUHB,MBH Bank Nyrt.,"5091 Tószeg, Rákóczi út 33/A",S,R
50469549,MKKBHUHB,MBH Bank Nyrt.,"5091 Tószeg, Rákóczi út 33/A",S,R
50469556,MKKBHUHB,MBH Bank Nyrt.,"1033 Budapest, Flórián tér 4-5.",S,R
50700004,MKKBHUHB,MBH Bank Nyrt.,"7940 Szentlőrinc, Munkácsy Mihály utca 19.",S,R
50700011,MKKBHUHB,MBH Bank Nyrt.,"7940 Szentlőrinc, Munkácsy Mihály utca 19.",S,R
50700028,MKKBHUHB,MBH Bank Nyrt.,"7633 Pécs, Páfrány utca 2/A",S,R
50700035,MKKBHUHB,MBH Bank Nyrt.,"7940 Szentlőrinc, Munkácsy Mihály utca 19.",S,R
50700042,MKKBHUHB,MBH Bank Nyrt.,"7940 Szentlőrinc, Munkácsy Mihály utca 19.",S,R
50700059,MKKBHUHB,MBH Bank Nyrt.,"7622 Pécs, Bajcsy-Zsilinszky utca 7.",S,R
50700066,MKKBHUHB,MBH Bank Nyrt.,"7633 Pécs, Páfrány utca 2/A",S,R
50700073,MKKBHUHB,MBH Bank Nyrt.,"7622 Pécs, Bajcsy-Zsilinszky utca 7.",S,R
50700097,MKKBHUHB,MBH Bank Nyrt.,"8900 Zalaegerszeg, Eötvös József utca 1-3.",S,R
50700107,MKKBHUHB,MBH Bank Nyrt.,"8600 Siófok, Széchenyi utca 6/B",S,R
50700114,MKKBHUHB,MBH Bank Nyrt.,"7633 Pécs, Páfrány utca 2/A",S,R
50700138,MKKBHUHB,MBH Bank Nyrt.,"7960 Sellye, Mátyás király utca 73.",S,R
50700145,MKKBHUHB,MBH Bank Nyrt.,"7838 Vajszló, Kodolányi tér 2.",S,R
50700152,MKKBHUHB,MBH Bank Nyrt.,"7960 Sellye, Mátyás király utca 73.",S,R
50800001,MKKBHUHB,MBH Bank Nyrt.,"7900 Szigetvár, József Attila utca 19.",S,R
50800018,MKKBHUHB,MBH Bank Nyrt.,"7900 Szigetvár, József Attila utca 19.",S,R
50800025,MKKBHUHB,MBH Bank Nyrt.,"7900 Szigetvár, József Attila utca 19.",S,R
50800032,MKKBHUHB,MBH Bank Nyrt.,"7900 Szigetvár, József Attila utca 19.",S,R
50800049,MKKBHUHB,MBH Bank Nyrt.,"7900 Szigetvár, József Attila utca 19.",S,R
50800056,MKKBHUHB,MBH Bank Nyrt.,"7900 Szigetvár, József  Attila utca 19.",S,R
50800063,MKKBHUHB,MBH Bank Nyrt.,"7900 Szigetvár, József  Attila utca 19.",S,R
50800070,MKKBHUHB,MBH Bank Nyrt.,"7900 Szigetvár, József  Attila utca 19.",S,R
50800087,MKKBHUHB,MBH Bank Nyrt.,"7900 Szigetvár, József Attila utca 19.",S,R
50800094,MKKBHUHB,MBH Bank Nyrt.,"7900 Szigetvár, József Attila utca 19.",S,R
50800104,MKKBHUHB,MBH Bank Nyrt.,"7633 Pécs, Páfrány utca 2/A",S,R
50800111,MKKBHUHB,MBH Bank Nyrt.,"7622 Pécs, Bajcsy-Zsilinszky utca 7.",S,R
50800128,MKKBHUHB,MBH Bank Nyrt.,"6000 Kecskemét, Dobó körút 15.",S,R
50800135,MKKBHUHB,MBH Bank Nyrt.,"7900 Szigetvár, József  Attila utca 19.",S,R
50800142,MKKBHUHB,MBH Bank Nyrt.,"7300 Komló, Városház tér 5.",S,R
50800159,MKKBHUHB,MBH Bank Nyrt.,"7100 Szekszárd, Széchenyi utca 62.",S,R
50800166,MKKBHUHB,MBH Bank Nyrt.,"7622 Pécs, Bajcsy-Zsilinszky utca 7.",S,R
50800173,MKKBHUHB,MBH Bank Nyrt.,"7815 Harkány, Kossuth Lajos utca 16.",S,R
50800180,MKKBHUHB,MBH Bank Nyrt.,"7761 Kozármisleny, Orgona utca 2.",S,R
50800197,MKKBHUHB,MBH Bank Nyrt.,"7633 Pécs, Páfrány utca 2/A",S,R
50800207,MKKBHUHB,MBH Bank Nyrt.,"7900 Szigetvár, József Attila utca 19.",S,R
50800214,MKKBHUHB,MBH Bank Nyrt.,"8623 Balatonföldvár, Balatonszentgyörgyi út 1.",S,R
50800221,MKKBHUHB,MBH Bank Nyrt.,"8600 Siófok, Széchenyi utca 6/B",S,R
50800238,MKKBHUHB,MBH Bank Nyrt.,"8654 Ságvár, Petőfi Sándor utca 18/A",S,R
50800245,MKKBHUHB,MBH Bank Nyrt.,"8654 Ságvár, Petőfi Sándor utca 18/A",S,R
50800252,MKKBHUHB,MBH Bank Nyrt.,"7400 Kaposvár, Áchim András utca 4.",S,R
50800269,MKKBHUHB,MBH Bank Nyrt.,"8660 Tab, Kossuth Lajos utca 84/b.",S,R
50800276,MKKBHUHB,MBH Bank Nyrt.,"8600 Siófok, Széchenyi utca 6/B",S,R
50800283,MKKBHUHB,MBH Bank Nyrt.,"8660 Tab, Kossuth Lajos utca 84/B.",S,R
50800290,MKKBHUHB,MBH Bank Nyrt.,"8600 Siófok, Széchenyi utca 6/B",S,R
50800300,MKKBHUHB,MBH Bank Nyrt.,"8623 Balatonföldvár, Balatonszentgyörgyi út 1.",S,R
50800317,MKKBHUHB,MBH Bank Nyrt.,"7100 Szekszárd, Széchenyi utca 62.",S,R
50800324,MKKBHUHB,MBH Bank Nyrt.,"7570 Barcs, Bajcsy-Zsilinszky utca 83.",S,R
50800609,MKKBHUHB,MBH Bank Nyrt.,"7720 Pécsvárad, Kossuth Lajos utca 30.",S,R
50800616,MKKBHUHB,MBH Bank Nyrt.,"7694 Hosszúhetény, Fő utca 176.",S,R
50800623,MKKBHUHB,MBH Bank Nyrt.,"7622 Pécs, Bajcsy-Zsilinszky utca 7.",S,R
50800630,MKKBHUHB,MBH Bank Nyrt.,"7720 Pécsvárad, Kossuth Lajos utca 30.",S,R
50800647,MKKBHUHB,MBH Bank Nyrt.,"7700 Mohács, Dózsa György utca 31.",S,R
50800654,MKKBHUHB,MBH Bank Nyrt.,"7720 Pécsvárad, Kossuth Lajos utca 30.",S,R
50800661,MKKBHUHB,MBH Bank Nyrt.,"7761 Kozármisleny, Orgona utca 2.",S,R
50800678,MKKBHUHB,MBH Bank Nyrt.,"7622 Pécs, Bajcsy-Zsilinszky utca 7.",S,R
50800685,MKKBHUHB,MBH Bank Nyrt.,"7695 Mecseknádasd, Rákóczi Ferenc utca 40.",S,R
50800692,MKKBHUHB,MBH Bank Nyrt.,"7622 Pécs, Bajcsy-Zsilinszky utca 7.",S,R
50800702,MKKBHUHB,MBH Bank Nyrt.,"7622 Pécs, Bajcsy-Zsilinszky utca 7.",S,R
50800719,MKKBHUHB,MBH Bank Nyrt.,"7150 Bonyhád, Szabadság tér 9.",S,R
50800726,MKKBHUHB,MBH Bank Nyrt.,"7720 Pécsvárad, Kossuth Lajos utca 30.",S,R
50800733,MKKBHUHB,MBH Bank Nyrt.,"7030 Paks, Táncsics  Mihály utca 4.",S,R
50800740,MKKBHUHB,MBH Bank Nyrt.,"7100 Szekszárd, Széchenyi utca 62.",S,R
50800757,MKKBHUHB,MBH Bank Nyrt.,"8900 Zalaegerszeg, Eötvös József utca 1-3.",S,R
50800764,MKKBHUHB,MBH Bank Nyrt.,"7400 Kaposvár, Áchim András utca 4.",S,R
50800771,MKKBHUHB,MBH Bank Nyrt.,"7622 Pécs, Bajcsy-Zsilinszky utca 7.",S,R
50800788,MKKBHUHB,MBH Bank Nyrt.,"8800 Nagykanizsa, Erzsébet tér 1.",S,R
50800795,MKKBHUHB,MBH Bank Nyrt.,"8840 Csurgó, Csokonai utca 14.",S,R
50800805,MKKBHUHB,MBH Bank Nyrt.,"7940 Szentlőrinc, Munkácsy Mihály utca 19.",S,R
50800812,MKKBHUHB,MBH Bank Nyrt.,"7633 Pécs, Páfrány utca 2/A",S,R
50800829,MKKBHUHB,MBH Bank Nyrt.,"7940 Szentlőrinc, Munkácsy Mihály utca 19.",S,R
50800836,MKKBHUHB,MBH Bank Nyrt.,"7940 Szentlőrinc, Munkácsy Mihály utca 19.",S,R
50800843,MKKBHUHB,MBH Bank Nyrt.,"7622 Pécs, Bajcsy-Zsilinszky utca 7.",S,R
50800850,MKKBHUHB,MBH Bank Nyrt.,"7633 Pécs, Páfrány utca 2/A",S,R
50800867,MKKBHUHB,MBH Bank Nyrt.,"7622 Pécs, Bajcsy-Zsilinszky utca 7.",S,R
50800874,MKKBHUHB,MBH Bank Nyrt.,"8900 Zalaegerszeg, Eötvös József utca 1-3.",S,R
50800881,MKKBHUHB,MBH Bank Nyrt.,"8600 Siófok, Széchenyi utca 6/B",S,R
50800898,MKKBHUHB,MBH Bank Nyrt.,"7633 Pécs, Páfrány utca 2/A",S,R
50800908,MKKBHUHB,MBH Bank Nyrt.,"7960 Sellye, Mátyás király utca 73.",S,R
50800915,MKKBHUHB,MBH Bank Nyrt.,"7838 Vajszló, Kodolányi tér 2.",S,R
50800922,MKKBHUHB,MBH Bank Nyrt.,"7960 Sellye, Mátyás király utca 73.",S,R
50801002,MKKBHUHB,MBH Bank Nyrt.,"7622 Pécs, Bajcsy-Zsilinszky utca 7.",S,R
50802003,MKKBHUHB,MBH Bank Nyrt.,"7622 Pécs, Bajcsy-Zsilinszky utca 7.",S,R
50803004,MKKBHUHB,MBH Bank Nyrt.,"7622 Pécs, Bajcsy-Zsilinszky utca 7.",S,R
50804005,MKKBHUHB,MBH Bank Nyrt.,"7900 Szigetvár, József Attila utca 19.",S,R
50805006,MKKBHUHB,MBH Bank Nyrt.,"8623 Balatonföldvár, Balatonszentgyörgyi út 1.",S,R
50807008,MKKBHUHB,MBH Bank Nyrt.,"7633 Pécs, Páfrány utca 2/A",S,R
50808009,MKKBHUHB,MBH Bank Nyrt.,"7100 Szekszárd, Széchenyi utca 62.",S,R
50809000,MKKBHUHB,MBH Bank Nyrt.,"8900 Zalaegerszeg, Eötvös József utca 1-3.",S,R
51000015,MKKBHUHB,MBH Bank Nyrt.,"6430 Bácsalmás, Gróf Teleki József utca 2.",S,R
51000022,MKKBHUHB,MBH Bank Nyrt.,"6453 Bácsbokod, Gróf Széchenyi István utca 85.",S,R
51000046,MKKBHUHB,MBH Bank Nyrt.,"6430 Bácsalmás, Gróf Teleki József utca 2.",S,R
51000053,MKKBHUHB,MBH Bank Nyrt.,"6430 Bácsalmás, Gróf Teleki József utca 2.",S,R
51000060,MKKBHUHB,MBH Bank Nyrt.,"6430 Bácsalmás, Gróf Teleki József utca 2.",S,R
51000077,MKKBHUHB,MBH Bank Nyrt.,"6430 Bácsalmás, Gróf Teleki József utca 2.",S,R
51000084,MKKBHUHB,MBH Bank Nyrt.,"6430 Bácsalmás, Gróf Teleki József utca 2.",S,R
51000091,MKKBHUHB,MBH Bank Nyrt.,"6500 Baja, Szentháromság tér 7.",S,R
51000118,MKKBHUHB,MBH Bank Nyrt.,"6500 Baja, Szentháromság tér 7.",S,R
51000125,MKKBHUHB,MBH Bank Nyrt.,"6500 Baja, Szentháromság tér 7.",S,R
51000132,MKKBHUHB,MBH Bank Nyrt.,"6521 Vaskút, Alkotmány utca 3/A",S,R
51000149,MKKBHUHB,MBH Bank Nyrt.,"6521 Vaskút, Alkotmány utca 3/A",S,R
51000156,MKKBHUHB,MBH Bank Nyrt.,"6500 Baja, Szentháromság tér 7.",S,R
51000163,MKKBHUHB,MBH Bank Nyrt.,"6525 Hercegszántó, Albert Flórián tér 2/b.",S,R
51000170,MKKBHUHB,MBH Bank Nyrt.,"6525 Hercegszántó, Albert Flórián tér 2/b.",S,R
51000187,MKKBHUHB,MBH Bank Nyrt.,"6500 Baja, Szentháromság tér 7.",S,R
51000194,MKKBHUHB,MBH Bank Nyrt.,"6500 Baja, Szentháromság tér 7.",S,R
51100005,MKKBHUHB,MBH Bank Nyrt.,"6440 Jánoshalma, Dózsa  György utca 82.",S,R
51100012,MKKBHUHB,MBH Bank Nyrt.,"6440 Jánoshalma, Dózsa  György utca 82.",S,R
51100029,MKKBHUHB,MBH Bank Nyrt.,"6453 Bácsbokod, Gróf Széchenyi István utca 85.",S,R
51100036,MKKBHUHB,MBH Bank Nyrt.,"6440 Jánoshalma, Dózsa György utca 82.",S,R
51100043,MKKBHUHB,MBH Bank Nyrt.,"6453 Bácsbokod, Gróf  Széchenyi István utca 85.",S,R
51100050,MKKBHUHB,MBH Bank Nyrt.,"6453 Bácsbokod, Gróf Széchenyi István utca 85.",S,R
51100067,MKKBHUHB,MBH Bank Nyrt.,"6500 Baja, Szentháromság tér 7.",S,R
51100074,MKKBHUHB,MBH Bank Nyrt.,"6400 Kiskunhalas, Kossuth utca 4.",S,R
51200002,MKKBHUHB,MBH Bank Nyrt.,"6328 Dunapataj, Ordasi utca 26.",S,R
51200019,MKKBHUHB,MBH Bank Nyrt.,"6334 Géderlak, Kossuth utca 66.",S,R
51200026,MKKBHUHB,MBH Bank Nyrt.,"6336 Szakmár, Árpád utca 5/A.",S,R
51200033,MKKBHUHB,MBH Bank Nyrt.,"6334 Géderlak, Kossuth utca 66.",S,R
51200040,MKKBHUHB,MBH Bank Nyrt.,"6334 Géderlak, Kossuth utca 66.",S,R
51200057,MKKBHUHB,MBH Bank Nyrt.,"6334 Géderlak, Kossuth utca 66.",S,R
51200064,MKKBHUHB,MBH Bank Nyrt.,"6328 Dunapataj, Ordasi utca 26.",S,R
51200071,MKKBHUHB,MBH Bank Nyrt.,"6300 Kalocsa, Hunyadi utca 47-49.",S,R
51400013,MKKBHUHB,MBH Bank Nyrt.,"6344 Hajós, Rózsa utca 2.",S,R
51400020,MKKBHUHB,MBH Bank Nyrt.,"6300 Kalocsa, Hunyadi utca 47-49.",S,R
51400037,MKKBHUHB,MBH Bank Nyrt.,"6341 Homokmégy, Kossuth utca 39.",S,R
51400044,MKKBHUHB,MBH Bank Nyrt.,"6353 Dusnok, Tulipán utca 6/b.",S,R
51400051,MKKBHUHB,MBH Bank Nyrt.,"6300 Kalocsa, Hunyadi utca 47-49.",S,R
51400068,MKKBHUHB,MBH Bank Nyrt.,"6344 Hajós, Rózsa utca 2.",S,R
51400075,MKKBHUHB,MBH Bank Nyrt.,"6300 Kalocsa, Hunyadi utca 47-49.",S,R
51500003,MKKBHUHB,MBH Bank Nyrt.,"6326 Harta, Kossuth Lajos utca 31.",S,R
51500010,MKKBHUHB,MBH Bank Nyrt.,"6326 Harta, Kossuth Lajos utca 31.",S,R
51700007,MKKBHUHB,MBH Bank Nyrt.,"6133 Jászszentlászló, Alkotmány utca 2/A",S,R
51700014,MKKBHUHB,MBH Bank Nyrt.,"6120 Kiskunmajsa, Fő utca 57.",S,R
51700021,MKKBHUHB,MBH Bank Nyrt.,"6120 Kiskunmajsa, Fő utca 57.",S,R
51700038,MKKBHUHB,MBH Bank Nyrt.,"6100 Kiskunfélegyháza, Fekete  Pál sétány 2.",S,R
51700045,MKKBHUHB,MBH Bank Nyrt.,"6120 Kiskunmajsa, Fő utca 57.",S,R
51700052,MKKBHUHB,MBH Bank Nyrt.,"6120 Kiskunmajsa, Fő utca 57.",S,R
51700069,MKKBHUHB,MBH Bank Nyrt.,"6100 Kiskunfélegyháza, Fekete  Pál sétány 2.",S,R
51700076,MKKBHUHB,MBH Bank Nyrt.,"6120 Kiskunmajsa, Fő utca 57.",S,R
51700083,MKKBHUHB,MBH Bank Nyrt.,"6449 Mélykút, Petőfi tér 3.",S,R
51700090,MKKBHUHB,MBH Bank Nyrt.,"6100 Kiskunfélegyháza, Fekete Pál sétány 2.",S,R
51700100,MKKBHUHB,MBH Bank Nyrt.,"6000 Kecskemét, Szabadság tér 3.",S,R
51700117,MKKBHUHB,MBH Bank Nyrt.,"6041 Kerekegyháza, Fő utca 82/a.",S,R
51700124,MKKBHUHB,MBH Bank Nyrt.,"6000 Kecskemét, Széchenyi sétány 5/a.",S,R
51700131,MKKBHUHB,MBH Bank Nyrt.,"6050 Lajosmizse, Szabadság tér 10.",S,R
51700148,MKKBHUHB,MBH Bank Nyrt.,"6090 Kunszentmiklós, Kálvin tér 11.",S,R
51700155,MKKBHUHB,MBH Bank Nyrt.,"6000 Kecskemét, Széchenyi sétány 5/a.",S,R
51700162,MKKBHUHB,MBH Bank Nyrt.,"6050 Lajosmizse, Szabadság tér 10.",S,R
51700179,MKKBHUHB,MBH Bank Nyrt.,"6066 Tiszaalpár, Alkotmány utca 10.",S,R
51700186,MKKBHUHB,MBH Bank Nyrt.,"6060 Tiszakécske, Szent Imre tér 3.",S,R
51700193,MKKBHUHB,MBH Bank Nyrt.,"6000 Kecskemét, Szabadság tér 3.",S,R
51700203,MKKBHUHB,MBH Bank Nyrt.,"2300 Ráckeve, Kossuth  Lajos utca 32.",S,R
51700210,MKKBHUHB,MBH Bank Nyrt.,"2336 Dunavarsány, Kossuth  Lajos utca 38.",S,R
51700227,MKKBHUHB,MBH Bank Nyrt.,"6500 Baja, Szentháromság tér 7.",S,R
51700234,MKKBHUHB,MBH Bank Nyrt.,"2300 Ráckeve, Kossuth Lajos utca 32.",S,R
51700241,MKKBHUHB,MBH Bank Nyrt.,"2300 Ráckeve, Kossuth Lajos utca 32.",S,R
51700258,MKKBHUHB,MBH Bank Nyrt.,"2315 Szigethalom, Mű út 73/H",S,R
51700265,MKKBHUHB,MBH Bank Nyrt.,"1201 Budapest, Kossuth utca 32-36",S,R
51700272,MKKBHUHB,MBH Bank Nyrt.,"2300 Ráckeve, Kossuth Lajos utca 32.",S,R
51700289,MKKBHUHB,MBH Bank Nyrt.,"2300 Ráckeve, Kossuth Lajos utca 32.",S,R
51700296,MKKBHUHB,MBH Bank Nyrt.,"6000 Kecskemét, Szabadság tér 3.",S,R
51700306,MKKBHUHB,MBH Bank Nyrt.,"6400 Kiskunhalas, Kossuth utca 4.",S,R
51700313,MKKBHUHB,MBH Bank Nyrt.,"6230 Soltvadkert, Ifjúság útja 4.",S,R
51700320,MKKBHUHB,MBH Bank Nyrt.,"6230 Soltvadkert, Ifjúság útja 4.",S,R
51700337,MKKBHUHB,MBH Bank Nyrt.,"6200 Kiskőrös, Petőfi  Sándor tér 10-11.",S,R
51700344,MKKBHUHB,MBH Bank Nyrt.,"6230 Soltvadkert, Ifjúság útja 4.",S,R
51700351,MKKBHUHB,MBH Bank Nyrt.,"6230 Soltvadkert, Ifjúság útja 4.",S,R
51700368,MKKBHUHB,MBH Bank Nyrt.,"6230 Soltvadkert, Ifjúság útja 4.",S,R
51700375,MKKBHUHB,MBH Bank Nyrt.,"6328 Dunapataj, Ordasi utca 26.",S,R
51700382,MKKBHUHB,MBH Bank Nyrt.,"6334 Géderlak, Kossuth utca 66.",S,R
51700399,MKKBHUHB,MBH Bank Nyrt.,"6300 Kalocsa, Hunyadi utca 47-49.",S,R
51700409,MKKBHUHB,MBH Bank Nyrt.,"6300 Kalocsa, Hunyadi utca 47-49.",S,R
51700416,MKKBHUHB,MBH Bank Nyrt.,"6334 Géderlak, Kossuth utca 66.",S,R
51700423,MKKBHUHB,MBH Bank Nyrt.,"6300 Kalocsa, Hunyadi utca 47-49.",S,R
51700430,MKKBHUHB,MBH Bank Nyrt.,"6336 Szakmár, Árpád utca 5/A.",S,R
51700447,MKKBHUHB,MBH Bank Nyrt.,"6320 Solt, Posta utca 14.",S,R
51700454,MKKBHUHB,MBH Bank Nyrt.,"6087 Dunavecse, Fő út 26.",S,R
51700461,MKKBHUHB,MBH Bank Nyrt.,"6320 Solt, Posta utca 14.",S,R
51700478,MKKBHUHB,MBH Bank Nyrt.,"6087 Dunavecse, Fő út 26.",S,R
51700485,MKKBHUHB,MBH Bank Nyrt.,"6070 Izsák, Szabadság tér 10.",S,R
51700519,MKKBHUHB,MBH Bank Nyrt.,"6100 Kiskunfélegyháza, Fekete Pál sétány 2.",S,R
51700526,MKKBHUHB,MBH Bank Nyrt.,"6000 Kecskemét, Dobó körút 15.",S,R
51900018,MKKBHUHB,MBH Bank Nyrt.,"6100 Kiskunfélegyháza, Fekete Pál sétány 2.",S,R
51900025,MKKBHUHB,MBH Bank Nyrt.,"6100 Kiskunfélegyháza, Fekete Pál sétány 2.",S,R
51900032,MKKBHUHB,MBH Bank Nyrt.,"6000 Kecskemét, Szabadság tér 3.",S,R
51900049,MKKBHUHB,MBH Bank Nyrt.,"6000 Kecskemét, Szabadság tér 3.",S,R
51900056,MKKBHUHB,MBH Bank Nyrt.,"6000 Kecskemét, Szabadság tér 3.",S,R
52000018,MKKBHUHB,MBH Bank Nyrt.,"6065 Lakitelek, Liget utca 2.",S,R
52000025,MKKBHUHB,MBH Bank Nyrt.,"6065 Lakitelek, Liget utca 2.",S,R
52000032,MKKBHUHB,MBH Bank Nyrt.,"6065 Lakitelek, Liget utca 2.",S,R
52000049,MKKBHUHB,MBH Bank Nyrt.,"6000 Kecskemét, Dobó körút 15.",S,R
52000056,MKKBHUHB,MBH Bank Nyrt.,"6000 Kecskemét, Dobó körút 15.",S,R
52000991,MKKBHUHB,MBH Bank Nyrt.,"6065 Lakitelek, Liget utca 2.",S,R
52300019,MKKBHUHB,MBH Bank Nyrt.,"6345 Nemesnádudvar, Petőfi utca 41//b",S,R
52300026,MKKBHUHB,MBH Bank Nyrt.,"6347 Érsekcsanád, Dózsa  György utca 78.",S,R
52300033,MKKBHUHB,MBH Bank Nyrt.,"6346 Sükösd, Dózsa  György utca 165",S,R
52300040,MKKBHUHB,MBH Bank Nyrt.,"6353 Dusnok, Tulipán utca 6/b.",S,R
52500013,MKKBHUHB,MBH Bank Nyrt.,"6080 Szabadszállás, Kálvin tér 2.",S,R
52500020,MKKBHUHB,MBH Bank Nyrt.,"6222 Csengőd, Dózsa  György utca 69.",S,R
52500037,MKKBHUHB,MBH Bank Nyrt.,"6222 Csengőd, Dózsa György utca 69.",S,R
52500044,MKKBHUHB,MBH Bank Nyrt.,"6221 Akasztó, Fő utca 53.",S,R
52500051,MKKBHUHB,MBH Bank Nyrt.,"6200 Kiskőrös, Petőfi  Sándor tér 10-11.",S,R
52500068,MKKBHUHB,MBH Bank Nyrt.,"6200 Kiskőrös, Petőfi  Sándor tér 10-11.",S,R
52500075,MKKBHUHB,MBH Bank Nyrt.,"6200 Kiskőrös, Petőfi Sándor tér 10-11.",S,R
52500082,MKKBHUHB,MBH Bank Nyrt.,"6237 Kecel, Fő tér 8.",S,R
52500099,MKKBHUHB,MBH Bank Nyrt.,"6237 Kecel, Fő tér 8.",S,R
52500109,MKKBHUHB,MBH Bank Nyrt.,"6000 Kecskemét, Szabadság tér 3.",S,R
52500116,MKKBHUHB,MBH Bank Nyrt.,"6000 Kecskemét, Szabadság tér 3.",S,R
52500123,MKKBHUHB,MBH Bank Nyrt.,"6237 Kecel, Fő tér 8.",S,R
52500130,MKKBHUHB,MBH Bank Nyrt.,"6070 Izsák, Szabadság tér 10.",S,R
52500147,MKKBHUHB,MBH Bank Nyrt.,"6000 Kecskemét, Dobó körút 15.",S,R
52600003,MKKBHUHB,MBH Bank Nyrt.,"6320 Solt, Posta utca 14.",S,R
52600010,MKKBHUHB,MBH Bank Nyrt.,"6320 Solt, Posta utca 14.",S,R
52600027,MKKBHUHB,MBH Bank Nyrt.,"6087 Dunavecse, Fő út 26.",S,R
52600034,MKKBHUHB,MBH Bank Nyrt.,"6320 Solt, Posta utca 14.",S,R
52600041,MKKBHUHB,MBH Bank Nyrt.,"6087 Dunavecse, Fő út 26.",S,R
52600058,MKKBHUHB,MBH Bank Nyrt.,"6320 Solt, Posta utca 14.",S,R
52800014,MKKBHUHB,MBH Bank Nyrt.,"6080 Szabadszállás, Kálvin tér 2.",S,R
52800021,MKKBHUHB,MBH Bank Nyrt.,"6098 Tass, Széchenyi körút 75.",S,R
52800038,MKKBHUHB,MBH Bank Nyrt.,"6090 Kunszentmiklós, Kálvin tér 11.",S,R
52800045,MKKBHUHB,MBH Bank Nyrt.,"6090 Kunszentmiklós, Kálvin tér 11.",S,R
52800052,MKKBHUHB,MBH Bank Nyrt.,"6000 Kecskemét, Dobó körút 15.",S,R
52800997,MKKBHUHB,MBH Bank Nyrt.,"6080 Szabadszállás, Kálvin tér 2.",S,R
53100018,MKKBHUHB,MBH Bank Nyrt.,"6400 Kiskunhalas, Kossuth utca 4.",S,R
53100025,MKKBHUHB,MBH Bank Nyrt.,"6449 Mélykút, Petőfi tér 3.",S,R
53100032,MKKBHUHB,MBH Bank Nyrt.,"6440 Jánoshalma, Dózsa György utca 82.",S,R
53100049,MKKBHUHB,MBH Bank Nyrt.,"6400 Kiskunhalas, Kossuth utca 4.",S,R
53100056,MKKBHUHB,MBH Bank Nyrt.,"6400 Kiskunhalas, Kossuth utca 4.",S,R
53200015,MKKBHUHB,MBH Bank Nyrt.,"5502 Gyomaendrőd, Blaha  Lujza utca 5.",S,R
53200022,MKKBHUHB,MBH Bank Nyrt.,"5553 Kondoros, Csabai utca 14.",S,R
53200039,MKKBHUHB,MBH Bank Nyrt.,"5650 Mezőberény, Békési út 6.",S,R
53200046,MKKBHUHB,MBH Bank Nyrt.,"5650 Mezőberény, Békési út 6.",S,R
53200053,MKKBHUHB,MBH Bank Nyrt.,"5650 Mezőberény, Békési út 6.",S,R
53200060,MKKBHUHB,MBH Bank Nyrt.,"5630 Békés, Szarvasi utca 1.",S,R
53200077,MKKBHUHB,MBH Bank Nyrt.,"5630 Békés, Szarvasi utca 1.",S,R
53200084,MKKBHUHB,MBH Bank Nyrt.,"5630 Békés, Szarvasi utca 1.",S,R
53200091,MKKBHUHB,MBH Bank Nyrt.,"5600 Békéscsaba, Mednyánszky utca 8.",S,R
53200118,MKKBHUHB,MBH Bank Nyrt.,"5600 Békéscsaba, Mednyánszky utca 8.",S,R
53200125,MKKBHUHB,MBH Bank Nyrt.,"5500 Gyomaendrőd, Kossuth Lajos utca 20.",S,R
53200132,MKKBHUHB,MBH Bank Nyrt.,"5600 Békéscsaba, Mednyánszky utca 8.",S,R
53300012,MKKBHUHB,MBH Bank Nyrt.,"5920 Csorvás, Rákóczi utca 1.",S,R
53300029,MKKBHUHB,MBH Bank Nyrt.,"5675 Telekgerendás, Ady utca 18/1.",S,R
53300036,MKKBHUHB,MBH Bank Nyrt.,"5900 Orosháza, Thököly utca 15.",S,R
53300043,MKKBHUHB,MBH Bank Nyrt.,"5931 Nagyszénás, Hősök útja 2.",S,R
53300050,MKKBHUHB,MBH Bank Nyrt.,"5920 Csorvás, Rákóczi utca 1.",S,R
53300067,MKKBHUHB,MBH Bank Nyrt.,"5932 Gádoros, Nagy utca 63.",S,R
53300074,MKKBHUHB,MBH Bank Nyrt.,"5940 Tótkomlós, Kossuth Lajos utca 1.",S,R
53300081,MKKBHUHB,MBH Bank Nyrt.,"5800 Mezőkovácsháza, Árpád utca 188-192.",S,R
53300098,MKKBHUHB,MBH Bank Nyrt.,"5900 Orosháza, Thököly utca 15.",S,R
53300108,MKKBHUHB,MBH Bank Nyrt.,"5932 Gádoros, Nagy utca 63.",S,R
53300115,MKKBHUHB,MBH Bank Nyrt.,"5600 Békéscsaba, Andrássy út 29-33.",S,R
53300122,MKKBHUHB,MBH Bank Nyrt.,"5600 Békéscsaba, Andrássy út 29-33.",S,R
53300139,MKKBHUHB,MBH Bank Nyrt.,"5946 Békéssámson, Szabadság utca 66.",S,R
53300146,MKKBHUHB,MBH Bank Nyrt.,"5502 Gyomaendrőd, Blaha  Lujza utca 5.",S,R
53300153,MKKBHUHB,MBH Bank Nyrt.,"5553 Kondoros, Csabai utca 14.",S,R
53300160,MKKBHUHB,MBH Bank Nyrt.,"5650 Mezőberény, Békési út 6.",S,R
53300177,MKKBHUHB,MBH Bank Nyrt.,"5650 Mezőberény, Békési út 6.",S,R
53300184,MKKBHUHB,MBH Bank Nyrt.,"5650 Mezőberény, Békési út 6.",S,R
53300191,MKKBHUHB,MBH Bank Nyrt.,"5630 Békés, Szarvasi utca 1.",S,R
53300201,MKKBHUHB,MBH Bank Nyrt.,"5630 Békés, Szarvasi utca 1.",S,R
53300218,MKKBHUHB,MBH Bank Nyrt.,"5630 Békés, Szarvasi utca 1.",S,R
53300225,MKKBHUHB,MBH Bank Nyrt.,"5600 Békéscsaba, Mednyánszky utca 8.",S,R
53300232,MKKBHUHB,MBH Bank Nyrt.,"5500 Gyomaendrőd, Kossuth Lajos utca 20.",S,R
53300249,MKKBHUHB,MBH Bank Nyrt.,"5553 Kondoros, Csabai utca 14.",S,R
53300256,MKKBHUHB,MBH Bank Nyrt.,"5630 Békés, Szarvasi utca 1.",S,R
53300263,MKKBHUHB,MBH Bank Nyrt.,"5600 Békéscsaba, Andrássy út 29-33.",S,R
53300270,MKKBHUHB,MBH Bank Nyrt.,"5600 Békéscsaba, Andrássy út 29-33.",S,R
53300287,MKKBHUHB,MBH Bank Nyrt.,"5600 Békéscsaba, Andrássy út 29-33.",S,R
53300294,MKKBHUHB,MBH Bank Nyrt.,"5553 Kondoros, Csabai utca 14.",S,R
53300304,MKKBHUHB,MBH Bank Nyrt.,"5520 Szeghalom, Tildy Zoltán utca 20-24.",S,R
53300311,MKKBHUHB,MBH Bank Nyrt.,"5720 Sarkad, Kossuth utca 14-16.",S,R
53300328,MKKBHUHB,MBH Bank Nyrt.,"5510 Dévaványa, Árpád utca 10.",S,R
53300335,MKKBHUHB,MBH Bank Nyrt.,"5510 Dévaványa, Árpád utca 10.",S,R
53300342,MKKBHUHB,MBH Bank Nyrt.,"5525 Füzesgyarmat, Mátyás utca 2.",S,R
53300359,MKKBHUHB,MBH Bank Nyrt.,"5516 Körösladány, Petőfi tér 1.",S,R
53300366,MKKBHUHB,MBH Bank Nyrt.,"5530 Vésztő, Kossuth Lajos utca 53.",S,R
53300373,MKKBHUHB,MBH Bank Nyrt.,"5530 Vésztő, Kossuth Lajos utca 53.",S,R
53300380,MKKBHUHB,MBH Bank Nyrt.,"5537 Zsadány, Béke utca 92.",S,R
53300397,MKKBHUHB,MBH Bank Nyrt.,"5300 Karcag, Kálvin utca 1-2.",S,R
53300407,MKKBHUHB,MBH Bank Nyrt.,"5700 Gyula, Városház utca 23.",S,R
53300414,MKKBHUHB,MBH Bank Nyrt.,"5742 Elek, Lőkösházi út 5.",S,R
53300421,MKKBHUHB,MBH Bank Nyrt.,"5624 Doboz, Hunyadi utca 1/1.",S,R
53300438,MKKBHUHB,MBH Bank Nyrt.,"5661 Újkígyós, Gyulai utca 25.",S,R
53300445,MKKBHUHB,MBH Bank Nyrt.,"5720 Sarkad, Kossuth utca 14-16.",S,R
53300452,MKKBHUHB,MBH Bank Nyrt.,"5537 Zsadány, Béke utca 92.",S,R
53300469,MKKBHUHB,MBH Bank Nyrt.,"5720 Sarkad, Kossuth utca 14-16.",S,R
53300476,MKKBHUHB,MBH Bank Nyrt.,"5742 Elek, Lőkösházi út 5.",S,R
53300483,MKKBHUHB,MBH Bank Nyrt.,"5700 Gyula, Városház utca 23.",S,R
53300490,MKKBHUHB,MBH Bank Nyrt.,"5744 Kevermes, Templom utca 2/A",S,R
53300500,MKKBHUHB,MBH Bank Nyrt.,"5744 Kevermes, Templom utca 2/A",S,R
53300517,MKKBHUHB,MBH Bank Nyrt.,"5800 Mezőkovácsháza, Árpád utca 188-192.",S,R
53300524,MKKBHUHB,MBH Bank Nyrt.,"5830 Battonya, Petőfi tér 4.",S,R
53300531,MKKBHUHB,MBH Bank Nyrt.,"5744 Kevermes, Templom utca 2/A",S,R
53300548,MKKBHUHB,MBH Bank Nyrt.,"5744 Kevermes, Templom utca 2/A",S,R
53300555,MKKBHUHB,MBH Bank Nyrt.,"5800 Mezőkovácsháza, Árpád utca 188-192.",S,R
53300562,MKKBHUHB,MBH Bank Nyrt.,"5830 Battonya, Petőfi tér 4.",S,R
53300579,MKKBHUHB,MBH Bank Nyrt.,"5800 Mezőkovácsháza, Árpád utca 188-192.",S,R
53300586,MKKBHUHB,MBH Bank Nyrt.,"5800 Mezőkovácsháza, Árpád utca 188-192.",S,R
53300593,MKKBHUHB,MBH Bank Nyrt.,"5800 Mezőkovácsháza, Árpád utca 188-192.",S,R
53300603,MKKBHUHB,MBH Bank Nyrt.,"5800 Mezőkovácsháza, Árpád utca 188-192.",S,R
53300610,MKKBHUHB,MBH Bank Nyrt.,"5800 Mezőkovácsháza, Árpád utca 188-192.",S,R
53300627,MKKBHUHB,MBH Bank Nyrt.,"5540 Szarvas, Szabadság út 30.",S,R
53300634,MKKBHUHB,MBH Bank Nyrt.,"5540 Szarvas, Szabadság út 30.",S,R
53300641,MKKBHUHB,MBH Bank Nyrt.,"5540 Szarvas, Szabadság út 30.",S,R
53300658,MKKBHUHB,MBH Bank Nyrt.,"5540 Szarvas, Szabadság út 30.",S,R
53300665,MKKBHUHB,MBH Bank Nyrt.,"5540 Szarvas, Szabadság út 30.",S,R
53300672,MKKBHUHB,MBH Bank Nyrt.,"5540 Szarvas, Szabadság út 30.",S,R
53300689,MKKBHUHB,MBH Bank Nyrt.,"5310 Kisújszállás, Szabadság utca 8.",S,R
53300696,MKKBHUHB,MBH Bank Nyrt.,"5502 Gyomaendrőd, Blaha  Lujza utca 5.",S,R
53500016,MKKBHUHB,MBH Bank Nyrt.,"5744 Kevermes, Templom utca 2/A",S,R
53500119,MKKBHUHB,MBH Bank Nyrt.,"5744 Kevermes, Templom utca 2/A",S,R
53500212,MKKBHUHB,MBH Bank Nyrt.,"5800 Mezőkovácsháza, Árpád utca 188-192.",S,R
53500315,MKKBHUHB,MBH Bank Nyrt.,"5830 Battonya, Petőfi tér 4.",S,R
53500418,MKKBHUHB,MBH Bank Nyrt.,"5744 Kevermes, Templom utca 2/A",S,R
53500511,MKKBHUHB,MBH Bank Nyrt.,"5744 Kevermes, Templom utca 2/A",S,R
53500614,MKKBHUHB,MBH Bank Nyrt.,"5800 Mezőkovácsháza, Árpád utca 188-192.",S,R
53500717,MKKBHUHB,MBH Bank Nyrt.,"5830 Battonya, Petőfi tér 4.",S,R
53500810,MKKBHUHB,MBH Bank Nyrt.,"5800 Mezőkovácsháza, Árpád utca 188-192.",S,R
53500827,MKKBHUHB,MBH Bank Nyrt.,"5800 Mezőkovácsháza, Árpád utca 188-192.",S,R
53500834,MKKBHUHB,MBH Bank Nyrt.,"5800 Mezőkovácsháza, Árpád utca 188-192.",S,R
53500841,MKKBHUHB,MBH Bank Nyrt.,"5800 Mezőkovácsháza, Árpád utca 188-192.",S,R
53500858,MKKBHUHB,MBH Bank Nyrt.,"5800 Mezőkovácsháza, Árpád utca 188-192.",S,R
53600013,MKKBHUHB,MBH Bank Nyrt.,"5700 Gyula, Városház utca 23.",S,R
53600020,MKKBHUHB,MBH Bank Nyrt.,"5742 Elek, Lőkösházi út 5.",S,R
53600037,MKKBHUHB,MBH Bank Nyrt.,"5624 Doboz, Hunyadi utca 1/1.",S,R
53600044,MKKBHUHB,MBH Bank Nyrt.,"5661 Újkígyós, Gyulai utca 25.",S,R
53600051,MKKBHUHB,MBH Bank Nyrt.,"5720 Sarkad, Kossuth utca 14-16.",S,R
53600075,MKKBHUHB,MBH Bank Nyrt.,"5537 Zsadány, Béke utca 92.",S,R
53600082,MKKBHUHB,MBH Bank Nyrt.,"5720 Sarkad, Kossuth utca 14-16.",S,R
53600116,MKKBHUHB,MBH Bank Nyrt.,"5742 Elek, Lőkösházi út 5.",S,R
53600123,MKKBHUHB,MBH Bank Nyrt.,"5700 Gyula, Városház utca 23.",S,R
53700010,MKKBHUHB,MBH Bank Nyrt.,"5553 Kondoros, Csabai utca 14.",S,R
53700027,MKKBHUHB,MBH Bank Nyrt.,"5630 Békés, Szarvasi utca 1.",S,R
53700034,MKKBHUHB,MBH Bank Nyrt.,"5600 Békéscsaba, Andrássy út 29-33.",S,R
53700041,MKKBHUHB,MBH Bank Nyrt.,"5600 Békéscsaba, Andrássy út 29-33.",S,R
53700058,MKKBHUHB,MBH Bank Nyrt.,"5600 Békéscsaba, Andrássy út 29-33.",S,R
53700065,MKKBHUHB,MBH Bank Nyrt.,"5600 Békéscsaba, Andrássy út 29-33.",S,R
53700072,MKKBHUHB,MBH Bank Nyrt.,"5553 Kondoros, Csabai utca 14.",S,R
53900014,MKKBHUHB,MBH Bank Nyrt.,"5540 Szarvas, Szabadság út 30.",S,R
53900021,MKKBHUHB,MBH Bank Nyrt.,"5540 Szarvas, Szabadság út 30.",S,R
53900038,MKKBHUHB,MBH Bank Nyrt.,"5540 Szarvas, Szabadság út 30.",S,R
53900045,MKKBHUHB,MBH Bank Nyrt.,"5540 Szarvas, Szabadság út 30.",S,R
53900052,MKKBHUHB,MBH Bank Nyrt.,"5600 Békéscsaba, Andrássy út 29-33.",S,R
53900069,MKKBHUHB,MBH Bank Nyrt.,"5540 Szarvas, Szabadság út 30.",S,R
53900076,MKKBHUHB,MBH Bank Nyrt.,"5540 Szarvas, Szabadság út 30.",S,R
53900083,MKKBHUHB,MBH Bank Nyrt.,"5540 Szarvas, Szabadság út 30.",S,R
53900090,MKKBHUHB,MBH Bank Nyrt.,"5310 Kisújszállás, Szabadság utca 8.",S,R
53900100,MKKBHUHB,MBH Bank Nyrt.,"5502 Gyomaendrőd, Blaha  Lujza utca 5.",S,R
54000014,MKKBHUHB,MBH Bank Nyrt.,"5520 Szeghalom, Tildy Zoltán utca 20-24.",S,R
54000021,MKKBHUHB,MBH Bank Nyrt.,"5720 Sarkad, Kossuth utca 14-16.",S,R
54000038,MKKBHUHB,MBH Bank Nyrt.,"5510 Dévaványa, Árpád utca 10.",S,R
54000045,MKKBHUHB,MBH Bank Nyrt.,"5510 Dévaványa, Árpád utca 10.",S,R
54000052,MKKBHUHB,MBH Bank Nyrt.,"5525 Füzesgyarmat, Mátyás utca 2.",S,R
54000069,MKKBHUHB,MBH Bank Nyrt.,"5516 Körösladány, Petőfi tér 1.",S,R
54000076,MKKBHUHB,MBH Bank Nyrt.,"5530 Vésztő, Kossuth Lajos utca 53.",S,R
54000083,MKKBHUHB,MBH Bank Nyrt.,"5530 Vésztő, Kossuth Lajos utca 53.",S,R
54000090,MKKBHUHB,MBH Bank Nyrt.,"5537 Zsadány, Béke utca 92.",S,R
54000100,MKKBHUHB,MBH Bank Nyrt.,"5538 Biharugra, Bölönyi utca 2-4.",S,R
54000117,MKKBHUHB,MBH Bank Nyrt.,"5300 Karcag, Kálvin utca 1-2.",S,R
54000124,MKKBHUHB,MBH Bank Nyrt.,"5530 Vésztő, Kossuth Lajos utca 53.",S,R
54000131,MKKBHUHB,MBH Bank Nyrt.,"5700 Gyula, Városház utca 23.",S,R
54000148,MKKBHUHB,MBH Bank Nyrt.,"5600 Békéscsaba, Andrássy út 29-33.",S,R
54200001,MKKBHUHB,MBH Bank Nyrt.,"3412 Bogács, Táncsics utca 2.",S,R
54200018,MKKBHUHB,MBH Bank Nyrt.,"3412 Bogács, Táncsics utca 2.",S,R
54200025,MKKBHUHB,MBH Bank Nyrt.,"3400 Mezőkövesd, Mátyás  király út 70.",S,R
54200032,MKKBHUHB,MBH Bank Nyrt.,"3400 Mezőkövesd, Mátyás király út 70.",S,R
54200049,MKKBHUHB,MBH Bank Nyrt.,"3412 Bogács, Táncsics utca 2.",S,R
54200056,MKKBHUHB,MBH Bank Nyrt.,"3400 Mezőkövesd, Mátyás  király út 70.",S,R
54200063,MKKBHUHB,MBH Bank Nyrt.,"3400 Mezőkövesd, Mátyás király út 70.",S,R
54200094,MKKBHUHB,MBH Bank Nyrt.,"3400 Mezőkövesd, Mátyás király út 70.",S,R
54200111,MKKBHUHB,MBH Bank Nyrt.,"3527 Miskolc, Ady Endre utca 16.",S,R
54200128,MKKBHUHB,MBH Bank Nyrt.,"3580 Tiszaújváros, Szent  István út 29/B.",S,R
54200135,MKKBHUHB,MBH Bank Nyrt.,"3580 Tiszaújváros, Szent István út 29/b",S,R
54200142,MKKBHUHB,MBH Bank Nyrt.,"3450 Mezőcsát, Kossuth utca 7.",S,R
54200159,MKKBHUHB,MBH Bank Nyrt.,"3450 Mezőcsát, Kossuth utca 7.",S,R
54200166,MKKBHUHB,MBH Bank Nyrt.,"3527 Miskolc, Ady Endre utca 16.",S,R
54200173,MKKBHUHB,MBH Bank Nyrt.,"3580 Tiszaújváros, Szent István út 29/b",S,R
54200180,MKKBHUHB,MBH Bank Nyrt.,"3450 Mezőcsát, Kossuth utca 7.",S,R
54200197,MKKBHUHB,MBH Bank Nyrt.,"3580 Tiszaújváros, Szent István út 29/B",S,R
54300015,MKKBHUHB,MBH Bank Nyrt.,"3794 Boldva, Mátyás király út 76.",S,R
54300022,MKKBHUHB,MBH Bank Nyrt.,"3770 Sajószentpéter, Kossuth út 179.",S,R
54300039,MKKBHUHB,MBH Bank Nyrt.,"3780 Edelény, Tóth Árpád út 5.",S,R
54300046,MKKBHUHB,MBH Bank Nyrt.,"3780 Edelény, Tóth Árpád út 5.",S,R
54300053,MKKBHUHB,MBH Bank Nyrt.,"3780 Edelény, Tóth Árpád út 5.",S,R
54300060,MKKBHUHB,MBH Bank Nyrt.,"3527 Miskolc, Ady  Endre utca 16.",S,R
54300077,MKKBHUHB,MBH Bank Nyrt.,"3527 Miskolc, Ady Endre utca 16.",S,R
54300084,MKKBHUHB,MBH Bank Nyrt.,"3527 Miskolc, Ady Endre utca 16.",S,R
54300091,MKKBHUHB,MBH Bank Nyrt.,"3527 Miskolc, Ady Endre utca 16.",S,R
54300118,MKKBHUHB,MBH Bank Nyrt.,"3527 Miskolc, Ady Endre utca 16.",S,R
54300125,MKKBHUHB,MBH Bank Nyrt.,"3532 Miskolc, Vasgyári út 3.",S,R
54300132,MKKBHUHB,MBH Bank Nyrt.,"3527 Miskolc, Ady Endre utca 16.",S,R
54500002,MKKBHUHB,MBH Bank Nyrt.,"3561 Felsőzsolca, Kassai utca 28.",S,R
54500095,MKKBHUHB,MBH Bank Nyrt.,"3527 Miskolc, Ady Endre utca 16.",S,R
54500112,MKKBHUHB,MBH Bank Nyrt.,"3561 Felsőzsolca, Kassai utca 28.",S,R
54500129,MKKBHUHB,MBH Bank Nyrt.,"3561 Felsőzsolca, Kassai utca 28.",S,R
54500136,MKKBHUHB,MBH Bank Nyrt.,"3561 Felsőzsolca, Kassai utca 28.",S,R
54500143,MKKBHUHB,MBH Bank Nyrt.,"3561 Felsőzsolca, Kassai utca 28.",S,R
54500150,MKKBHUHB,MBH Bank Nyrt.,"3527 Miskolc, Ady Endre utca 16.",S,R
54500167,MKKBHUHB,MBH Bank Nyrt.,"3580 Tiszaújváros, Szent  István út 29/B.",S,R
54500174,MKKBHUHB,MBH Bank Nyrt.,"3527 Miskolc, Ady Endre utca 16.",S,R
54500181,MKKBHUHB,MBH Bank Nyrt.,"3527 Miskolc, Ady Endre utca 16.",S,R
54500198,MKKBHUHB,MBH Bank Nyrt.,"3561 Felsőzsolca, Kassai utca 28.",S,R
54500208,MKKBHUHB,MBH Bank Nyrt.,"3770 Sajószentpéter, Kossuth út 179.",S,R
54600009,MKKBHUHB,MBH Bank Nyrt.,"3849 Forró, Fő utca 58.",S,R
54600119,MKKBHUHB,MBH Bank Nyrt.,"3849 Forró, Fő utca 58.",S,R
54600126,MKKBHUHB,MBH Bank Nyrt.,"3842 Halmaj, Fő út 14.",S,R
54600133,MKKBHUHB,MBH Bank Nyrt.,"3800 Szikszó, Bolt utca 11.",S,R
54600140,MKKBHUHB,MBH Bank Nyrt.,"3860 Encs, Petőfi út 22.",S,R
54600157,MKKBHUHB,MBH Bank Nyrt.,"3800 Szikszó, Bolt utca 11.",S,R
54600164,MKKBHUHB,MBH Bank Nyrt.,"3860 Encs, Petőfi út 22.",S,R
54600171,MKKBHUHB,MBH Bank Nyrt.,"3860 Encs, Petőfi út 22.",S,R
54600188,MKKBHUHB,MBH Bank Nyrt.,"3800 Szikszó, Bolt utca 11.",S,R
54600195,MKKBHUHB,MBH Bank Nyrt.,"3800 Szikszó, Bolt utca 11.",S,R
54600205,MKKBHUHB,MBH Bank Nyrt.,"3860 Encs, Petőfi út 22.",S,R
54600212,MKKBHUHB,MBH Bank Nyrt.,"3860 Encs, Petőfi út 22.",S,R
54600229,MKKBHUHB,MBH Bank Nyrt.,"3895 Gönc, Kossuth Lajos utca 42.",S,R
54600236,MKKBHUHB,MBH Bank Nyrt.,"3895 Gönc, Kossuth Lajos utca 42.",S,R
54600243,MKKBHUHB,MBH Bank Nyrt.,"3860 Encs, Petőfi út 31.",S,R
54600250,MKKBHUHB,MBH Bank Nyrt.,"3860 Encs, Petőfi út 22.",S,R
54600267,MKKBHUHB,MBH Bank Nyrt.,"3973 Cigánd, Fő út 75.",S,R
54600274,MKKBHUHB,MBH Bank Nyrt.,"3973 Cigánd, Fő út 75.",S,R
54600281,MKKBHUHB,MBH Bank Nyrt.,"3980 Sátoraljaújhely, Széchenyi tér 8.",S,R
54600298,MKKBHUHB,MBH Bank Nyrt.,"3973 Cigánd, Fő út 75.",S,R
54600308,MKKBHUHB,MBH Bank Nyrt.,"3973 Cigánd, Fő út 75.",S,R
54600315,MKKBHUHB,MBH Bank Nyrt.,"3980 Sátoraljaújhely, Széchenyi tér 8.",S,R
54600322,MKKBHUHB,MBH Bank Nyrt.,"3994 Pálháza, Dózsa  György utca 119.",S,R
54600339,MKKBHUHB,MBH Bank Nyrt.,"3980 Sátoraljaújhely, Széchenyi tér 8.",S,R
54600346,MKKBHUHB,MBH Bank Nyrt.,"3950 Sárospatak, Eötvös utca 3.",S,R
54600353,MKKBHUHB,MBH Bank Nyrt.,"1113 Budapest, Villányi út 20.",S,R
54600360,MKKBHUHB,MBH Bank Nyrt.,"3934 Tolcsva, Szabadság tér 6.",S,R
54600377,MKKBHUHB,MBH Bank Nyrt.,"3934 Tolcsva, Szabadság tér 6.",S,R
54600384,MKKBHUHB,MBH Bank Nyrt.,"3934 Tolcsva, Szabadság tér 6.",S,R
54600391,MKKBHUHB,MBH Bank Nyrt.,"3950 Sárospatak, Eötvös utca 3.",S,R
54600401,MKKBHUHB,MBH Bank Nyrt.,"3980 Sátoraljaújhely, Széchenyi tér 8.",S,R
54600418,MKKBHUHB,MBH Bank Nyrt.,"3950 Sárospatak, Eötvös utca 3.",S,R
54600425,MKKBHUHB,MBH Bank Nyrt.,"3910 Tokaj, Bajcsy-Zsilinszky  Endre utca 18.",S,R
55100100,MKKBHUHB,MBH Bank Nyrt.,"3441 Mezőkeresztes, Dózsa György utca 37",S,R
55100117,MKKBHUHB,MBH Bank Nyrt.,"3400 Mezőkövesd, Mátyás  király út 70.",S,R
55100124,MKKBHUHB,MBH Bank Nyrt.,"3422 Bükkábrány, Mátyás király utca 15.",S,R
55100131,MKKBHUHB,MBH Bank Nyrt.,"3400 Mezőkövesd, Mátyás király út 70.",S,R
55100148,MKKBHUHB,MBH Bank Nyrt.,"3441 Mezőkeresztes, Dózsa György utca 37",S,R
55100155,MKKBHUHB,MBH Bank Nyrt.,"3422 Bükkábrány, Mátyás király utca 15.",S,R
55100162,MKKBHUHB,MBH Bank Nyrt.,"3400 Mezőkövesd, Mátyás király út 70.",S,R
55100179,MKKBHUHB,MBH Bank Nyrt.,"3422 Bükkábrány, Mátyás király utca 15.",S,R
55100186,MKKBHUHB,MBH Bank Nyrt.,"3528 Miskolc, Gutenberg utca 1.",S,R
55100193,MKKBHUHB,MBH Bank Nyrt.,"3528 Miskolc, Gutenberg utca 1.",S,R
55100203,MKKBHUHB,MBH Bank Nyrt.,"3441 Mezőkeresztes, Dózsa György utca 37",S,R
55100210,MKKBHUHB,MBH Bank Nyrt.,"3441 Mezőkeresztes, Dózsa György utca 37",S,R
55100227,MKKBHUHB,MBH Bank Nyrt.,"3422 Bükkábrány, Mátyás király utca 15.",S,R
55100306,MKKBHUHB,MBH Bank Nyrt.,"3580 Tiszaújváros, Szent István út 29/B",S,R
55100313,MKKBHUHB,MBH Bank Nyrt.,"3450 Mezőcsát, Kossuth utca 7.",S,R
55100320,MKKBHUHB,MBH Bank Nyrt.,"3434 Mályi, Fő utca 18.",S,R
55100337,MKKBHUHB,MBH Bank Nyrt.,"3527 Miskolc, Ady Endre utca 16.",S,R
55100997,MKKBHUHB,MBH Bank Nyrt.,"3441 Mezőkeresztes, Dózsa György utca 37",S,R
55400015,MKKBHUHB,MBH Bank Nyrt.,"3700 Kazincbarcika, Egressy Béni út 52.",S,R
55400022,MKKBHUHB,MBH Bank Nyrt.,"3060 Pásztó, Fő út 64.",S,R
55400039,MKKBHUHB,MBH Bank Nyrt.,"3182 Karancslapujtő, Rákóczi út 66.",S,R
55400046,MKKBHUHB,MBH Bank Nyrt.,"3047 Buják, Deréksor út 10.",S,R
55400053,MKKBHUHB,MBH Bank Nyrt.,"3100 Salgótarján, Klapka Gy. út 1.",S,R
55400060,MKKBHUHB,MBH Bank Nyrt.,"2688 Vanyarc, Sziráki út 1/a.",S,R
55400077,MKKBHUHB,MBH Bank Nyrt.,"2688 Vanyarc, Sziráki út 1/a.",S,R
55400084,MKKBHUHB,MBH Bank Nyrt.,"3070 Bátonyterenye, Ózdi út 47.",S,R
55400091,MKKBHUHB,MBH Bank Nyrt.,"3182 Karancslapujtő, Rákóczi út 66.",S,R
55400101,MKKBHUHB,MBH Bank Nyrt.,"3070 Bátonyterenye, Ózdi út 47.",S,R
55400118,MKKBHUHB,MBH Bank Nyrt.,"3600 Ózd, Brassói út 1.",S,R
55400125,MKKBHUHB,MBH Bank Nyrt.,"3600 Ózd, Brassói út 1.",S,R
55400132,MKKBHUHB,MBH Bank Nyrt.,"3600 Ózd, Brassói út 1.",S,R
55400149,MKKBHUHB,MBH Bank Nyrt.,"3600 Ózd, Brassói út 1.",S,R
55400156,MKKBHUHB,MBH Bank Nyrt.,"3600 Ózd, Brassói út 1.",S,R
55400163,MKKBHUHB,MBH Bank Nyrt.,"3630 Putnok, Mohos sétány 2.",S,R
55400170,MKKBHUHB,MBH Bank Nyrt.,"3070 Bátonyterenye, Ózdi út 47.",S,R
55400187,MKKBHUHB,MBH Bank Nyrt.,"3100 Salgótarján, Klapka Gy. út 1.",S,R
55400194,MKKBHUHB,MBH Bank Nyrt.,"2191 Bag, Petőfi tér 14.",S,R
55400204,MKKBHUHB,MBH Bank Nyrt.,"3070 Bátonyterenye, Ózdi út 47.",S,R
55400211,MKKBHUHB,MBH Bank Nyrt.,"3700 Kazincbarcika, Egressy  Béni út 52.",S,R
55400228,MKKBHUHB,MBH Bank Nyrt.,"3700 Kazincbarcika, Egressy Béni út 52.",S,R
55400235,MKKBHUHB,MBH Bank Nyrt.,"3700 Kazincbarcika, Egressy Béni út 52.",S,R
55400242,MKKBHUHB,MBH Bank Nyrt.,"3700 Kazincbarcika, Egressy  Béni út 52.",S,R
55400259,MKKBHUHB,MBH Bank Nyrt.,"3532 Miskolc, Vasgyári út 3.",S,R
55400266,MKKBHUHB,MBH Bank Nyrt.,"3532 Miskolc, Vasgyári út 3.",S,R
55400273,MKKBHUHB,MBH Bank Nyrt.,"3700 Kazincbarcika, Egressy Béni út 52.",S,R
55400280,MKKBHUHB,MBH Bank Nyrt.,"3770 Sajószentpéter, Kossuth út 179.",S,R
55400321,MKKBHUHB,MBH Bank Nyrt.,"3700 Kazincbarcika, Egressy Béni út 52.",S,R
55400338,MKKBHUHB,MBH Bank Nyrt.,"3700 Kazincbarcika, Egressy  Béni út 52.",S,R
55400345,MKKBHUHB,MBH Bank Nyrt.,"3700 Kazincbarcika, Egressy Béni út 52.",S,R
55400352,MKKBHUHB,MBH Bank Nyrt.,"3700 Kazincbarcika, Egressy Béni út 52.",S,R
55400369,MKKBHUHB,MBH Bank Nyrt.,"3600 Ózd, Brassói út 1.",S,R
55400376,MKKBHUHB,MBH Bank Nyrt.,"3630 Putnok, Mohos sétány 2.",S,R
55400383,MKKBHUHB,MBH Bank Nyrt.,"3600 Ózd, Brassói út 1.",S,R
55400390,MKKBHUHB,MBH Bank Nyrt.,"3600 Ózd, Brassói út 1.",S,R
55400400,MKKBHUHB,MBH Bank Nyrt.,"3600 Ózd, Brassói út 1.",S,R
55600112,MKKBHUHB,MBH Bank Nyrt.,"3752 Szendrő, Hősök tere 2.",S,R
55600129,MKKBHUHB,MBH Bank Nyrt.,"3752 Szendrő, Hősök tere 2.",S,R
55600136,MKKBHUHB,MBH Bank Nyrt.,"3752 Szendrő, Hősök tere 2.",S,R
55600143,MKKBHUHB,MBH Bank Nyrt.,"3752 Szendrő, Hősök tere 2.",S,R
55600150,MKKBHUHB,MBH Bank Nyrt.,"3752 Szendrő, Hősök tere 2.",S,R
55600167,MKKBHUHB,MBH Bank Nyrt.,"3752 Szendrő, Hősök tere 2.",S,R
55600174,MKKBHUHB,MBH Bank Nyrt.,"3752 Szendrő, Hősök tere 2.",S,R
55600181,MKKBHUHB,MBH Bank Nyrt.,"3752 Szendrő, Hősök tere 2.",S,R
55800013,MKKBHUHB,MBH Bank Nyrt.,"3915 Tarcal, fő út 66.",S,R
55800020,MKKBHUHB,MBH Bank Nyrt.,"3900 Szerencs, Rákóczi út 105.",S,R
55800037,MKKBHUHB,MBH Bank Nyrt.,"3900 Szerencs, Rákóczi út 105.",S,R
55800044,MKKBHUHB,MBH Bank Nyrt.,"3900 Szerencs, Rákóczi út 105.",S,R
55800051,MKKBHUHB,MBH Bank Nyrt.,"3900 Szerencs, Rákóczi utca 105.",S,R
55800068,MKKBHUHB,MBH Bank Nyrt.,"3900 Szerencs, Rákóczi utca 105.",S,R
55800075,MKKBHUHB,MBH Bank Nyrt.,"3900 Szerencs, Rákóczi utca 105.",S,R
55800082,MKKBHUHB,MBH Bank Nyrt.,"3900 Szerencs, Rákóczi út 105.",S,R
55800099,MKKBHUHB,MBH Bank Nyrt.,"3915 Tarcal, fő út 66.",S,R
55800109,MKKBHUHB,MBH Bank Nyrt.,"3900 Szerencs, Rákóczi utca 105.",S,R
55800116,MKKBHUHB,MBH Bank Nyrt.,"3900 Szerencs, Rákóczi út 105.",S,R
55800123,MKKBHUHB,MBH Bank Nyrt.,"3900 Szerencs, Rákóczi utca 105.",S,R
55800130,MKKBHUHB,MBH Bank Nyrt.,"3900 Szerencs, Rákóczi út 105.",S,R
55800154,MKKBHUHB,MBH Bank Nyrt.,"3900 Szerencs, Rákóczi út 105.",S,R
56800016,MKKBHUHB,MBH Bank Nyrt.,"6900 Makó, Úri utca 1.",S,R
56800023,MKKBHUHB,MBH Bank Nyrt.,"6800 Hódmezővásárhely, Andrássy út 50.",S,R
56800030,MKKBHUHB,MBH Bank Nyrt.,"6800 Hódmezővásárhely, Andrássy út 50.",S,R
56800047,MKKBHUHB,MBH Bank Nyrt.,"6900 Makó, Úri utca 1.",S,R
56900013,MKKBHUHB,MBH Bank Nyrt.,"6781 Domaszék, Köztársaság tér 4.",S,R
56900020,MKKBHUHB,MBH Bank Nyrt.,"6783 Ásotthalom, Szent  István tér 2/a",S,R
56900037,MKKBHUHB,MBH Bank Nyrt.,"6782 Mórahalom, Millenniumi sétány 1.",S,R
56900044,MKKBHUHB,MBH Bank Nyrt.,"6782 Mórahalom, Millenniumi sétány 1.",S,R
56900051,MKKBHUHB,MBH Bank Nyrt.,"6753 Szeged, Budai Nagy Antal utca 27/E.",S,R
56900068,MKKBHUHB,MBH Bank Nyrt.,"6753 Szeged, Budai Nagy Antal utca 27/E.",S,R
56900075,MKKBHUHB,MBH Szeged Mikszáth,"6722 Szeged, Mikszáth Kálmán utca 15.",S,R
56900082,MKKBHUHB,MBH Bank Nyrt.,"6720 Szeged, Széchenyi tér 3.",S,R
56900099,MKKBHUHB,MBH Szeged Mikszáth,"6722 Szeged, Mikszáth Kálmán utca 15.",S,R
56900109,MKKBHUHB,MBH Szeged Mikszáth,"6722 Szeged, Mikszáth Kálmán utca 15.",S,R
56900116,MKKBHUHB,MBH Szeged Mikszáth,"6722 Szeged, Mikszáth Kálmán utca 15.",S,R
56900123,MKKBHUHB,MBH Bank Nyrt.,"6900 Makó, Úri utca 1.",S,R
56900130,MKKBHUHB,MBH Bank Nyrt.,"6900 Makó, Úri utca 1.",S,R
56900147,MKKBHUHB,MBH Bank Nyrt.,"6800 Hódmezővásárhely, Andrássy út 50.",S,R
56900154,MKKBHUHB,MBH Bank Nyrt.,"6900 Makó, Úri utca 1.",S,R
56900161,MKKBHUHB,MBH Bank Nyrt.,"6900 Makó, Úri utca 1.",S,R
57100003,MKKBHUHB,MBH Bank Nyrt.,"6762 Sándorfalva, Alkotmány körút 21/A",S,R
57100010,MKKBHUHB,MBH Bank Nyrt.,"6762 Sándorfalva, Alkotmány körút 21/A",S,R
57100106,MKKBHUHB,MBH Bank Nyrt.,"6762 Sándorfalva, Alkotmány körút 21/A",S,R
57100209,MKKBHUHB,MBH Bank Nyrt.,"6781 Domaszék, Köztársaság tér 4.",S,R
57100302,MKKBHUHB,MBH Szeged Mikszáth,"6722 Szeged, Mikszáth Kálmán utca 15.",S,R
57200000,MKKBHUHB,MBH Bank Nyrt.,"6635 Szegvár, Szabadság tér 1.",S,R
57200017,MKKBHUHB,MBH Bank Nyrt.,"6600 Szentes, Szabadság tér 2.",S,R
57200024,MKKBHUHB,MBH Bank Nyrt.,"6647 Csanytelek, Radnóti Miklós utca 19.",S,R
57200031,MKKBHUHB,MBH Bank Nyrt.,"6600 Szentes, Szabadság tér 2.",S,R
57200048,MKKBHUHB,MBH Bank Nyrt.,"6640 Csongrád, Fő utca 28.",S,R
57200055,MKKBHUHB,MBH Bank Nyrt.,"6647 Csanytelek, Radnóti Miklós utca 19.",S,R
57200062,MKKBHUHB,MBH Bank Nyrt.,"6635 Szegvár, Szabadság tér 1.",S,R
57200079,MKKBHUHB,MBH Bank Nyrt.,"6640 Csongrád, Fő utca 28.",S,R
57200086,MKKBHUHB,MBH Bank Nyrt.,"6640 Csongrád, Fő utca 28.",S,R
57200103,MKKBHUHB,MBH Bank Nyrt.,"6600 Szentes, Szabadság tér 2.",S,R
57200110,MKKBHUHB,MBH Bank Nyrt.,"6622 Nagymágocs, Szentesi út 52/A.",S,R
57200127,MKKBHUHB,MBH Bank Nyrt.,"6635 Szegvár, Szabadság tér 1.",S,R
57200134,MKKBHUHB,MBH Bank Nyrt.,"6630 Mindszent, Csokonai Vitéz Mihály utca 28.",S,R
57200141,MKKBHUHB,MBH Bank Nyrt.,"6760 Kistelek, Szent László tér 2.",S,R
57200158,MKKBHUHB,MBH Bank Nyrt.,"6800 Hódmezővásárhely, Andrássy út 50.",S,R
57200165,MKKBHUHB,MBH Bank Nyrt.,"6647 Csanytelek, Radnóti Miklós utca 19.",S,R
57200172,MKKBHUHB,MBH Bank Nyrt.,"6800 Hódmezővásárhely, Andrássy út 50.",S,R
57400004,MKKBHUHB,MBH Szeged Mikszáth,"6722 Szeged, Mikszáth Kálmán utca 15.",S,R
57400011,MKKBHUHB,MBH Bank Nyrt.,"6771 Szeged-Szőreg, Hősök tere 4/B",S,R
57400028,MKKBHUHB,MBH Bank Nyrt.,"6782 Mórahalom, Millenniumi sétány 1.",S,R
57400059,MKKBHUHB,MBH Bank Nyrt.,"6771 Szeged-Szőreg, Hősök tere 4/B",S,R
57400066,MKKBHUHB,MBH Bank Nyrt.,"6771 Szeged-Szőreg, Hősök tere 4/B",S,R
57400097,MKKBHUHB,MBH Bank Nyrt.,"6726 Szeged, Szőregi út 80.",S,R
57400107,MKKBHUHB,MBH Szeged Mikszáth,"6722 Szeged, Mikszáth Kálmán utca 15.",S,R
57400145,MKKBHUHB,MBH Bank Nyrt.,"6760 Kistelek, Szent László tér 2.",S,R
57400152,MKKBHUHB,MBH Bank Nyrt.,"6764 Balástya, Rákóczi utca 15.",S,R
57400169,MKKBHUHB,MBH Bank Nyrt.,"6760 Kistelek, Szent László tér 2.",S,R
57400176,MKKBHUHB,MBH Bank Nyrt.,"6764 Balástya, Rákóczi utca 15.",S,R
57400217,MKKBHUHB,MBH Szeged Mikszáth,"6722 Szeged, Mikszáth Kálmán utca 15.",S,R
57400224,MKKBHUHB,MBH Bank Nyrt.,"1093 Budapest, Czuczor utca 2-10",S,R
57400231,MKKBHUHB,MBH Bank Nyrt.,"6821 Székkutas, Vásárhelyi út 5.",S,R
57400255,MKKBHUHB,MBH Bank Nyrt.,"6630 Mindszent, Csokonai Vitéz Mihály utca 28.",S,R
57400262,MKKBHUHB,MBH Bank Nyrt.,"6800 Hódmezővásárhely, Andrássy út 50.",S,R
57400279,MKKBHUHB,MBH Bank Nyrt.,"6821 Székkutas, Vásárhelyi út 5.",S,R
57400286,MKKBHUHB,MBH Bank Nyrt.,"6600 Szentes, Szabadság tér 2.",S,R
57400293,MKKBHUHB,MBH Bank Nyrt.,"5940 Tótkomlós, Kossuth  Lajos utca 1.",S,R
57400303,MKKBHUHB,MBH Bank Nyrt.,"5940 Tótkomlós, Kossuth  Lajos utca 1.",S,R
57400341,MKKBHUHB,MBH Bank Nyrt.,"6760 Kistelek, Szent László tér 2.",S,R
57400358,MKKBHUHB,MBH Bank Nyrt.,"6235 Bócsa, Kecskeméti út 20.",S,R
57400365,MKKBHUHB,MBH Szeged Mikszáth,"6722 Szeged, Mikszáth Kálmán utca 15.",S,R
57600008,MKKBHUHB,MBH Szeged Mikszáth,"6722 Szeged, Mikszáth Kálmán utca 15.",S,R
57600015,MKKBHUHB,MBH Bank Nyrt.,"6235 Bócsa, Kecskeméti út 20.",S,R
57600022,MKKBHUHB,MBH Bank Nyrt.,"6782 Mórahalom, Millenniumi sétány 1.",S,R
57600039,MKKBHUHB,MBH Bank Nyrt.,"6781 Domaszék, Köztársaság tér 4.",S,R
57600046,MKKBHUHB,MBH Bank Nyrt.,"6235 Bócsa, Kecskeméti út 20.",S,R
57600053,MKKBHUHB,MBH Bank Nyrt.,"6794 Üllés, Fogarasi utca 1.",S,R
57600060,MKKBHUHB,MBH Bank Nyrt.,"6794 Üllés, Fogarasi utca 1.",S,R
57600077,MKKBHUHB,MBH Bank Nyrt.,"6794 Üllés, Fogarasi utca 1.",S,R
57600084,MKKBHUHB,MBH Szeged Mikszáth,"6722 Szeged, Mikszáth Kálmán utca 15.",S,R
57600091,MKKBHUHB,MBH Bank Nyrt.,"6794 Üllés, Fogarasi utca 1.",S,R
57600101,MKKBHUHB,MBH Szeged Mikszáth,"6722 Szeged, Mikszáth Kálmán utca 15.",S,R
57600118,MKKBHUHB,MBH Bank Nyrt.,"6726 Szeged, Szőregi út 80.",S,R
57600125,MKKBHUHB,MBH Bank Nyrt.,"6750 Algyő, Búvár utca 2.",S,R
57600132,MKKBHUHB,MBH Bank Nyrt.,"1093 Budapest, Czuczor utca 2-10",S,R
57700012,MKKBHUHB,MBH Bank Nyrt.,"2451 Ercsi, Szent István út 3.",S,R
57700029,MKKBHUHB,MBH Bank Nyrt.,"2462 Martonvásár, Brunszvik utca 1/B",S,R
57700036,MKKBHUHB,MBH Bank Nyrt.,"2490 Pusztaszabolcs, Adonyi út 41.",S,R
57700043,MKKBHUHB,MBH Bank Nyrt.,"2454 Iváncsa, Szövetkezeti köz 1.",S,R
57700050,MKKBHUHB,MBH Bank Nyrt.,"2454 Iváncsa, Szövetkezeti köz 1.",S,R
57700067,MKKBHUHB,MBH Bank Nyrt.,"2454 Iváncsa, Szövetkezeti köz 1.",S,R
57700074,MKKBHUHB,MBH Bank Nyrt.,"2454 Iváncsa, Szövetkezeti köz 1.",S,R
57800019,MKKBHUHB,MBH Bank Nyrt.,"2475 Kápolnásnyék, Fő utca 29.",S,R
57800026,MKKBHUHB,MBH Bank Nyrt.,"2484 Gárdony-Agárd, Balatoni út 43.",S,R
57800033,MKKBHUHB,MBH Bank Nyrt.,"8000 Székesfehérvár, Budai út 42.",S,R
57800040,MKKBHUHB,MBH Bank Nyrt.,"2462 Martonvásár, Brunszvik utca 1/B",S,R
57800057,MKKBHUHB,MBH Bank Nyrt.,"2462 Martonvásár, Brunszvik utca 1/B",S,R
57800064,MKKBHUHB,MBH Bank Nyrt.,"2475 Kápolnásnyék, Fő utca 29.",S,R
57800071,MKKBHUHB,MBH Bank Nyrt.,"8111 Seregélyes, Fő utca 169.",S,R
57800088,MKKBHUHB,MBH Bank Nyrt.,"8000 Székesfehérvár, Budai út 42.",S,R
57800095,MKKBHUHB,MBH Bank Nyrt.,"8000 Székesfehérvár, Budai út 42.",S,R
57800105,MKKBHUHB,MBH Bank Nyrt.,"2462 Martonvásár, Brunszvik utca 1/B",S,R
57800112,MKKBHUHB,MBH Bank Nyrt.,"8000 Székesfehérvár, Budai út 42.",S,R
57800129,MKKBHUHB,MBH Bank Nyrt.,"8000 Székesfehérvár, Budai út 42.",S,R
57800136,MKKBHUHB,MBH Bank Nyrt.,"2462 Martonvásár, Brunszvik utca 1/B",S,R
57800143,MKKBHUHB,MBH Bank Nyrt.,"1043 Budapest, Árpád út 45.",S,R
57800167,MKKBHUHB,MBH Bank Nyrt.,"2481 Velence, Gerle utca 2.",S,R
57800208,MKKBHUHB,MBH Bank Nyrt.,"2475 Kápolnásnyék, Fő utca 29.",S,R
57800215,MKKBHUHB,MBH Bank Nyrt.,"8151 Szabadbattyán, Csikvár tér 10.",S,R
57800222,MKKBHUHB,MBH Bank Nyrt.,"8000 Székesfehérvár, Budai út 42.",S,R
57800239,MKKBHUHB,MBH Bank Nyrt.,"8151 Szabadbattyán, Csikvár tér 10.",S,R
57800246,MKKBHUHB,MBH Bank Nyrt.,"8151 Szabadbattyán, Csikvár tér 10.",S,R
57800253,MKKBHUHB,MBH Bank Nyrt.,"8151 Szabadbattyán, Csikvár tér 10.",S,R
57800260,MKKBHUHB,MBH Bank Nyrt.,"8164 Balatonfőkajár, Kossuth Lajos utca 16.",S,R
57800277,MKKBHUHB,MBH Bank Nyrt.,"8154 Polgárdi, Deák Ferenc utca 13.",S,R
57800284,MKKBHUHB,MBH Bank Nyrt.,"8130 Enying, Deák  Ferenc utca 1.",S,R
57800291,MKKBHUHB,MBH Bank Nyrt.,"8127 Aba, Petőfi Sándor utca 95.",S,R
57800301,MKKBHUHB,MBH Bank Nyrt.,"8000 Székesfehérvár, Budai út 42.",S,R
57800318,MKKBHUHB,MBH Bank Nyrt.,"8000 Székesfehérvár, Budai út 42.",S,R
57800325,MKKBHUHB,MBH Bank Nyrt.,"8154 Polgárdi, Deák Ferenc utca 13.",S,R
57800332,MKKBHUHB,MBH Bank Nyrt.,"8000 Székesfehérvár, Budai út 42.",S,R
58100013,MKKBHUHB,MBH Bank Nyrt.,"7000 Sárbogárd, Ady Endre út 107.",S,R
58100020,MKKBHUHB,MBH Bank Nyrt.,"7000 Sárbogárd, Ady Endre út 107.",S,R
58100037,MKKBHUHB,MBH Bank Nyrt.,"7081 Simontornya, Mátyás király utca 2-3.",S,R
58100051,MKKBHUHB,MBH Bank Nyrt.,"7013 Cece, Jókai Mór utca 2.",S,R
58100068,MKKBHUHB,MBH Bank Nyrt.,"8124 Káloz, Bajcsy-Zsilinszky utca 3.",S,R
58100075,MKKBHUHB,MBH Bank Nyrt.,"8124 Káloz, Bajcsy-Zsilinszky utca 3.",S,R
58100082,MKKBHUHB,MBH Bank Nyrt.,"8136 Lajoskomárom, Enyingi utca 3.",S,R
58100099,MKKBHUHB,MBH Bank Nyrt.,"8124 Káloz, Bajcsy-Zsilinszky utca 3.",S,R
58100109,MKKBHUHB,MBH Bank Nyrt.,"7081 Simontornya, Mátyás király utca 2-3.",S,R
58100116,MKKBHUHB,MBH Bank Nyrt.,"8136 Lajoskomárom, Enyingi utca 3.",S,R
58100123,MKKBHUHB,MBH Bank Nyrt.,"8111 Seregélyes, Fő utca 169.",S,R
58100130,MKKBHUHB,MBH Bank Nyrt.,"8111 Seregélyes, Fő utca 169.",S,R
58100147,MKKBHUHB,MBH Bank Nyrt.,"8111 Seregélyes, Fő utca 169.",S,R
58100154,MKKBHUHB,MBH Bank Nyrt.,"7000 Sárbogárd, Ady Endre út 107.",S,R
58600104,DTBAHUHB,MBH DUNA Bank Zrt.,"9022 Győr, Árpád út 93.",S,R
58600214,DTBAHUHB,MBH DUNA Bank Zrt.,"9228 Halászi, Kossuth Lajos utca 98.",S,R
58600221,DTBAHUHB,MBH DUNA Bank Zrt.,"9228 Halászi, Kossuth Lajos utca 98.",S,R
58600238,DTBAHUHB,MBH DUNA Bank Zrt.,"9231 Máriakálnok, Rákóczi út 42.",S,R
58600245,DTBAHUHB,MBH DUNA Bank Zrt.,"9022 Győr, Árpád út 93.",S,R
58600252,DTBAHUHB,MBH DUNA Bank Zrt.,"9200 Mosonmagyaróvár, Szent István király út 23.",S,R
58600269,DTBAHUHB,MBH DUNA Bank Zrt.,"9200 Mosonmagyaróvár, Szent István király út 23.",S,R
58600276,DTBAHUHB,MBH DUNA Bank Zrt.,"9200 Mosonmagyaróvár, Szent István király út 23.",S,R
58600283,DTBAHUHB,MBH DUNA Bank Zrt.,"9021 Győr, Aradi vértanúk útja 15.",S,R
58600290,DTBAHUHB,MBH DUNA Bank Zrt.,"9241 Jánossomorja, Szabadság utca 20.",S,R
58600300,DTBAHUHB,MBH DUNA Bank Zrt.,"9022 Győr, Árpád út 93.",S,R
58600317,DTBAHUHB,MBH DUNA Bank Zrt.,"9444 Fertőszentmiklós, Petőfi Sándor utca 2.",S,R
58600324,DTBAHUHB,MBH DUNA Bank Zrt.,"9021 Győr, Aradi vértanúk útja 15.",S,R
58600331,DTBAHUHB,MBH DUNA Bank Zrt.,"8086 Felcsút, Fő utca 137.",S,R
58600348,DTBAHUHB,MBH DUNA Bank Zrt.,"9228 Halászi, Kossuth Lajos utca 98.",S,R
58600355,DTBAHUHB,MBH DUNA Bank Zrt.,"9444 Fertőszentmiklós, Petőfi Sándor utca 2.",S,R
58600362,DTBAHUHB,MBH DUNA Bank Zrt.,"8086 Felcsút, Fő utca 137.",S,R
58600379,DTBAHUHB,MBH DUNA Bank Zrt.,"9022 Győr, Árpád út 93.",S,R
58600410,DTBAHUHB,MBH DUNA Bank Zrt.,"2525 Bajna, Kossuth Lajos utca 16.",S,R
58600427,DTBAHUHB,MBH DUNA Bank Zrt.,"2525 Bajna, Kossuth Lajos utca 16.",S,R
58600434,DTBAHUHB,MBH DUNA Bank Zrt.,"2523 Sárisáp, Malom utca 12.",S,R
58600441,DTBAHUHB,MBH DUNA Bank Zrt.,"2534 Tát, Fő út 120/A.",S,R
58600458,DTBAHUHB,MBH DUNA Bank Zrt.,"2534 Tát, Fő út 120/A.",S,R
58600465,DTBAHUHB,MBH DUNA Bank Zrt.,"2536 Nyergesújfalu, Kossuth Lajos utca 166.",S,R
58600472,DTBAHUHB,MBH DUNA Bank Zrt.,"2510 Dorog, Bécsi út 74.",S,R
58600489,DTBAHUHB,MBH DUNA Bank Zrt.,"2510 Dorog, Bécsi út 74.",S,R
58600506,DTBAHUHB,MBH DUNA Bank Zrt.,"2510 Dorog, Bécsi út 74.",S,R
58600513,DTBAHUHB,MBH DUNA Bank Zrt.,"2510 Dorog, Bécsi út 74.",S,R
58600520,DTBAHUHB,MBH DUNA Bank Zrt.,"2510 Dorog, Bécsi út 74.",S,R
58600537,DTBAHUHB,MBH DUNA Bank Zrt.,"2525 Bajna, Kossuth Lajos utca 16.",S,R
58600544,DTBAHUHB,MBH DUNA Bank Zrt.,"2536 Nyergesújfalu, Kossuth Lajos utca 166.",S,R
58600551,DTBAHUHB,MBH DUNA Bank Zrt.,"1054 Budapest, Aulich utca 3.",S,R
58600575,DTBAHUHB,MBH DUNA Bank Zrt.,"2510 Dorog, Bécsi út 74.",S,R
58600582,DTBAHUHB,MBH DUNA Bank Zrt.,"1054 Budapest, Aulich utca 3.",S,R
58900002,MKKBHUHB,MBH Bank Nyrt.,"9343 Beled, Rákóczi utca 131.",S,R
58900019,MKKBHUHB,MBH Bank Nyrt.,"9343 Beled, Rákóczi utca 131.",S,R
58900026,MKKBHUHB,MBH Bank Nyrt.,"9343 Beled, Rákóczi utca 131.",S,R
58900033,MKKBHUHB,MBH Bank Nyrt.,"9330 Kapuvár, Gesztenye sor 5.",S,R
58900040,MKKBHUHB,MBH Bank Nyrt.,"9330 Kapuvár, Gesztenye sor 5.",S,R
58900057,MKKBHUHB,MBH Bank Nyrt.,"9024 Győr, Riesz F. utca 11/a.",S,R
58900064,MKKBHUHB,MBH Bank Nyrt.,"9400 Sopron, Várkerület 18.",S,R
58900071,MKKBHUHB,MBH Bank Nyrt.,"9500 Celldömölk, Kossuth  Lajos utca 18.",S,R
58900088,MKKBHUHB,MBH Bank Nyrt.,"9700 Szombathely, Szűrcsapó utca 23.",S,R
58900095,MKKBHUHB,MBH Bank Nyrt.,"9500 Celldömölk, Kossuth Lajos utca 18.",S,R
58900105,MKKBHUHB,MBH Győr ETO Park,"9021 Győr, Nagysándor József utca 31.",S,R
58900215,MKKBHUHB,MBH Bank Nyrt.,"9330 Kapuvár, Gesztenye sor 5.",S,R
59000019,MKKBHUHB,MBH Bank Nyrt.,"9151 Abda, Bécsi utca 67/a.",S,R
59000026,MKKBHUHB,MBH Bank Nyrt.,"9177 Ásványráró, Győri út 47.",S,R
59000033,MKKBHUHB,MBH Bank Nyrt.,"9151 Abda, Bécsi utca 67/a.",S,R
59000040,MKKBHUHB,MBH Bank Nyrt.,"9155 Lébény, Fő út 85.",S,R
59000057,MKKBHUHB,MBH Bank Nyrt.,"9155 Lébény, Fő út 85.",S,R
59000064,MKKBHUHB,MBH Bank Nyrt.,"9151 Abda, Bécsi utca 67/a.",S,R
59100016,MKKBHUHB,MBH Győr ETO Park,"9021 Győr, Nagysándor József utca 31.",S,R
59100102,MKKBHUHB,MBH Bank Nyrt.,"9461 Lövő, Fő utca 203.",S,R
59100205,MKKBHUHB,MBH Bank Nyrt.,"9735 Csepreg, Széchenyi tér 4.",S,R
59100308,MKKBHUHB,MBH Bank Nyrt.,"9461 Lövő, Fő utca 203.",S,R
59100401,MKKBHUHB,MBH Bank Nyrt.,"9400 Sopron, Várkerület 18.",S,R
59100504,MKKBHUHB,MBH Bank Nyrt.,"9400 Sopron, Várkerület 18.",S,R
59100607,MKKBHUHB,MBH Bank Nyrt.,"9431 Fertőd, Fő utca 62.",S,R
59100700,MKKBHUHB,MBH Bank Nyrt.,"9400 Sopron, Várkerület 18.",S,R
59100803,MKKBHUHB,MBH Bank Nyrt.,"9400 Sopron, Várkerület 18.",S,R
59100906,MKKBHUHB,MBH Bank Nyrt.,"9431 Fertőd, Fő utca 62.",S,R
59101000,MKKBHUHB,MBH Bank Nyrt.,"9700 Szombathely, Szűrcsapó utca 23",S,R
59200013,MKKBHUHB,MBH Bank Nyrt.,"9082 Nyúl, Kossuth Lajos utca 52.",S,R
59200020,MKKBHUHB,MBH Győr ETO Park,"9021 Győr, Nagysándor József utca 31.",S,R
59200037,MKKBHUHB,MBH Bank Nyrt.,"9023 Győr, Lehel utca 27.",S,R
59200068,MKKBHUHB,MBH Bank Nyrt.,"9143 Enese, Soproni út 13.",S,R
59200075,MKKBHUHB,MBH Bank Nyrt.,"9023 Győr, Lehel utca 27.",S,R
59200123,MKKBHUHB,MBH Bank Nyrt.,"9023 Győr, Lehel utca 27.",S,R
59200154,MKKBHUHB,MBH Bank Nyrt.,"9143 Enese, Soproni út 13.",S,R
59200161,MKKBHUHB,MBH Győr ETO Park,"9021 Győr, Nagysándor József utca 31.",S,R
59300106,MKKBHUHB,MBH Győr ETO Park,"9021 Győr, Nagysándor József utca 31.",S,R
59300216,MKKBHUHB,MBH Bank Nyrt.,"9090 Pannonhalma, Petőfi utca 20.",S,R
59300223,MKKBHUHB,MBH Bank Nyrt.,"9083 Écs, Kossuth utca 2/A",S,R
59300230,MKKBHUHB,MBH Bank Nyrt.,"9090 Pannonhalma, Petőfi utca 20.",S,R
59300247,MKKBHUHB,MBH Bank Nyrt.,"9090 Pannonhalma, Petőfi utca 20.",S,R
59300254,MKKBHUHB,MBH Bank Nyrt.,"9090 Pannonhalma, Petőfi utca 20.",S,R
59300261,MKKBHUHB,MBH Bank Nyrt.,"9024 Győr, Riesz F. utca 11/a.",S,R
59300278,MKKBHUHB,MBH Győr ETO Park,"9021 Győr, Nagysándor József utca 31.",S,R
59300285,MKKBHUHB,MBH Bank Nyrt.,"9200 Mosonmagyaróvár, Kökény utca 9",S,R
59300292,MKKBHUHB,MBH Bank Nyrt.,"8000 Székesfehérvár, Koronázó tér 2.",S,R
59300302,MKKBHUHB,MBH Bank Nyrt.,"8438 Veszprémvarsány, Rákóczi Ferenc utca 13.",S,R
59300319,MKKBHUHB,MBH Bank Nyrt.,"9090 Pannonhalma, Petőfi utca 20.",S,R
59300326,MKKBHUHB,MBH Bank Nyrt.,"8431 Bakonyszentlászló, Vak Bottyán utca 2.",S,R
59300333,MKKBHUHB,MBH Bank Nyrt.,"9090 Pannonhalma, Petőfi utca 20.",S,R
59300340,MKKBHUHB,MBH Bank Nyrt.,"9090 Pannonhalma, Petőfi utca 20.",S,R
59300357,MKKBHUHB,MBH Győr ETO Park,"9021 Győr, Nagysándor József utca 31.",S,R
59300364,MKKBHUHB,MBH Bank Nyrt.,"8431 Bakonyszentlászló, Vak  Bottyán utca 2.",S,R
59300371,MKKBHUHB,MBH Bank Nyrt.,"8438 Veszprémvarsány, Rákóczi Ferenc utca 13.",S,R
59300388,MKKBHUHB,MBH Bank Nyrt.,"1181 Budapest, Üllői út 399.",S,R
59500007,MKKBHUHB,MBH Győr ETO Park,"9021 Győr, Nagysándor József utca 31.",S,R
59500100,MKKBHUHB,MBH Bank Nyrt.,"9224 Rajka, Kossuth  Lajos utca 37/a.",S,R
59500117,MKKBHUHB,MBH Bank Nyrt.,"9222 Hegyeshalom, Fő utca 135.",S,R
59500124,MKKBHUHB,MBH Bank Nyrt.,"9225 Dunakiliti, Kossuth Lajos utca 88.",S,R
59500131,MKKBHUHB,MBH Bank Nyrt.,"9224 Rajka, Kossuth Lajos utca 37/a",S,R
59500148,MKKBHUHB,MBH Bank Nyrt.,"9222 Hegyeshalom, Fő utca 135.",S,R
59500155,MKKBHUHB,MBH Bank Nyrt.,"9200 Mosonmagyaróvár, Palánk utca 8.",S,R
59500179,MKKBHUHB,MBH Bank Nyrt.,"9200 Mosonmagyaróvár, Kökény utca 9.",S,R
59500186,MKKBHUHB,MBH Bank Nyrt.,"9300 Csorna, Szent István tér 23.",S,R
59500193,MKKBHUHB,MBH Bank Nyrt.,"9330 Kapuvár, Gesztenye sor 5.",S,R
59500203,MKKBHUHB,MBH Győr ETO Park,"9021 Győr, Nagysándor József utca 31.",S,R
59500241,MKKBHUHB,MBH Bank Nyrt.,"9330 Kapuvár, Gesztenye sor 5.",S,R
59500258,MKKBHUHB,MBH Bank Nyrt.,"9330 Kapuvár, Gesztenye sor 5.",S,R
59500313,MKKBHUHB,MBH Bank Nyrt.,"9485 Nagycenk, Iskola utca 2.",S,R
59500320,MKKBHUHB,MBH Bank Nyrt.,"9485 Nagycenk, Iskola utca 2.",S,R
59500337,MKKBHUHB,MBH Bank Nyrt.,"9485 Nagycenk, Iskola utca 2.",S,R
59500344,MKKBHUHB,MBH Bank Nyrt.,"9431 Fertőd, Fő utca 62.",S,R
59500351,MKKBHUHB,MBH Bank Nyrt.,"9400 Sopron, Várkerület 18.",S,R
59500368,MKKBHUHB,MBH Bank Nyrt.,"9400 Sopron, Várkerület 18.",S,R
59500375,MKKBHUHB,MBH Bank Nyrt.,"9485 Nagycenk, Iskola utca 2.",S,R
59500382,MKKBHUHB,MBH Bank Nyrt.,"9400 Sopron, Várkerület 18.",S,R
59500454,MKKBHUHB,MBH Bank Nyrt.,"9090 Pannonhalma, Petőfi utca 20.",S,R
59500461,MKKBHUHB,MBH Bank Nyrt.,"9083 Écs, Kossuth utca 2/A",S,R
59500478,MKKBHUHB,MBH Bank Nyrt.,"9090 Pannonhalma, Petőfi utca 20.",S,R
59500485,MKKBHUHB,MBH Bank Nyrt.,"9090 Pannonhalma, Petőfi utca 20.",S,R
59500492,MKKBHUHB,MBH Bank Nyrt.,"9090 Pannonhalma, Petőfi utca 20.",S,R
59500502,MKKBHUHB,MBH Bank Nyrt.,"9024 Győr, Riesz F. utca 11/a.",S,R
59500519,MKKBHUHB,MBH Győr ETO Park,"9021 Győr, Nagysándor József utca 31.",S,R
59500526,MKKBHUHB,MBH Bank Nyrt.,"8000 Székesfehérvár, Koronázó tér 2.",S,R
59500533,MKKBHUHB,MBH Bank Nyrt.,"8438 Veszprémvarsány, Rákóczi Ferenc utca 13.",S,R
59500540,MKKBHUHB,MBH Bank Nyrt.,"9090 Pannonhalma, Petőfi utca 20.",S,R
59500557,MKKBHUHB,MBH Bank Nyrt.,"8431 Bakonyszentlászló, Vak Bottyán utca 2.",S,R
59500564,MKKBHUHB,MBH Bank Nyrt.,"9090 Pannonhalma, Petőfi utca 20.",S,R
59500571,MKKBHUHB,MBH Bank Nyrt.,"9090 Pannonhalma, Petőfi utca 20.",S,R
59500588,MKKBHUHB,MBH Bank Nyrt.,"8431 Bakonyszentlászló, Vak Bottyán utca 2.",S,R
59500605,MKKBHUHB,MBH Bank Nyrt.,"9100 Tét, Fő utca 86.",S,R
59500612,MKKBHUHB,MBH Bank Nyrt.,"9100 Tét, Fő utca 86",S,R
59500629,MKKBHUHB,MBH Bank Nyrt.,"9100 Tét, Fő utca 86.",S,R
59500643,MKKBHUHB,MBH Bank Nyrt.,"9024 Győr, Riesz  F. utca 11/a.",S,R
59500650,MKKBHUHB,MBH Bank Nyrt.,"9024 Győr, Riesz F. utca 11/a.",S,R
59500667,MKKBHUHB,MBH Győr ETO Park,"9021 Győr, Nagysándor József utca 31.",S,R
59500674,MKKBHUHB,MBH Bank Nyrt.,"9100 Tét, Fő utca 86",S,R
59500681,MKKBHUHB,MBH Bank Nyrt.,"9326 Szil, Hunyadi tér 14.",S,R
59500698,MKKBHUHB,MBH Bank Nyrt.,"9100 Tét, Fő utca 86",S,R
59500708,MKKBHUHB,MBH Bank Nyrt.,"9100 Tét, Fő utca 86",S,R
59500715,MKKBHUHB,MBH Bank Nyrt.,"9100 Tét, Fő utca 86",S,R
59500722,MKKBHUHB,MBH Győr ETO Park,"9021 Győr, Nagysándor József utca 31.",S,R
59500739,MKKBHUHB,MBH Bank Nyrt.,"9900 Körmend, Thököly utca 1.",S,R
59500746,MKKBHUHB,MBH Bank Nyrt.,"9900 Körmend, Thököly utca 1.",S,R
59500753,MKKBHUHB,MBH Bank Nyrt.,"9970 Szentgotthárd, Hunyadi utca 5.",S,R
59500760,MKKBHUHB,MBH Bank Nyrt.,"9800 Vasvár, Főszolgabíró tér 1.",S,R
59500777,MKKBHUHB,MBH Bank Nyrt.,"9800 Vasvár, Főszolgabíró tér 1.",S,R
59500784,MKKBHUHB,MBH Bank Nyrt.,"9941 Őriszentpéter, Városszer 106.",S,R
59500791,MKKBHUHB,MBH Bank Nyrt.,"9941 Őriszentpéter, Városszer 106.",S,R
59500801,MKKBHUHB,MBH Bank Nyrt.,"9970 Szentgotthárd, Hunyadi utca 5.",S,R
59500818,MKKBHUHB,MBH Bank Nyrt.,"9600 Sárvár, Batthyány Lajos utca 42/C",S,R
59500825,MKKBHUHB,MBH Bank Nyrt.,"9700 Szombathely, Petőfi Sándor utca 16",S,R
59500832,MKKBHUHB,MBH Bank Nyrt.,"9700 Szombathely, Petőfi  Sándor utca 16",S,R
59500849,MKKBHUHB,MBH Bank Nyrt.,"9700 Szombathely, Petőfi Sándor utca 16",S,R
59500856,MKKBHUHB,MBH Bank Nyrt.,"9500 Celldömölk, Kossuth  Lajos utca 18.",S,R
59500863,MKKBHUHB,MBH Bank Nyrt.,"9653 Répcelak, Petőfi Sándor utca 50.",S,R
59500870,MKKBHUHB,MBH Bank Nyrt.,"9500 Celldömölk, Kossuth  Lajos utca 18.",S,R
59500887,MKKBHUHB,MBH Bank Nyrt.,"9653 Répcelak, Petőfi Sándor utca 50",S,R
59500894,MKKBHUHB,MBH Bank Nyrt.,"9600 Sárvár, Batthyány Lajos utca 42/b",S,R
59500904,MKKBHUHB,MBH Bank Nyrt.,"9737 Bük, Széchenyi utca 2/a",S,R
59500911,MKKBHUHB,MBH Bank Nyrt.,"9500 Celldömölk, Kossuth Lajos utca 18.",S,R
59500928,MKKBHUHB,MBH Bank Nyrt.,"9737 Bük, Széchenyi utca 2/a",S,R
59500935,MKKBHUHB,MBH Bank Nyrt.,"9461 Lövő, Fő utca 203.",S,R
59500942,MKKBHUHB,MBH Bank Nyrt.,"9735 Csepreg, Széchenyi tér 4.",S,R
59500959,MKKBHUHB,MBH Bank Nyrt.,"9461 Lövő, Fő utca 203.",S,R
59500966,MKKBHUHB,MBH Bank Nyrt.,"9400 Sopron, Várkerület 18.",S,R
59500973,MKKBHUHB,MBH Bank Nyrt.,"9431 Fertőd, Fő utca 62.",S,R
59500980,MKKBHUHB,MBH Bank Nyrt.,"9400 Sopron, Várkerület 18.",S,R
59500997,MKKBHUHB,MBH Bank Nyrt.,"9400 Sopron, Várkerület 18.",S,R
59501008,MKKBHUHB,MBH Bank Nyrt.,"9431 Fertőd, Fő utca 62.",S,R
59501015,MKKBHUHB,MBH Bank Nyrt.,"9343 Beled, Rákóczi utca 131.",S,R
59501022,MKKBHUHB,MBH Bank Nyrt.,"9343 Beled, Rákóczi utca 131.",S,R
59501039,MKKBHUHB,MBH Bank Nyrt.,"9330 Kapuvár, Gesztenye sor 5.",S,R
59501046,MKKBHUHB,MBH Bank Nyrt.,"9330 Kapuvár, Gesztenye sor 5.",S,R
59501053,MKKBHUHB,MBH Bank Nyrt.,"9024 Győr, Riesz F. utca 11/a.",S,R
59501060,MKKBHUHB,MBH Bank Nyrt.,"9500 Celldömölk, Kossuth Lajos utca 18.",S,R
59501077,MKKBHUHB,MBH Bank Nyrt.,"9300 Csorna, Szent István tér 23",S,R
59501084,MKKBHUHB,MBH Bank Nyrt.,"9300 Csorna, Szent István tér 23.",S,R
59501091,MKKBHUHB,MBH Bank Nyrt.,"9300 Csorna, Szent István tér 23",S,R
59501101,MKKBHUHB,MBH Bank Nyrt.,"9300 Csorna, Szent István tér 23",S,R
59501118,MKKBHUHB,MBH Bank Nyrt.,"9300 Csorna, Szent István tér 23",S,R
59501125,MKKBHUHB,MBH Bank Nyrt.,"9326 Szil, Hunyadi tér 14.",S,R
59501132,MKKBHUHB,MBH Bank Nyrt.,"9317 Szany, Dózsa utca 4.",S,R
59501149,MKKBHUHB,MBH Bank Nyrt.,"9317 Szany, Dózsa utca 4.",S,R
59501156,MKKBHUHB,MBH Bank Nyrt.,"9300 Csorna, Szent István tér 23",S,R
59501163,MKKBHUHB,MBH Bank Nyrt.,"9241 Jánossomorja, Óvári utca 6.",S,R
59501170,MKKBHUHB,MBH Bank Nyrt.,"9200 Mosonmagyaróvár, Kökény utca 9",S,R
59501187,MKKBHUHB,MBH Bank Nyrt.,"9300 Csorna, Szent István tér 23",S,R
59501194,MKKBHUHB,MBH Bank Nyrt.,"9700 Szombathely, Szűrcsapó utca 23",S,R
59501204,MKKBHUHB,MBH Bank Nyrt.,"9700 Szombathely, Szűrcsapó utca 23.",S,R
59501211,MKKBHUHB,MBH Bank Nyrt.,"9700 Szombathely, Petőfi Sándor utca 16",S,R
59501228,MKKBHUHB,MBH Bank Nyrt.,"9798 Ják, Szabadság tér 10.",S,R
59501235,MKKBHUHB,MBH Bank Nyrt.,"9700 Szombathely, Petőfi Sándor utca 16",S,R
59501242,MKKBHUHB,MBH Bank Nyrt.,"9900 Körmend, Thököly utca 1.",S,R
59501259,MKKBHUHB,MBH Bank Nyrt.,"9600 Sárvár, Batthyány  Lajos utca 42/C",S,R
59501266,MKKBHUHB,MBH Bank Nyrt.,"9900 Körmend, Thököly utca 1.",S,R
59501273,MKKBHUHB,MBH Bank Nyrt.,"9737 Bük, Széchenyi utca 2/A",S,R
59501280,MKKBHUHB,MBH Bank Nyrt.,"9700 Szombathely, Petőfi Sándor utca 16",S,R
59501297,MKKBHUHB,MBH Bank Nyrt.,"9730 Kőszeg, Rákóczi utca 12.",S,R
59501307,MKKBHUHB,MBH Bank Nyrt.,"9730 Kőszeg, Rákóczi utca 12.",S,R
59501314,MKKBHUHB,MBH Bank Nyrt.,"9735 Csepreg, Széchenyi tér 4.",S,R
59600011,MKKBHUHB,MBH Bank Nyrt.,"9300 Csorna, Szent István tér 23",S,R
59600028,MKKBHUHB,MBH Bank Nyrt.,"9300 Csorna, Szent  István tér 23.",S,R
59600035,MKKBHUHB,MBH Bank Nyrt.,"9300 Csorna, Szent István tér 23",S,R
59600042,MKKBHUHB,MBH Bank Nyrt.,"9300 Csorna, Szent István tér 23",S,R
59600059,MKKBHUHB,MBH Bank Nyrt.,"9300 Csorna, Szent István tér 23",S,R
59600066,MKKBHUHB,MBH Bank Nyrt.,"9326 Szil, Hunyadi tér 14.",S,R
59600073,MKKBHUHB,MBH Bank Nyrt.,"9317 Szany, Dózsa utca 4.",S,R
59600080,MKKBHUHB,MBH Bank Nyrt.,"9317 Szany, Dózsa utca 4.",S,R
59600097,MKKBHUHB,MBH Bank Nyrt.,"9024 Győr, Riesz F. utca 11/a.",S,R
59600114,MKKBHUHB,MBH Bank Nyrt.,"9300 Csorna, Szent István tér 23",S,R
59600121,MKKBHUHB,MBH Bank Nyrt.,"9241 Jánossomorja, Óvári utca 6.",S,R
59600138,MKKBHUHB,MBH Bank Nyrt.,"9200 Mosonmagyaróvár, Kökény utca 9",S,R
59600145,MKKBHUHB,MBH Bank Nyrt.,"9200 Mosonmagyaróvár, Kökény utca 9",S,R
59600152,MKKBHUHB,MBH Bank Nyrt.,"9300 Csorna, Szent István tér 23",S,R
59600169,MKKBHUHB,MBH Győr ETO Park,"9021 Győr, Nagysándor József utca 31.",S,R
59600310,MKKBHUHB,MBH Bank Nyrt.,"9300 Csorna, Szent István tér 23",S,R
59800015,MKKBHUHB,MBH Bank Nyrt.,"9100 Tét, Fő utca 86.",S,R
59800022,MKKBHUHB,MBH Bank Nyrt.,"9100 Tét, Fő utca 86",S,R
59800039,MKKBHUHB,MBH Bank Nyrt.,"9100 Tét, Fő utca 86.",S,R
59800046,MKKBHUHB,MBH Bank Nyrt.,"9100 Tét, Fő utca 86",S,R
59800053,MKKBHUHB,MBH Bank Nyrt.,"9100 Tét, Fő utca 86",S,R
59800060,MKKBHUHB,MBH Bank Nyrt.,"9024 Győr, Riesz F. utca 11/a.",S,R
59800077,MKKBHUHB,MBH Bank Nyrt.,"9024 Győr, Riesz F. utca 11/a.",S,R
59800084,MKKBHUHB,MBH Győr ETO Park,"9021 Győr, Nagysándor József utca 31.",S,R
59800091,MKKBHUHB,MBH Bank Nyrt.,"9100 Tét, Fő utca 86",S,R
59800101,MKKBHUHB,MBH Győr ETO Park,"9021 Győr, Nagysándor József utca 31.",S,R
59800118,MKKBHUHB,MBH Bank Nyrt.,"9326 Szil, Hunyadi tér 14.",S,R
59800125,MKKBHUHB,MBH Bank Nyrt.,"9100 Tét, Fő utca 86",S,R
59800132,MKKBHUHB,MBH Bank Nyrt.,"9100 Tét, Fő utca 86",S,R
59800149,MKKBHUHB,MBH Bank Nyrt.,"9100 Tét, Fő utca 86",S,R
59800156,MKKBHUHB,MBH Bank Nyrt.,"9100 Tét, Fő utca 86",S,R
59800163,MKKBHUHB,MBH Győr ETO Park,"9021 Győr, Nagysándor József utca 31.",S,R
59800170,MKKBHUHB,MBH Bank Nyrt.,"9100 Tét, Fő utca 86",S,R
59900005,MKKBHUHB,MBH Bank Nyrt.,"4026 Debrecen, Bethlen G. utca 6-8.",S,R
59900012,MKKBHUHB,MBH Bank Nyrt.,"4064 Nagyhegyes, Kossuth utca 1.",S,R
59900029,MKKBHUHB,MBH Bank Nyrt.,"4060 Balmazújváros, Veres Péter utca 3.",S,R
59900036,MKKBHUHB,MBH Bank Nyrt.,"4200 Hajdúszoboszló, Hősök tere 15.",S,R
59900043,MKKBHUHB,MBH Bank Nyrt.,"4200 Hajdúszoboszló, Hősök tere 15.",S,R
59900050,MKKBHUHB,MBH Bank Nyrt.,"4026 Debrecen, Bethlen G. utca 6-8.",S,R
59900067,MKKBHUHB,MBH Bank Nyrt.,"4060 Balmazújváros, Veres Péter utca 3.",S,R
59900074,MKKBHUHB,MBH Bank Nyrt.,"4026 Debrecen, Bethlen utca 6-8.",S,R
60300014,MKKBHUHB,MBH Bank Nyrt.,"4087 Hajdúdorog, Tokaji út 6.",S,R
60300021,MKKBHUHB,MBH Bank Nyrt.,"4220 Hajdúböszörmény, Kossuth Lajos utca 5.",S,R
60300038,MKKBHUHB,MBH Bank Nyrt.,"4220 Hajdúböszörmény, Kossuth Lajos utca 5.",S,R
60300045,MKKBHUHB,MBH Bank Nyrt.,"4080 Hajdúnánás, Kossuth utca 17.",S,R
60300052,MKKBHUHB,MBH Bank Nyrt.,"4026 Debrecen, Bethlen utca 6-8.",S,R
60600008,MKKBHUHB,MBH Bank Nyrt.,"4274 Hosszúpályi, Bagosi utca 2.",S,R
60600015,MKKBHUHB,MBH Bank Nyrt.,"4274 Hosszúpályi, Bagosi utca 2.",S,R
60600022,MKKBHUHB,MBH Bank Nyrt.,"4274 Hosszúpályi, Bagosi utca 2.",S,R
60600039,MKKBHUHB,MBH Bank Nyrt.,"4026 Debrecen, Bethlen utca 6-8.",S,R
60600046,MKKBHUHB,MBH Bank Nyrt.,"4274 Hosszúpályi, Bagosi utca 2.",S,R
60600053,MKKBHUHB,MBH Bank Nyrt.,"4130 Derecske, Rákóczi út 2.",S,R
60600060,MKKBHUHB,MBH Bank Nyrt.,"4130 Derecske, Rákóczi út 2.",S,R
60600077,MKKBHUHB,MBH Bank Nyrt.,"4130 Derecske, Rákóczi út 2.",S,R
60600084,MKKBHUHB,MBH Bank Nyrt.,"4026 Debrecen, Bethlen utca 6-8.",S,R
60600101,MKKBHUHB,MBH Bank Nyrt.,"4251 Hajdúsámson, Rákóczi út 6.",S,R
60600118,MKKBHUHB,MBH Bank Nyrt.,"4254 Nyíradony, Árpád tér 12.",S,R
60600132,MKKBHUHB,MBH Bank Nyrt.,"4200 Hajdúszoboszló, Hősök tere 15.",S,R
60600149,MKKBHUHB,MBH Bank Nyrt.,"4242 Hajdúhadház, Bocskai tér 2/A",S,R
60600156,MKKBHUHB,MBH Bank Nyrt.,"4243 Téglás, Dózsa György utca 13.",S,R
60600163,MKKBHUHB,MBH Bank Nyrt.,"4225 Debrecen-Józsa, Szentgyörgyfalvi út 9.",S,R
60600170,MKKBHUHB,MBH Bank Nyrt.,"4033 Debrecen, Mátyás király utca 29.",S,R
60600187,MKKBHUHB,MBH Bank Nyrt.,"4242 Hajdúhadház, Bocskai tér 2/A",S,R
60600204,MKKBHUHB,MBH Bank Nyrt.,"4026 Debrecen, Bethlen G. utca 6-8.",S,R
60600211,MKKBHUHB,MBH Bank Nyrt.,"4110 Biharkeresztes, Hősök tere 10.",S,R
60600228,MKKBHUHB,MBH Bank Nyrt.,"4110 Biharkeresztes, Hősök tere 10.",S,R
60600235,MKKBHUHB,MBH Bank Nyrt.,"4110 Biharkeresztes, Hősök tere 10.",S,R
60600242,MKKBHUHB,MBH Bank Nyrt.,"4100 Berettyóújfalu, Dózsa György utca 3-5.",S,R
60600259,MKKBHUHB,MBH Bank Nyrt.,"4100 Berettyóújfalu, Dózsa György utca 3-5.",S,R
60600266,MKKBHUHB,MBH Bank Nyrt.,"4110 Biharkeresztes, Hősök tere 10.",S,R
60600273,MKKBHUHB,MBH Bank Nyrt.,"5525 Füzesgyarmat, Mátyás utca 2.",S,R
60600280,MKKBHUHB,MBH Bank Nyrt.,"4150 Püspökladány, Gagarin utca 1.",S,R
60600297,MKKBHUHB,MBH Bank Nyrt.,"4150 Püspökladány, Gagarin utca 1.",S,R
60600307,MKKBHUHB,MBH Bank Nyrt.,"4026 Debrecen, Bethlen G. utca 6-8.",S,R
60600314,MKKBHUHB,MBH Bank Nyrt.,"4026 Debrecen, Bethlen G. utca 6-8.",S,R
60600321,MKKBHUHB,MBH Bank Nyrt.,"4026 Debrecen, Bethlen G. utca 6-8.",S,R
60600338,MKKBHUHB,MBH Bank Nyrt.,"4026 Debrecen, Bethlen G. utca 6-8.",S,R
60600345,MKKBHUHB,MBH Bank Nyrt.,"4026 Debrecen, Bethlen G. utca 6-8.",S,R
60600352,MKKBHUHB,MBH Bank Nyrt.,"4026 Debrecen, Bethlen G. utca 6-8.",S,R
60600369,MKKBHUHB,MBH Bank Nyrt.,"4026 Debrecen, Bethlen G. utca 6-8.",S,R
60600376,MKKBHUHB,MBH Bank Nyrt.,"4281 Létavértes, Baross utca 1.",S,R
60600383,MKKBHUHB,MBH Bank Nyrt.,"4274 Hosszúpályi, Bagosi utca 2.",S,R
60600390,MKKBHUHB,MBH Bank Nyrt.,"4274 Hosszúpályi, Bagosi utca 2.",S,R
60600400,MKKBHUHB,MBH Bank Nyrt.,"4110 Biharkeresztes, Hősök tere 10.",S,R
60600417,MKKBHUHB,MBH Bank Nyrt.,"4026 Debrecen, Bethlen G. utca 6-8.",S,R
60600424,MKKBHUHB,MBH Bank Nyrt.,"4026 Debrecen, Bethlen G. utca 6-8.",S,R
60600431,MKKBHUHB,MBH Bank Nyrt.,"4026 Debrecen, Bethlen G. utca 6-8.",S,R
60600448,MKKBHUHB,MBH Bank Nyrt.,"4026 Debrecen, Bethlen G. utca 6-8.",S,R
60600455,MKKBHUHB,MBH Bank Nyrt.,"4026 Debrecen, Bethlen G. utca 6-8.",S,R
60600462,MKKBHUHB,MBH Bank Nyrt.,"4026 Debrecen, Bethlen G. utca 6-8.",S,R
60600479,MKKBHUHB,MBH Bank Nyrt.,"4026 Debrecen, Bethlen G. utca 6-8.",S,R
60600486,MKKBHUHB,MBH Bank Nyrt.,"4026 Debrecen, Bethlen G. utca 6-8.",S,R
60600493,MKKBHUHB,MBH Bank Nyrt.,"4026 Debrecen, Bethlen G. utca 6-8.",S,R
61200113,HBWEHUHB,MAGNET Bank Polgár közp. fiók,"4090 Polgár, Hősök utca 8",S,R
61200216,HBWEHUHB,MAGNET Bank Polgári fiók,"4090 Polgár, Hősök utca 8",S,R
61200223,HBWEHUHB,MAGNET Bank Polgári fiók,"4090 Polgár, Hősök utca 8",S,R
61200230,HBWEHUHB,MAGNET Bank Polgári fiók,"4090 Polgár, Hősök utca 8",S,R
61200247,HBWEHUHB,MAGNET Bank Hajdúnánási fiók,"4080 Hajdúnánás, Kossuth  utca 12 fsz 1",S,R
61200254,HBWEHUHB,MAGNET Bank Tiszaújvárosi fiók,"3580 Tiszaújváros, Szent István  út 19",S,R
61200261,HBWEHUHB,MAGNET Bank Debreceni fiók,"4026 Debrecen, Péterfia utca 4",S,R
61200278,HBWEHUHB,MAGNET Bank Szigetszentmiklósi fiók,"2310 Szigetszentmiklós, Tököli út 19/B fsz 3",S,R
61200285,HBWEHUHB,MAGNET Bank Hajdúböszörményi fiók,"4220 Hajdúböszörmény, Bocskai István tér 13",S,R
61200292,HBWEHUHB,MAGNET Bank Budapesti fiók,"1055 Budapest, Balassi Bálint  utca 9-11",S,R
61200302,HBWEHUHB,MAGNET Bank Görbeházai fiók,"4075 Görbeháza, Iskola utca 2",S,R
61200319,HBWEHUHB,MAGNET Bank Komádi fiók,"4138 Komádi, Fő utca 2",S,R
61200326,HBWEHUHB,MAGNET Bank Komádi fiók,"4138 Komádi, Fő utca 2",S,R
61200333,HBWEHUHB,MAGNET Bank Csökmői kirendeltség,"4145 Csökmő, Kossuth  utca 87",S,R
61200340,HBWEHUHB,MAGNET Bank Csökmői kirendeltség,"4145 Csökmő, Kossuth  utca 87",S,R
61200357,HBWEHUHB,MAGNET Bank Csökmői kirendeltség,"4145 Csökmő, Kossuth  utca 87",S,R
61200364,HBWEHUHB,MAGNET Bank Hajdúnánási fiók,"4080 Hajdúnánás, Kossuth  utca 12 fsz 1",S,R
61200371,HBWEHUHB,MAGNET Bank Tiszacsegei fiók,"4066 Tiszacsege, Kossuth  utca 8/B",S,R
61200388,HBWEHUHB,MAGNET Bank Tiszacsegei fiók,"4066 Tiszacsege, Kossuth  utca 8/B",S,R
61200395,HBWEHUHB,MAGNET Bank Halásztelki fiók,"2314 Halásztelek, II. Rákóczi Ferenc út 50-52",S,R
61200405,HBWEHUHB,MAGNET Bank Szigetszentmiklósi fiók,"2310 Szigetszentmiklós, Tököli út 19/B fsz 3",S,R
61200412,HBWEHUHB,MAGNET Bank Nyíregyházai fiók,"4400 Nyíregyháza, Szarvas utca 5-9",S,R
61200429,HBWEHUHB,MAGNET Bank Miskolci fiók,"3530 Miskolc, Széchenyi István  út 94",S,R
61200436,HBWEHUHB,MAGNET Bank Egri fiók,"3300 Eger, Törvényház utca 9",S,R
61200443,HBWEHUHB,MAGNET Bank Soproni fiók,"9400 Sopron, Kossuth Lajos utca 19",S,R
61400007,MKKBHUHB,MBH Bank Nyrt.,"4287 Vámospércs, Nagy utca 9.",S,R
61400014,MKKBHUHB,MBH Bank Nyrt.,"4264 Nyírábrány, Jókai utca 1/A",S,R
61400021,MKKBHUHB,MBH Bank Nyrt.,"4287 Vámospércs, Nagy utca 9.",S,R
61400038,MKKBHUHB,MBH Bank Nyrt.,"4026 Debrecen, Bethlen G. utca 6-8.",S,R
61400045,MKKBHUHB,MBH Bank Nyrt.,"4026 Debrecen, Bethlen G. utca 6-8.",S,R
61400069,MKKBHUHB,MBH Bank Nyrt.,"4287 Vámospércs, Nagy utca 9.",S,R
61400117,MKKBHUHB,MBH Bank Nyrt.,"4183 Kaba, Rákóczi Ferenc út 120.",S,R
61400124,MKKBHUHB,MBH Bank Nyrt.,"4150 Püspökladány, Gagarin utca 1.",S,R
61400131,MKKBHUHB,MBH Bank Nyrt.,"4183 Kaba, Rákóczi  Ferenc út 120.",S,R
61400148,MKKBHUHB,MBH Bank Nyrt.,"4183 Kaba, Rákóczi  Ferenc út 120.",S,R
61400155,MKKBHUHB,MBH Bank Nyrt.,"4150 Püspökladány, Gagarin utca 1.",S,R
61400162,MKKBHUHB,MBH Bank Nyrt.,"4183 Kaba, Rákóczi  Ferenc út 120.",S,R
61400179,MKKBHUHB,MBH Bank Nyrt.,"4200 Hajdúszoboszló, Hősök tere 15.",S,R
61400186,MKKBHUHB,MBH Bank Nyrt.,"4150 Püspökladány, Gagarin utca 1.",S,R
61400193,MKKBHUHB,MBH Bank Nyrt.,"4150 Püspökladány, Gagarin utca 1.",S,R
61400203,MKKBHUHB,MBH Bank Nyrt.,"4026 Debrecen, Bethlen G. utca 6-8.",S,R
61400997,MKKBHUHB,MBH Bank Nyrt.,"4026 Debrecen, Bethlen G. utca 6-8.",S,R
61600018,MKKBHUHB,MBH Bank Nyrt.,"3346 Bélapátfalva, Május  1 út 2/a.",S,R
61600025,MKKBHUHB,MBH Bank Nyrt.,"3346 Bélapátfalva, Május  1. út 2/a.",S,R
61600032,MKKBHUHB,MBH Bank Nyrt.,"3346 Bélapátfalva, Május  1 út 2/a.",S,R
61600049,MKKBHUHB,MBH Bank Nyrt.,"3346 Bélapátfalva, Május  1 út 2/a.",S,R
61600056,MKKBHUHB,MBH Bank Nyrt.,"3346 Bélapátfalva, Május  1. út 2/a.",S,R
61600063,MKKBHUHB,MBH Bank Nyrt.,"3700 Kazincbarcika, Egressy Béni út 52.",S,R
61600070,MKKBHUHB,MBH Bank Nyrt.,"3300 Eger, Katona István tér 7-9.",S,R
61600104,MKKBHUHB,MBH Bank Nyrt.,"3300 Eger, Katona István tér 7-9.",S,R
61600111,MKKBHUHB,MBH Bank Nyrt.,"3346 Bélapátfalva, Május  1 út 2/a.",S,R
61900002,MKKBHUHB,MBH Bank Nyrt.,"3390 Füzesabony, Rákóczi  Ferenc út 58.",S,R
61900019,MKKBHUHB,MBH Bank Nyrt.,"3390 Füzesabony, Rákóczi Ferenc út 58.",S,R
61900026,MKKBHUHB,MBH Bank Nyrt.,"3390 Füzesabony, Rákóczi Ferenc út 58.",S,R
61900033,MKKBHUHB,MBH Bank Nyrt.,"3373 Besenyőtelek, Fő út 112.",S,R
61900040,MKKBHUHB,MBH Bank Nyrt.,"3300 Eger, Katona István tér 7-9.",S,R
61900057,MKKBHUHB,MBH Bank Nyrt.,"3300 Eger, Katona István tér 7-9.",S,R
61900064,MKKBHUHB,MBH Bank Nyrt.,"3390 Füzesabony, Rákóczi Ferenc út 58.",S,R
61900071,MKKBHUHB,MBH Bank Nyrt.,"3390 Füzesabony, Rákóczi út 58.",S,R
61900088,MKKBHUHB,MBH Bank Nyrt.,"3390 Füzesabony, Rákóczi út 58.",S,R
61900095,MKKBHUHB,MBH Bank Nyrt.,"3390 Füzesabony, Rákóczi út 58.",S,R
61900105,MKKBHUHB,MBH Bank Nyrt.,"3390 Füzesabony, Rákóczi út 58.",S,R
61900112,MKKBHUHB,MBH Bank Nyrt.,"3390 Füzesabony, Rákóczi út 58.",S,R
61900129,MKKBHUHB,MBH Bank Nyrt.,"3390 Füzesabony, Rákóczi út 58.",S,R
61900136,MKKBHUHB,MBH Bank Nyrt.,"5350 Tiszafüred, Kossuth tér 17.",S,R
61900143,MKKBHUHB,MBH Bank Nyrt.,"5350 Tiszafüred, Kossuth tér 17.",S,R
61900150,MKKBHUHB,MBH Bank Nyrt.,"3300 Eger, Katona István tér 7-9.",S,R
61900167,MKKBHUHB,MBH Bank Nyrt.,"3300 Eger, Katona István tér 7-9.",S,R
61900174,MKKBHUHB,MBH Bank Nyrt.,"3300 Eger, Katona István tér 7-9.",S,R
61900181,MKKBHUHB,MBH Bank Nyrt.,"3390 Füzesabony, Rákóczi Ferenc út 58.",S,R
61900198,MKKBHUHB,MBH Bank Nyrt.,"3390 Füzesabony, Rákóczi Ferenc út 58.",S,R
62000019,MKKBHUHB,MBH Bank Nyrt.,"3035 Gyöngyöspata, Dózsa György út 1-3.",S,R
62000026,MKKBHUHB,MBH Bank Nyrt.,"3200 Gyöngyös, Magyar út 1.",S,R
62000033,MKKBHUHB,MBH Bank Nyrt.,"3035 Gyöngyöspata, Dózsa György út 1-3.",S,R
62000040,MKKBHUHB,MBH Bank Nyrt.,"3200 Gyöngyös, Magyar út 1.",S,R
62000057,MKKBHUHB,MBH Bank Nyrt.,"3200 Gyöngyös, Magyar út 1.",S,R
62000071,MKKBHUHB,MBH Bank Nyrt.,"3360 Heves, Hunyadi utca 11-13.",S,R
62000088,MKKBHUHB,MBH Bank Nyrt.,"3360 Heves, Hunyadi utca 11-13.",S,R
62000095,MKKBHUHB,MBH Bank Nyrt.,"3373 Besenyőtelek, Fő út 112.",S,R
62000112,MKKBHUHB,MBH Bank Nyrt.,"3240 Parád, Kossuth út 128.",S,R
62000129,MKKBHUHB,MBH Bank Nyrt.,"3240 Parád, Kossuth út 128.",S,R
62000136,MKKBHUHB,MBH Bank Nyrt.,"3240 Parád, Kossuth út 128.",S,R
62000143,MKKBHUHB,MBH Bank Nyrt.,"3240 Parád, Kossuth út 128.",S,R
62000150,MKKBHUHB,MBH Bank Nyrt.,"3240 Parád, Kossuth út 128.",S,R
62000167,MKKBHUHB,MBH Bank Nyrt.,"3300 Eger, Katona István tér 7-9.",S,R
62000174,MKKBHUHB,MBH Bank Nyrt.,"3263 Domoszló, Deák tér 6.",S,R
62000181,MKKBHUHB,MBH Bank Nyrt.,"3200 Gyöngyös, Magyar út 1.",S,R
62000198,MKKBHUHB,MBH Bank Nyrt.,"3263 Domoszló, Deák tér 6.",S,R
62100016,MKKBHUHB,MBH Bank Nyrt.,"3000 Hatvan, Kossuth tér 22.",S,R
62100119,MKKBHUHB,MBH Bank Nyrt.,"3000 Hatvan, Kossuth tér 22.",S,R
62100126,MKKBHUHB,MBH Bank Nyrt.,"3000 Hatvan, Kossuth tér 22.",S,R
62100133,MKKBHUHB,MBH Bank Nyrt.,"3000 Hatvan, Kossuth tér 22.",S,R
62100140,MKKBHUHB,MBH Bank Nyrt.,"3000 Hatvan, Kossuth tér 22.",S,R
62100157,MKKBHUHB,MBH Bank Nyrt.,"3023 Petőfibánya, Mária utca 4.",S,R
62100164,MKKBHUHB,MBH Bank Nyrt.,"3023 Petőfibánya, Mária utca 4.",S,R
62100171,MKKBHUHB,MBH Bank Nyrt.,"3000 Hatvan, Kossuth tér 22.",S,R
62100188,MKKBHUHB,MBH Bank Nyrt.,"3023 Petőfibánya, Mária utca 4.",S,R
62100195,MKKBHUHB,MBH Bank Nyrt.,"3023 Petőfibánya, Mária utca 4.",S,R
62100205,MKKBHUHB,MBH Bank Nyrt.,"3000 Hatvan, Kossuth tér 22.",S,R
62100212,MKKBHUHB,MBH Bank Nyrt.,"3023 Petőfibánya, Mária utca 4.",S,R
62100229,MKKBHUHB,MBH Bank Nyrt.,"1144 Budapest, Zalán utca 23.",S,R
62100236,MKKBHUHB,MBH Bank Nyrt.,"3023 Petőfibánya, Mária utca 4.",S,R
62100243,MKKBHUHB,MBH Bank Nyrt.,"3000 Hatvan, Kossuth tér 22.",S,R
62100250,MKKBHUHB,MBH Bank Nyrt.,"3060 Pásztó, Fő út 64.",S,R
62100267,MKKBHUHB,MBH Bank Nyrt.,"3060 Pásztó, Fő út 64.",S,R
62100274,MKKBHUHB,MBH Bank Nyrt.,"3060 Pásztó, Fő út 64.",S,R
62100281,MKKBHUHB,MBH Bank Nyrt.,"3060 Pásztó, Fő út 64.",S,R
62100298,MKKBHUHB,MBH Bank Nyrt.,"3060 Pásztó, Fő út 64.",S,R
62100308,MKKBHUHB,MBH Bank Nyrt.,"3060 Pásztó, Fő út 64.",S,R
62100315,MKKBHUHB,MBH Bank Nyrt.,"3060 Pásztó, Fő út 64.",S,R
62100322,MKKBHUHB,MBH Bank Nyrt.,"3060 Pásztó, Fő út 64.",S,R
62100339,MKKBHUHB,MBH Bank Nyrt.,"3060 Pásztó, Fő út 64.",S,R
62300216,MKKBHUHB,MBH Bank Nyrt.,"3200 Gyöngyös, Magyar út 1.",S,R
62300223,MKKBHUHB,MBH Bank Nyrt.,"5123 Jászárokszállás, Árpád tér 2.",S,R
62300230,MKKBHUHB,MBH Bank Nyrt.,"3200 Gyöngyös, Magyar út 1.",S,R
62600011,MKKBHUHB,MBH Bank Nyrt.,"3284 Tarnaméra, Árpád út 4/2.",S,R
62600028,MKKBHUHB,MBH Bank Nyrt.,"5123 Jászárokszállás, Árpád tér 2.",S,R
62600035,MKKBHUHB,MBH Bank Nyrt.,"3284 Tarnaméra, Árpád út 4/2.",S,R
62600042,MKKBHUHB,MBH Bank Nyrt.,"3284 Tarnaméra, Árpád út 4/2.",S,R
62600059,MKKBHUHB,MBH Bank Nyrt.,"3284 Tarnaméra, Árpád út 4/2.",S,R
62600066,MKKBHUHB,MBH Bank Nyrt.,"5123 Jászárokszállás, Árpád tér 2.",S,R
62600073,MKKBHUHB,MBH Bank Nyrt.,"3824 Tarnaméra, Árpád út 4/2.",S,R
62600080,MKKBHUHB,MBH Bank Nyrt.,"3360 Heves, Hunyadi János utca 11-13.",S,R
62600097,MKKBHUHB,MBH Bank Nyrt.,"3360 Heves, Hunyadi János utca 11-13.",S,R
62600107,MKKBHUHB,MBH Bank Nyrt.,"3200 Gyöngyös, Magyar út 1.",S,R
62600114,MKKBHUHB,MBH Bank Nyrt.,"3200 Gyöngyös, Magyar út 1.",S,R
62600121,MKKBHUHB,MBH Bank Nyrt.,"3200 Gyöngyös, Magyar út 1.",S,R
62600138,MKKBHUHB,MBH Bank Nyrt.,"3284 Tarnaméra, Árpád út 4/2.",S,R
62600145,MKKBHUHB,MBH Bank Nyrt.,"3200 Gyöngyös, Magyar út 1.",S,R
62600152,MKKBHUHB,MBH Bank Nyrt.,"3360 Heves, Hunyadi János utca 11-13.",S,R
62600169,MKKBHUHB,MBH Bank Nyrt.,"5100 Jászberény, Szabadság tér 9-10.",S,R
62700018,MKKBHUHB,MBH Bank Nyrt.,"5123 Jászárokszállás, Árpád tér 2.",S,R
62700111,MKKBHUHB,MBH Bank Nyrt.,"5123 Jászárokszállás, Árpád tér 2.",S,R
62700128,MKKBHUHB,MBH Bank Nyrt.,"3200 Gyöngyös, Magyar út 1.",S,R
62700135,MKKBHUHB,MBH Bank Nyrt.,"5123 Jászárokszállás, Árpád tér 2.",S,R
62700142,MKKBHUHB,MBH Bank Nyrt.,"3200 Gyöngyös, Magyar út 1.",S,R
62800015,MKKBHUHB,MBH Bank Nyrt.,"3351 Verpelét, Szabadság tér 8/a.",S,R
62800022,MKKBHUHB,MBH Bank Nyrt.,"3351 Verpelét, Szabadság tér 8/a.",S,R
62800039,MKKBHUHB,MBH Bank Nyrt.,"3351 Verpelét, Szabadság tér 8/a.",S,R
62800046,MKKBHUHB,MBH Bank Nyrt.,"3250 Pétervására, Szabadság tér 21.",S,R
62800053,MKKBHUHB,MBH Bank Nyrt.,"3394 Egerszalók, Sáfrány út 1.",S,R
62800060,MKKBHUHB,MBH Bank Nyrt.,"3394 Egerszalók, Sáfrány út 1.",S,R
62800101,MKKBHUHB,MBH Bank Nyrt.,"3300 Eger, Katona István tér 7-9.",S,R
62800194,MKKBHUHB,MBH Bank Nyrt.,"3300 Eger, Katona István tér 7-9.",S,R
62800211,MKKBHUHB,MBH Bank Nyrt.,"3300 Eger, Katona István tér 7-9.",S,R
62800228,MKKBHUHB,MBH Bank Nyrt.,"3300 Eger, Katona István tér 7-9.",S,R
62800235,MKKBHUHB,MBH Bank Nyrt.,"3300 Eger, Dr. Sándor Imre utca 4.",S,R
62800242,MKKBHUHB,MBH Bank Nyrt.,"3300 Eger, Dr.  Sándor  Imre utca 4.",S,R
62800259,MKKBHUHB,MBH Bank Nyrt.,"3300 Eger, Katona  István tér 7-9.",S,R
62800266,MKKBHUHB,MBH Bank Nyrt.,"3300 Eger, Katona István tér 7-9.",S,R
62800273,MKKBHUHB,MBH Bank Nyrt.,"3250 Pétervására, Szabadság tér 21.",S,R
62800280,MKKBHUHB,MBH Bank Nyrt.,"3300 Eger, Katona István tér 7-9.",S,R
62800307,MKKBHUHB,MBH Bank Nyrt.,"3300 Eger, Katona István tér 7-9.",S,R
62800314,MKKBHUHB,MBH Bank Nyrt.,"3250 Pétervására, Szabadság tér 21.",S,R
62800321,MKKBHUHB,MBH Bank Nyrt.,"3250 Pétervására, Szabadság tér 21.",S,R
62800338,MKKBHUHB,MBH Bank Nyrt.,"3300 Eger, Katona István tér 7-9.",S,R
62800345,MKKBHUHB,MBH Bank Nyrt.,"3250 Pétervására, Szabadság tér 21.",S,R
62800376,MKKBHUHB,MBH Bank Nyrt.,"3250 Pétervására, Szabadság tér 21.",S,R
62900012,MKKBHUHB,MBH Bank Nyrt.,"2870 Kisbér, Kossuth Lajos utca 14.",S,R
62900029,MKKBHUHB,MBH Bank Nyrt.,"2870 Kisbér, Kossuth Lajos utca 14.",S,R
62900036,MKKBHUHB,MBH Bank Nyrt.,"2870 Kisbér, Kossuth  Lajos utca 14.",S,R
62900050,MKKBHUHB,MBH Bank Nyrt.,"2870 Kisbér, Kossuth Lajos utca 14.",S,R
62900177,MKKBHUHB,MBH Bank Nyrt.,"1054 Budapest, Báthory utca 1",S,R
63200016,MKKBHUHB,MBH Bank Nyrt.,"2943 Bábolna, Béke utca 1.",S,R
63200023,MKKBHUHB,MBH Bank Nyrt.,"2943 Bábolna, Béke utca 1.",S,R
63200030,MKKBHUHB,MBH Bank Nyrt.,"2900 Komárom, Igmándi út 45.",S,R
63200047,MKKBHUHB,MBH Bank Nyrt.,"2900 Komárom, Igmándi út 45.",S,R
63200054,MKKBHUHB,MBH Bank Nyrt.,"2942 Nagyigmánd, Kossuth Lajos utca 2.",S,R
63200061,MKKBHUHB,MBH Bank Nyrt.,"2840 Oroszlány, Rákóczi  Ferenc utca 7/a.",S,R
63200078,MKKBHUHB,MBH Bank Nyrt.,"2900 Komárom, Igmándi út 45.",S,R
63200085,MKKBHUHB,MBH Bank Nyrt.,"2943 Bábolna, Béke utca 1.",S,R
63200092,MKKBHUHB,MBH Bank Nyrt.,"2941 Ács, Fő utca 9/1",S,R
63200102,MKKBHUHB,MBH Bank Nyrt.,"2900 Komárom, Igmándi út 45.",S,R
63200119,MKKBHUHB,MBH Bank Nyrt.,"2890 Tata, Ady  Endre út 17.",S,R
63200126,MKKBHUHB,MBH Bank Nyrt.,"9071 Gönyű, Bajcsy-Zsilinszky utca 23.",S,R
63200133,MKKBHUHB,MBH Bank Nyrt.,"2800 Tatabánya, Fő tér 20/a.",S,R
63200157,MKKBHUHB,MBH Győr ETO Park,"9021 Győr, Nagysándor József utca 31.",S,R
63200171,MKKBHUHB,MBH Bank Nyrt.,"1155 Budapest, Kolozsvár utca 2/B",S,R
63200188,MKKBHUHB,MBH Bank Nyrt.,"2890 Tata, Ady Endre út 17.",S,R
63200195,MKKBHUHB,MBH Bank Nyrt.,"2890 Tata, Ady  Endre út 17.",S,R
63200205,MKKBHUHB,MBH Bank Nyrt.,"2541 Lábatlan, Rákóczi Ferenc út 138-140.",S,R
63200236,MKKBHUHB,MBH Bank Nyrt.,"2890 Tata, Ady Endre út 17.",S,R
63200243,MKKBHUHB,MBH Bank Nyrt.,"2831 Tarján, Rákóczi Ferenc út 8.",S,R
63200250,MKKBHUHB,MBH Bank Nyrt.,"2831 Tarján, Rákóczi Ferenc út 8.",S,R
63200281,MKKBHUHB,MBH Bank Nyrt.,"9177 Ásványráró, Győri út 47.",S,R
63200298,MKKBHUHB,MBH Bank Nyrt.,"9177 Ásványráró, Győri út 47.",S,R
63200308,MKKBHUHB,MBH Bank Nyrt.,"9174 Dunaszeg, Országút utca 6/B",S,R
63200322,MKKBHUHB,MBH Bank Nyrt.,"9174 Dunaszeg, Országút utca 6/B",S,R
63200339,MKKBHUHB,MBH Bank Nyrt.,"9023 Győr, Lehel utca 27.",S,R
63200384,MKKBHUHB,MBH Bank Nyrt.,"2541 Lábatlan, Rákóczi Ferenc út 138-140.",S,R
63300013,MKKBHUHB,MBH Bank Nyrt.,"2851 Környe, Alkotmány utca 14.",S,R
63300020,MKKBHUHB,MBH Bank Nyrt.,"2840 Oroszlány, Rákóczi  Ferenc út 7/A",S,R
63300037,MKKBHUHB,MBH Bank Nyrt.,"2837 Vértesszőlős, Valusek Dezső utca 53.",S,R
63300099,MKKBHUHB,MBH Bank Nyrt.,"2800 Tatabánya, Fő tér 20/a.",S,R
63300116,MKKBHUHB,MBH Bank Nyrt.,"2855 Bokod, Fő utca 50/A",S,R
63300123,MKKBHUHB,MBH Bank Nyrt.,"2840 Oroszlány, Rákóczi Ferenc út 7/A",S,R
63300130,MKKBHUHB,MBH Bank Nyrt.,"2855 Bokod, Fő utca 50/a",S,R
63600100,MKKBHUHB,MBH Bank Nyrt.,"2660 Balassagyarmat, Thököly utca 1.",S,R
63600203,MKKBHUHB,MBH Bank Nyrt.,"2660 Balassagyarmat, Thököly utca 1.",S,R
63600306,MKKBHUHB,MBH Bank Nyrt.,"2660 Balassagyarmat, Thököly utca 1.",S,R
63600409,MKKBHUHB,MBH Bank Nyrt.,"2660 Balassagyarmat, Thököly utca 1.",S,R
63600502,MKKBHUHB,MBH Bank Nyrt.,"2660 Balassagyarmat, Thököly utca 1.",S,R
63600605,MKKBHUHB,MBH Bank Nyrt.,"2660 Balassagyarmat, Thököly utca 1.",S,R
63600708,MKKBHUHB,MBH Bank Nyrt.,"2660 Balassagyarmat, Thököly utca 1.",S,R
63600904,MKKBHUHB,MBH Bank Nyrt.,"2600 Vác, Káptalan utca 14.",S,R
63600911,MKKBHUHB,MBH Bank Nyrt.,"3170 Szécsény, Rákóczi út 71.",S,R
63600928,MKKBHUHB,MBH Bank Nyrt.,"2173 Kartal, Petőfi tér 16.",S,R
63600935,MKKBHUHB,MBH Bank Nyrt.,"2651 Rétság, Korányi út 2.",S,R
63600942,MKKBHUHB,MBH Bank Nyrt.,"2660 Balassagyarmat, Thököly utca 1.",S,R
63600959,MKKBHUHB,MBH Bank Nyrt.,"2651 Rétság, Korányi út 2.",S,R
63600966,MKKBHUHB,MBH Bank Nyrt.,"2660 Balassagyarmat, Thököly utca 1.",S,R
63601008,MKKBHUHB,MBH Bank Nyrt.,"3100 Salgótarján, Klapka Gy. út 1.",S,R
63601101,MKKBHUHB,MBH Bank Nyrt.,"2651 Rétság, Korányi út 2.",S,R
63601204,MKKBHUHB,MBH Bank Nyrt.,"2660 Balassagyarmat, Thököly utca 1.",S,R
63601307,MKKBHUHB,MBH Bank Nyrt.,"2660 Balassagyarmat, Thököly utca 1.",S,R
63601400,MKKBHUHB,MBH Bank Nyrt.,"2660 Balassagyarmat, Thököly utca 1.",S,R
63601503,MKKBHUHB,MBH Bank Nyrt.,"2651 Rétság, Korányi út 2.",S,R
63800018,MKKBHUHB,MBH Bank Nyrt.,"2651 Rétság, Korányi út 2.",S,R
63800025,MKKBHUHB,MBH Bank Nyrt.,"2660 Balassagyarmat, Thököly utca 1.",S,R
63800032,MKKBHUHB,MBH Bank Nyrt.,"2651 Rétság, Korányi út 2.",S,R
63800049,MKKBHUHB,MBH Bank Nyrt.,"2651 Rétság, Korányi út 2.",S,R
63800056,MKKBHUHB,MBH Bank Nyrt.,"2660 Balassagyarmat, Thököly utca 1.",S,R
63800070,MKKBHUHB,MBH Bank Nyrt.,"2660 Balassagyarmat, Thököly utca 1.",S,R
63800087,MKKBHUHB,MBH Bank Nyrt.,"2651 Rétság, Korányi út 2.",S,R
63800104,MKKBHUHB,MBH Bank Nyrt.,"2651 Rétság, Korányi út 2.",S,R
63800111,MKKBHUHB,MBH Bank Nyrt.,"2651 Rétság, Korányi út 2.",S,R
63800207,MKKBHUHB,MBH Bank Nyrt.,"2651 Rétság, Korányi út 2.",S,R
64000015,MKKBHUHB,MBH Bank Nyrt.,"2659 Érsekvadkert, Rákóczi út 122.",S,R
64000022,MKKBHUHB,MBH Bank Nyrt.,"2659 Érsekvadkert, Rákóczi út 122.",S,R
64000039,MKKBHUHB,MBH Bank Nyrt.,"2659 Érsekvadkert, Rákóczi út 122.",S,R
64000046,MKKBHUHB,MBH Bank Nyrt.,"2651 Rétság, Korányi út 2.",S,R
64000053,MKKBHUHB,MBH Bank Nyrt.,"2651 Rétság, Korányi út 2.",S,R
64000060,MKKBHUHB,MBH Bank Nyrt.,"2651 Rétság, Korányi út 2.",S,R
64000077,MKKBHUHB,MBH Bank Nyrt.,"1144 Budapest, Zalán utca 23.",S,R
64400013,MKKBHUHB,MBH Bank Nyrt.,"2370 Dabas, Szent  István tér 1/D",S,R
64400020,MKKBHUHB,MBH Bank Nyrt.,"2347 Bugyi, Templom utca 6.",S,R
64400037,MKKBHUHB,MBH Bank Nyrt.,"2370 Dabas, Szent István tér 1/D",S,R
64400044,MKKBHUHB,MBH Bank Nyrt.,"2360 Gyál, Kőrösi út 116.",S,R
64400051,MKKBHUHB,MBH Bank Nyrt.,"1201 Budapest, Kossuth Lajos utca 32-36.",S,R
64400068,MKKBHUHB,MBH Bank Nyrt.,"2351 Alsónémedi, Fő út 66/A",S,R
64400075,MKKBHUHB,MBH Bank Nyrt.,"2351 Alsónémedi, Fő út 66/A",S,R
64400082,MKKBHUHB,MBH Bank Nyrt.,"2370 Dabas, Szent István tér 1/D",S,R
64400099,MKKBHUHB,MBH Bank Nyrt.,"2370 Dabas, Szent István tér 1/D",S,R
64400109,MKKBHUHB,MBH Bank Nyrt.,"2360 Gyál, Kőrösi út 116.",S,R
64400116,MKKBHUHB,MBH Bank Nyrt.,"2330 Dunaharaszti, Baktay Ervin tér 5.",S,R
64400123,MKKBHUHB,MBH Bank Nyrt.,"2351 Alsónémedi, Fő út 66/A",S,R
64400130,MKKBHUHB,MBH Bank Nyrt.,"2370 Dabas, Szent István tér 1/D",S,R
64700007,MKKBHUHB,MBH Bank Nyrt.,"2023 Dunabogdány, Hajó utca 3.",S,R
64700014,MKKBHUHB,MBH Bank Nyrt.,"2023 Dunabogdány, Hajó utca 3.",S,R
64700021,MKKBHUHB,MBH Bank Nyrt.,"2021 Tahitótfalu, Petőfi Sándor utca 27.",S,R
64700038,MKKBHUHB,MBH Bank Nyrt.,"2025 Visegrád, Rév utca 9.",S,R
64700045,MKKBHUHB,MBH Bank Nyrt.,"2021 Tahitótfalu, Petőfi Sándor utca 27.",S,R
64700052,MKKBHUHB,MBH Bank Nyrt.,"2130 Göd, Pesti út 93.",S,R
64700069,MKKBHUHB,MBH Bank Nyrt.,"2130 Göd, Pesti út 93.",S,R
64700076,MKKBHUHB,MBH Bank Nyrt.,"2000 Szentendre, Kossuth Lajos utca 22.",S,R
64700083,MKKBHUHB,MBH Bank Nyrt.,"2016 Leányfalu, Móricz Zsigmond út 128/A",S,R
64700090,MKKBHUHB,MBH Bank Nyrt.,"2021 Tahitótfalu, Petőfi Sándor utca 27.",S,R
64700117,MKKBHUHB,MBH Bank Nyrt.,"2134 Sződ, Dózsa György út 102.",S,R
64700124,MKKBHUHB,MBH Bank Nyrt.,"2133 Sződliget, Dr. Kemény József utca 30.",S,R
64700131,MKKBHUHB,MBH Bank Nyrt.,"2028 Pilismarót, Köztársaság tér 17.",S,R
64700148,MKKBHUHB,MBH Bank Nyrt.,"2541 Lábatlan, Rákóczi Ferenc út 138-140.",S,R
64700980,MKKBHUHB,MBH Bank Nyrt.,"2023 Dunabogdány, Hajó utca 3.",S,R
64800004,MKKBHUHB,MBH Bank Nyrt.,"2030 Érd, Budai út 20.",S,R
64800011,MKKBHUHB,MBH Bank Nyrt.,"2030 Érd, Budai út 20.",S,R
64800028,MKKBHUHB,MBH Bank Nyrt.,"2030 Érd, Hegesztő utca 10.",S,R
64800035,MKKBHUHB,MBH Bank Nyrt.,"2030 Érd, Hegesztő utca 10.",S,R
64800042,MKKBHUHB,MBH Bank Nyrt.,"2049 Diósd, Szent István tér 12.",S,R
64800059,MKKBHUHB,MBH Bank Nyrt.,"2053 Herceghalom, Zsámbéki út 16.",S,R
64800066,MKKBHUHB,MBH Bank Nyrt.,"2038 Sóskút, Mártírok utca 5.",S,R
64800073,MKKBHUHB,MBH Bank Nyrt.,"2440 Százhalombatta, Damjanich utca 23.",S,R
64800080,MKKBHUHB,MBH Bank Nyrt.,"2461 Tárnok, Rákóczi út 91.",S,R
64800097,MKKBHUHB,MBH Bank Nyrt.,"2045 Törökbálint, Munkácsy Mihály utca 11.",S,R
64800107,MKKBHUHB,MBH Bank Nyrt.,"2051 Biatorbágy, Szabadság út 11/A.",S,R
64800200,MKKBHUHB,MBH Bank Nyrt.,"2060 Bicske, Csabdi utca 4.",S,R
64800303,MKKBHUHB,MBH Bank Nyrt.,"2092 Budakeszi, Fő utca 126.",S,R
64800406,MKKBHUHB,MBH Bank Nyrt.,"2092 Budakeszi, Fő utca 126.",S,R
64800509,MKKBHUHB,MBH Bank Nyrt.,"2091 Etyek, Óvoda utca 2.",S,R
65100015,MKKBHUHB,MBH Bank Nyrt.,"2200 Monor, Kossuth Lajos utca 77.",S,R
65100022,MKKBHUHB,MBH Bank Nyrt.,"2234 Maglód, Fő utca 13.",S,R
65100039,MKKBHUHB,MBH Bank Nyrt.,"2234 Maglód, Fő utca 13.",S,R
65100046,MKKBHUHB,MBH Bank Nyrt.,"2225 Üllő, Pesti út 71.",S,R
65100053,MKKBHUHB,MBH Bank Nyrt.,"2241 Sülysáp, Malom utca 1/a.",S,R
65100060,MKKBHUHB,MBH Bank Nyrt.,"2230 Gyömrő, Táncsics út 82.",S,R
65100077,MKKBHUHB,MBH Bank Nyrt.,"2200 Monor, Kossuth Lajos utca 77.",S,R
65100084,MKKBHUHB,MBH Bank Nyrt.,"2230 Gyömrő, Táncsics út 82.",S,R
65100091,MKKBHUHB,MBH Bank Nyrt.,"2220 Vecsés, Telepi út 50/A",S,R
65100101,MKKBHUHB,MBH Bank Nyrt.,"2723 Nyáregyháza, Nyáry Pál út 19.",S,R
65100118,MKKBHUHB,MBH Bank Nyrt.,"1181 Budapest, Üllői út 399.",S,R
65100125,MKKBHUHB,MBH Bank Nyrt.,"1144 Budapest, Zalán utca 23",S,R
65100132,MKKBHUHB,MBH Bank Nyrt.,"1117 Budapest, Magyar  Tudósok körútja 9.G.épület",S,R
65100149,MKKBHUHB,MBH Bank Nyrt.,"1054 Budapest, Báthory utca 1.",S,R
65100156,MKKBHUHB,MBH Bank Nyrt.,"2241 Sülysáp, Malom utca 1/a.",S,R
65100163,MKKBHUHB,MBH Bank Nyrt.,"2730 Albertirsa, Pesti út 28.",S,R
65100170,MKKBHUHB,MBH Bank Nyrt.,"2730 Albertirsa, Pesti út 28.",S,R
65100187,MKKBHUHB,MBH Bank Nyrt.,"2700 Cegléd, Eötvös tér 6.",S,R
65100194,MKKBHUHB,MBH Bank Nyrt.,"2730 Albertirsa, Pesti út 28.",S,R
65100211,MKKBHUHB,MBH Bank Nyrt.,"2119 Pécel, Ráday Gedeon tér 10.",S,R
65100228,MKKBHUHB,MBH Bank Nyrt.,"2117 Isaszeg, Kossuth Lajos utca 15.",S,R
65100235,MKKBHUHB,MBH Bank Nyrt.,"2143 Kistarcsa, Széchenyi utca 67.",S,R
65100242,MKKBHUHB,MBH Bank Nyrt.,"2141 Csömör, Szabadság út 16.",S,R
65100259,MKKBHUHB,MBH Bank Nyrt.,"2143 Kistarcsa, Széchenyi utca 67.",S,R
65100266,MKKBHUHB,MBH Bank Nyrt.,"2100 Gödöllő, Petőfi Sándor tér 8.",S,R
65100273,MKKBHUHB,MBH Bank Nyrt.,"2711 Tápiószentmárton, Kossuth Lajos út 17/A",S,R
65100280,MKKBHUHB,MBH Bank Nyrt.,"2764 Tápióbicske, Rákóczi út 64.",S,R
65100297,MKKBHUHB,MBH Bank Nyrt.,"2200 Monor, Kossuth Lajos utca 77.",S,R
65100307,MKKBHUHB,MBH Bank Nyrt.,"2764 Tápióbicske, Rákóczi út 64.",S,R
65100314,MKKBHUHB,MBH Bank Nyrt.,"2721 Pilis, Rákóczi út 34.",S,R
65100321,MKKBHUHB,MBH Bank Nyrt.,"2200 Monor, Kossuth Lajos utca 77.",S,R
65100338,MKKBHUHB,MBH Bank Nyrt.,"2700 Cegléd, Eötvös tér 6.",S,R
65100345,MKKBHUHB,MBH Bank Nyrt.,"2740 Abony, Kossuth tér 3-4.",S,R
65100352,MKKBHUHB,MBH Bank Nyrt.,"2712 Nyársapát, József Attila út 176.",S,R
65100369,MKKBHUHB,MBH Bank Nyrt.,"2747 Törtel, Dózsa György út 8.",S,R
65100376,MKKBHUHB,MBH Bank Nyrt.,"2747 Törtel, Dózsa György út 8.",S,R
65100383,MKKBHUHB,MBH Bank Nyrt.,"2750 Nagykőrös, Rákóczi utca 1.",S,R
65100390,MKKBHUHB,MBH Bank Nyrt.,"2750 Nagykőrös, Rákóczi utca 1.",S,R
65100400,MKKBHUHB,MBH Bank Nyrt.,"1144 Budapest, Zalán utca 23",S,R
65100417,MKKBHUHB,MBH Bank Nyrt.,"2377 Örkény, Kossuth  Lajos utca 34/A",S,R
65100424,MKKBHUHB,MBH Bank Nyrt.,"2377 Örkény, Kossuth Lajos utca 34/A",S,R
65100431,MKKBHUHB,MBH Bank Nyrt.,"2376 Hernád, Köztársaság út 47/B",S,R
65100448,MKKBHUHB,MBH Bank Nyrt.,"2365 Inárcs, Széchenyi István út 4.",S,R
65100455,MKKBHUHB,MBH Bank Nyrt.,"2364 Ócsa, Falu Tamás utca 65.",S,R
65100462,MKKBHUHB,MBH Bank Nyrt.,"2367 Újhartyán, Újsor utca 1.",S,R
65100479,MKKBHUHB,MBH Bank Nyrt.,"2367 Újhartyán, Újsor utca 1.",S,R
65100486,MKKBHUHB,MBH Bank Nyrt.,"2366 Kakucs, Sastelep utca 1.",S,R
65100493,MKKBHUHB,MBH Bank Nyrt.,"2377 Örkény, Kossuth Lajos utca 34/A",S,R
65100503,MKKBHUHB,MBH Bank Nyrt.,"2377 Örkény, Kossuth Lajos utca 34/A",S,R
65100510,MKKBHUHB,MBH Bank Nyrt.,"2364 Ócsa, Falu Tamás utca 65.",S,R
65100527,MKKBHUHB,MBH Bank Nyrt.,"6050 Lajosmizse, Szabadság tér 10.",S,R
65100534,MKKBHUHB,MBH Bank Nyrt.,"6050 Lajosmizse, Szabadság tér 10.",S,R
65100541,MKKBHUHB,MBH Bank Nyrt.,"6000 Kecskemét, Izsáki út 70.",S,R
65100558,MKKBHUHB,MBH Bank Nyrt.,"2316 Tököl, József Attila utca 24.",S,R
65100998,MKKBHUHB,MBH Bank Nyrt.,"1117 Budapest, Magyar  Tudósok körútja 9.G.épület",S,R
65200005,MKKBHUHB,MBH Bank Nyrt.,"2760 Nagykáta, Dózsa György út 10.",S,R
65200012,MKKBHUHB,MBH Bank Nyrt.,"2760 Nagykáta, Dózsa  György út 10.",S,R
65200029,MKKBHUHB,MBH Bank Nyrt.,"2700 Cegléd, Eötvös tér 6.",S,R
65200036,MKKBHUHB,MBH Bank Nyrt.,"2700 Cegléd, Eötvös tér 6.",S,R
65200043,MKKBHUHB,MBH Bank Nyrt.,"2760 Nagykáta, Dózsa György út 10.",S,R
65200050,MKKBHUHB,MBH Bank Nyrt.,"2711 Tápiószentmárton, Kossuth  Lajos utca 17/a.",S,R
65200067,MKKBHUHB,MBH Bank Nyrt.,"2760 Nagykáta, Dózsa György út 10.",S,R
65200074,MKKBHUHB,MBH Bank Nyrt.,"2760 Nagykáta, Dózsa  György út 10.",S,R
65200081,MKKBHUHB,MBH Bank Nyrt.,"2760 Nagykáta, Dózsa  György út 10.",S,R
65200098,MKKBHUHB,MBH Bank Nyrt.,"2241 Sülysáp, Malom utca 1/a.",S,R
65200108,MKKBHUHB,MBH Bank Nyrt.,"2241 Sülysáp, Malom utca 1/a.",S,R
65200115,MKKBHUHB,MBH Bank Nyrt.,"2760 Nagykáta, Dózsa  György út 10.",S,R
65200146,MKKBHUHB,MBH Bank Nyrt.,"1144 Budapest, Zalán utca 23.",S,R
65200153,MKKBHUHB,MBH Bank Nyrt.,"2760 Nagykáta, Dózsa György út 10.",S,R
65200177,MKKBHUHB,MBH Bank Nyrt.,"1144 Budapest, Zalán utca 23.",S,R
65500013,MKKBHUHB,MBH Bank Nyrt.,"2377 Örkény, Kossuth  Lajos utca 34/A",S,R
65500020,MKKBHUHB,MBH Bank Nyrt.,"2377 Örkény, Kossuth Lajos utca 34/A",S,R
65500037,MKKBHUHB,MBH Bank Nyrt.,"2376 Hernád, Köztársaság út 47/B",S,R
65500044,MKKBHUHB,MBH Bank Nyrt.,"2365 Inárcs, Széchenyi István út 4.",S,R
65500051,MKKBHUHB,MBH Bank Nyrt.,"2364 Ócsa, Falu Tamás utca 65.",S,R
65500068,MKKBHUHB,MBH Bank Nyrt.,"2367 Újhartyán, Újsor utca 1.",S,R
65500075,MKKBHUHB,MBH Bank Nyrt.,"2367 Újhartyán, Újsor utca 1.",S,R
65500082,MKKBHUHB,MBH Bank Nyrt.,"2366 Kakucs, Sastelep utca 1.",S,R
65500099,MKKBHUHB,MBH Bank Nyrt.,"2377 Örkény, Kossuth Lajos utca 34/A",S,R
65500109,MKKBHUHB,MBH Bank Nyrt.,"2377 Örkény, Kossuth Lajos utca 34/A",S,R
65500116,MKKBHUHB,MBH Bank Nyrt.,"2364 Ócsa, Falu Tamás utca 65.",S,R
65500123,MKKBHUHB,MBH Bank Nyrt.,"2377 Örkény, Kossuth Lajos utca 34/A",S,R
65500130,MKKBHUHB,MBH Bank Nyrt.,"6050 Lajosmizse, Szabadság tér 10.",S,R
65500147,MKKBHUHB,MBH Bank Nyrt.,"6050 Lajosmizse, Szabadság tér 10.",S,R
65500154,MKKBHUHB,MBH Bank Nyrt.,"6000 Kecskemét, Izsáki út 70.",S,R
65500161,MKKBHUHB,MBH Bank Nyrt.,"2316 Tököl, József Attila utca 24.",S,R
65700017,MKKBHUHB,MBH Bank Nyrt.,"2085 Pilisvörösvár, Fő út 69.",S,R
65700024,MKKBHUHB,MBH Bank Nyrt.,"2081 Piliscsaba, Bajcsy-Zsilinszky út 14.",S,R
65700031,MKKBHUHB,MBH Bank Nyrt.,"2085 Pilisvörösvár, Fő út 69.",S,R
65700048,MKKBHUHB,MBH Bank Nyrt.,"2084 Pilisszentiván, Szabadság utca 224.hrsz",S,R
65700055,MKKBHUHB,MBH Bank Nyrt.,"2013 Pomáz, Kossuth Lajos utca 5.",S,R
65700062,MKKBHUHB,MBH Bank Nyrt.,"2083 Solymár, Mátyás király utca 14.",S,R
65700079,MKKBHUHB,MBH Bank Nyrt.,"2011 Budakalász, Petőfi tér 11.",S,R
65700086,MKKBHUHB,MBH Bank Nyrt.,"2094 Nagykovácsi, Kossuth Lajos utca 67.",S,R
65700093,MKKBHUHB,MBH Bank Nyrt.,"2096 Üröm, Fő tér 1.",S,R
65700103,MKKBHUHB,MBH Bank Nyrt.,"2081 Piliscsaba, Bajcsy-Zsilinszky út 14.",S,R
65700110,MKKBHUHB,MBH Bank Nyrt.,"2013 Pomáz, Kossuth Lajos utca 5.",S,R
65700127,MKKBHUHB,MBH Bank Nyrt.,"1033 Budapest, Flórián tér 4-5.",S,R
65700134,MKKBHUHB,MBH Bank Nyrt.,"1033 Budapest, Flórián tér 4-5.",S,R
65700141,MKKBHUHB,MBH Bank Nyrt.,"2085 Pilisvörösvár, Fő út 69.",S,R
65700158,MKKBHUHB,MBH Bank Nyrt.,"2085 Pilisvörösvár, Fő út 69.",S,R
65700165,MKKBHUHB,MBH Győr ETO Park,"9021 Győr, Nagysándor József utca 31.",S,R
65900004,MKKBHUHB,MBH Bank Nyrt.,"2194 Tura, Bartók tér 21.",S,R
65900107,MKKBHUHB,MBH Bank Nyrt.,"2194 Tura, Bartók tér 21.",S,R
65900114,MKKBHUHB,MBH Bank Nyrt.,"2194 Tura, Bartók tér 21.",S,R
65900121,MKKBHUHB,MBH Bank Nyrt.,"2194 Tura, Bartók tér 21.",S,R
65900138,MKKBHUHB,MBH Bank Nyrt.,"2170 Aszód, Kossuth Lajos utca 4.",S,R
65900145,MKKBHUHB,MBH Bank Nyrt.,"2112 Veresegyház, Fő út 53.",S,R
65900152,MKKBHUHB,MBH Bank Nyrt.,"2194 Tura, Bartók tér 21.",S,R
65900169,MKKBHUHB,MBH Bank Nyrt.,"2173 Kartal, Petőfi tér 16.",S,R
65900176,MKKBHUHB,MBH Bank Nyrt.,"2194 Tura, Bartók tér 21.",S,R
65900183,MKKBHUHB,MBH Bank Nyrt.,"2660 Balassagyarmat, Thököly utca 1.",S,R
65900190,MKKBHUHB,MBH Bank Nyrt.,"2170 Aszód, Kossuth Lajos utca 1.",S,R
65900200,MKKBHUHB,MBH Bank Nyrt.,"1144 Budapest, Zalán utca 23.",S,R
65900217,MKKBHUHB,MBH Bank Nyrt.,"2118 Dány, Pesti út 45.",S,R
66000011,MKKBHUHB,MBH Bank Nyrt.,"2112 Veresegyház, Fő út 53.",S,R
66000028,MKKBHUHB,MBH Bank Nyrt.,"2151 Fót, Dózsa  Gy. utca 54.",S,R
66000035,MKKBHUHB,MBH Bank Nyrt.,"2162 Őrbottyán, Rákóczi út 126.",S,R
66000042,MKKBHUHB,MBH Bank Nyrt.,"2112 Veresegyház, Fő út 53.",S,R
66000059,MKKBHUHB,MBH Bank Nyrt.,"2146 Mogyoród, Gödöllői út 18/a.",S,R
66000066,MKKBHUHB,MBH Bank Nyrt.,"2600 Vác, Káptalan utca 14.",S,R
66000073,MKKBHUHB,MBH Bank Nyrt.,"2112 Veresegyház, Fő út 53.",S,R
66000080,MKKBHUHB,MBH Bank Nyrt.,"2112 Veresegyház, Fő út 53.",S,R
66000097,MKKBHUHB,MBH Bank Nyrt.,"2120 Dunakeszi, Fő út 66-68.",S,R
66000114,MKKBHUHB,MBH Bank Nyrt.,"2626 Nagymaros, Király út 1/a.",S,R
66000121,MKKBHUHB,MBH Bank Nyrt.,"2626 Nagymaros, Király út 1/a.",S,R
66000138,MKKBHUHB,MBH Bank Nyrt.,"2626 Nagymaros, Király út 1/a.",S,R
66000145,MKKBHUHB,MBH Bank Nyrt.,"2626 Nagymaros, Király út 1/a.",S,R
66000152,MKKBHUHB,MBH Bank Nyrt.,"2600 Vác, Káptalan utca 14.",S,R
66000169,MKKBHUHB,MBH Bank Nyrt.,"2600 Vác, Káptalan utca 14.",S,R
66900014,MKKBHUHB,MBH Bank Nyrt.,"8700 Marcali, Rákóczi utca 16.",S,R
66900021,MKKBHUHB,MBH Bank Nyrt.,"8700 Marcali, Rákóczi utca 16.",S,R
66900038,MKKBHUHB,MBH Bank Nyrt.,"8700 Marcali, Rákóczi utca 16.",S,R
66900045,MKKBHUHB,MBH Bank Nyrt.,"8647 Balatonmáriafürdő, Gr. Széchényi Imre tér 10.",S,R
66900052,MKKBHUHB,MBH Bank Nyrt.,"8647 Balatonmáriafürdő, Gr. Széchényi Imre tér 10.",S,R
66900069,MKKBHUHB,MBH Bank Nyrt.,"8360 Keszthely, Bem utca 23.",S,R
66900076,MKKBHUHB,MBH Bank Nyrt.,"8630 Balatonboglár, Sétáló utca 7.",S,R
66900083,MKKBHUHB,MBH Bank Nyrt.,"7400 Kaposvár, Fő út 51.",S,R
66900090,MKKBHUHB,MBH Bank Nyrt.,"8360 Keszthely, Bem utca 23.",S,R
66900100,MKKBHUHB,MBH Bank Nyrt.,"8630 Balatonboglár, Sétáló utca 7.",S,R
67000014,MKKBHUHB,MBH Bank Nyrt.,"7500 Nagyatád, Kossuth utca 16.",S,R
67000021,MKKBHUHB,MBH Bank Nyrt.,"7500 Nagyatád, Kossuth utca 16.",S,R
67000038,MKKBHUHB,MBH Bank Nyrt.,"7500 Nagyatád, Kossuth utca 16.",S,R
67000045,MKKBHUHB,MBH Bank Nyrt.,"7500 Nagyatád, Kossuth utca 16.",S,R
67000052,MKKBHUHB,MBH Bank Nyrt.,"7500 Nagyatád, Kossuth utca 16.",S,R
67000069,MKKBHUHB,MBH Bank Nyrt.,"7400 Kaposvár, Fő út 51.",S,R
67000083,MKKBHUHB,MBH Bank Nyrt.,"8700 Marcali, Rákóczi utca 16.",S,R
67000090,MKKBHUHB,MBH Bank Nyrt.,"8719 Böhönye, Kossuth utca 2.",S,R
67000100,MKKBHUHB,MBH Bank Nyrt.,"8840 Csurgó, Csokonai utca 14.",S,R
67000117,MKKBHUHB,MBH Bank Nyrt.,"7500 Nagyatád, Kossuth utca 16.",S,R
67000124,MKKBHUHB,MBH Bank Nyrt.,"8719 Böhönye, Kossuth utca 2.",S,R
67000155,MKKBHUHB,MBH Bank Nyrt.,"8800 Nagykanizsa, Erzsébet tér 1.",S,R
67000179,MKKBHUHB,MBH Bank Nyrt.,"8623 Balatonföldvár, Balatonszentgyörgyi út 1.",S,R
67000186,MKKBHUHB,MBH Bank Nyrt.,"8623 Balatonföldvár, Balatonszentgyörgyi út 1.",S,R
67000193,MKKBHUHB,MBH Bank Nyrt.,"8638 Balatonlelle, Móra Ferenc utca 5.",S,R
67000203,MKKBHUHB,MBH Bank Nyrt.,"8630 Balatonboglár, Sétáló utca 7.",S,R
67000210,MKKBHUHB,MBH Bank Nyrt.,"8638 Balatonlelle, Móra Ferenc utca 5.",S,R
67000234,MKKBHUHB,MBH Bank Nyrt.,"8600 Siófok, Széchenyi utca 6/B.",S,R
67000241,MKKBHUHB,MBH Bank Nyrt.,"8660 Tab, Kossuth Lajos utca 84/b.",S,R
67000258,MKKBHUHB,MBH Bank Nyrt.,"8660 Tab, Kossuth Lajos utca 84/b.",S,R
67000289,MKKBHUHB,MBH Bank Nyrt.,"7400 Kaposvár, Fő út 51.",S,R
67600016,MKKBHUHB,MBH Bank Nyrt.,"4334 Hodász, Széchenyi István utca 8.",S,R
67600023,MKKBHUHB,MBH Bank Nyrt.,"4700 Mátészalka, Szalkay László utca 2.",S,R
67600030,MKKBHUHB,MBH Bank Nyrt.,"4700 Mátészalka, Szalkay László utca 2.",S,R
67600047,MKKBHUHB,MBH Bank Nyrt.,"4700 Mátészalka, Szalkay László utca 2.",S,R
67600054,MKKBHUHB,MBH Bank Nyrt.,"4300 Nyírbátor, Szabadság tér 5.",S,R
67600061,MKKBHUHB,MBH Bank Nyrt.,"4900 Fehérgyarmat, Móricz Zsigmond utca 19.",S,R
67600078,MKKBHUHB,MBH Bank Nyrt.,"4700 Mátészalka, Szalkay László utca 2.",S,R
67600119,MKKBHUHB,MBH Bank Nyrt.,"4700 Mátészalka, Szalkay László utca 2.",S,R
67600126,MKKBHUHB,MBH Bank Nyrt.,"4700 Mátészalka, Szalkay László utca 2.",S,R
67600133,MKKBHUHB,MBH Bank Nyrt.,"4700 Mátészalka, Szalkay László utca 2.",S,R
67600140,MKKBHUHB,MBH Bank Nyrt.,"4900 Fehérgyarmat, Móricz Zsigmond utca 19.",S,R
67600157,MKKBHUHB,MBH Bank Nyrt.,"4900 Fehérgyarmat, Móricz Zsigmond utca 19.",S,R
67600164,MKKBHUHB,MBH Bank Nyrt.,"4765 Csenger, Ady  Endre utca 5.",S,R
67600171,MKKBHUHB,MBH Bank Nyrt.,"4765 Csenger, Ady Endre utca 5.",S,R
67600188,MKKBHUHB,MBH Bank Nyrt.,"4765 Csenger, Ady Endre utca 5.",S,R
67600195,MKKBHUHB,MBH Bank Nyrt.,"4741 Jánkmajtis, Kossuth  Lajos út 12.",S,R
67800003,MKKBHUHB,MBH Bank Nyrt.,"4900 Fehérgyarmat, Móricz Zsigmond utca 19.",S,R
67800010,MKKBHUHB,MBH Bank Nyrt.,"4741 Jánkmajtis, Kossuth Lajos út 12.",S,R
67800027,MKKBHUHB,MBH Bank Nyrt.,"4900 Fehérgyarmat, Móricz Zsigmond utca 19.",S,R
67800034,MKKBHUHB,MBH Bank Nyrt.,"4951 Tiszabecs, Rákóczi utca 55.",S,R
67800041,MKKBHUHB,MBH Bank Nyrt.,"4900 Fehérgyarmat, Móricz Zsigmond utca 19.",S,R
67800058,MKKBHUHB,MBH Bank Nyrt.,"4951 Tiszabecs, Rákóczi utca 55.",S,R
67800065,MKKBHUHB,MBH Bank Nyrt.,"4900 Fehérgyarmat, Móricz Zsigmond utca 19.",S,R
67800106,MKKBHUHB,MBH Bank Nyrt.,"4800 Vásárosnamény, Rákóczi út 1.",S,R
67800113,MKKBHUHB,MBH Bank Nyrt.,"4800 Vásárosnamény, Rákóczi út 1.",S,R
67800120,MKKBHUHB,MBH Bank Nyrt.,"4900 Fehérgyarmat, Móricz Zsigmond utca 19.",S,R
67800137,MKKBHUHB,MBH Bank Nyrt.,"4800 Vásárosnamény, Rákóczi út 1.",S,R
67800144,MKKBHUHB,MBH Bank Nyrt.,"4800 Vásárosnamény, Rákóczi út 1.",S,R
67800168,MKKBHUHB,MBH Bank Nyrt.,"4800 Vásárosnamény, Rákóczi út 1.",S,R
67800175,MKKBHUHB,MBH Bank Nyrt.,"4800 Vásárosnamény, Rákóczi út 1.",S,R
67800182,MKKBHUHB,MBH Bank Nyrt.,"4800 Vásárosnamény, Rákóczi út 1.",S,R
67800199,MKKBHUHB,MBH Bank Nyrt.,"4800 Vásárosnamény, Rákóczi út 1.",S,R
67800216,MKKBHUHB,MBH Bank Nyrt.,"4800 Vásárosnamény, Rákóczi út 1.",S,R
67800223,MKKBHUHB,MBH Bank Nyrt.,"4562 Vaja, Damjanich utca 70.",S,R
67800230,MKKBHUHB,MBH Bank Nyrt.,"4700 Mátészalka, Szalkay László utca 2.",S,R
67800247,MKKBHUHB,MBH Bank Nyrt.,"4562 Vaja, Damjanich utca 70.",S,R
67800254,MKKBHUHB,MBH Bank Nyrt.,"4700 Mátészalka, Szalkay László utca 2.",S,R
67800261,MKKBHUHB,MBH Bank Nyrt.,"4900 Fehérgyarmat, Móricz Zsigmond utca 19.",S,R
67800278,MKKBHUHB,MBH Bank Nyrt.,"4765 Csenger, Ady  Endre utca 5.",S,R
67800285,MKKBHUHB,MBH Bank Nyrt.,"4562 Vaja, Damjanich utca 70.",S,R
67900017,MKKBHUHB,MBH Bank Nyrt.,"4625 Záhony, Alkotmány út 2.",S,R
67900048,MKKBHUHB,MBH Bank Nyrt.,"4600 Kisvárda, Szent László utca 68.",S,R
67900055,MKKBHUHB,MBH Bank Nyrt.,"4625 Záhony, Alkotmány út 2.",S,R
67900062,MKKBHUHB,MBH Bank Nyrt.,"4625 Záhony, Alkotmány út 2.",S,R
67900093,MKKBHUHB,MBH Bank Nyrt.,"4600 Kisvárda, Szent László utca 68.",S,R
67900103,MKKBHUHB,MBH Bank Nyrt.,"4600 Kisvárda, Szent László utca 68.",S,R
67900110,MKKBHUHB,MBH Bank Nyrt.,"4800 Vásárosnamény, Rákóczi út 1.",S,R
67900127,MKKBHUHB,MBH Bank Nyrt.,"4600 Kisvárda, Szent  László utca 68.",S,R
67900134,MKKBHUHB,MBH Bank Nyrt.,"4600 Kisvárda, Szent  László utca 68.",S,R
67900172,MKKBHUHB,MBH Bank Nyrt.,"4600 Kisvárda, Szent  László utca 68.",S,R
67900189,MKKBHUHB,MBH Bank Nyrt.,"4562 Vaja, Damjanich utca 70.",S,R
67900213,MKKBHUHB,MBH Bank Nyrt.,"4562 Vaja, Damjanich utca 70.",S,R
68000017,MKKBHUHB,MBH Bank Nyrt.,"4355 Nagyecsed, Rákóczi Ferenc utca 16.",S,R
68000024,MKKBHUHB,MBH Bank Nyrt.,"4700 Mátészalka, Szalkay László utca 2.",S,R
68000031,MKKBHUHB,MBH Bank Nyrt.,"4700 Mátészalka, Szalkay  László utca 2.",S,R
68000048,MKKBHUHB,MBH Bank Nyrt.,"4700 Mátészalka, Szalkay László utca 2.",S,R
68000055,MKKBHUHB,MBH Bank Nyrt.,"4355 Nagyecsed, Rákóczi Ferenc utca 16.",S,R
68000213,MKKBHUHB,MBH Bank Nyrt.,"4765 Csenger, Ady Endre utca 5.",S,R
68000316,MKKBHUHB,MBH Bank Nyrt.,"4355 Nagyecsed, Rákóczi út 16.",S,R
68000323,MKKBHUHB,MBH Bank Nyrt.,"4300 Nyírbátor, Szabadság tér 5.",S,R
68000330,MKKBHUHB,MBH Bank Nyrt.,"4300 Nyírbátor, Szabadság tér 5.",S,R
68000347,MKKBHUHB,MBH Bank Nyrt.,"4355 Nagyecsed, Rákóczi út 16.",S,R
68200011,MKKBHUHB,MBH Bank Nyrt.,"4372 Nyírbéltek, Kossuth utca 16.",S,R
68200028,MKKBHUHB,MBH Bank Nyrt.,"4300 Nyírbátor, Szabadság tér 5.",S,R
68200035,MKKBHUHB,MBH Bank Nyrt.,"4254 Nyíradony, Árpád tér 12.",S,R
68200042,MKKBHUHB,MBH Bank Nyrt.,"4300 Nyírbátor, Szabadság tér 5.",S,R
68200059,MKKBHUHB,MBH Bank Nyrt.,"4300 Nyírbátor, Szabadság tér 5.",S,R
68200066,MKKBHUHB,MBH Bank Nyrt.,"4300 Nyírbátor, Szabadság tér 5.",S,R
68200073,MKKBHUHB,MBH Bank Nyrt.,"4233 Balkány, Fő utca 31.",S,R
68200080,MKKBHUHB,MBH Bank Nyrt.,"4233 Balkány, Fő utca 31.",S,R
68200097,MKKBHUHB,MBH Bank Nyrt.,"4300 Nyírbátor, Szabadság tér 5.",S,R
68200107,MKKBHUHB,MBH Bank Nyrt.,"4300 Nyírbátor, Szabadság tér 5.",S,R
68200121,MKKBHUHB,MBH Bank Nyrt.,"4372 Nyírbéltek, Kossuth utca 16.",S,R
68500012,MKKBHUHB,MBH Bank Nyrt.,"4465 Rakamaz, Szent István út 25.",S,R
68500029,MKKBHUHB,MBH Bank Nyrt.,"4465 Rakamaz, Szent István út 25.",S,R
68500036,MKKBHUHB,MBH Bank Nyrt.,"4461 Nyírtelek, Arany János utca 1.",S,R
68500043,MKKBHUHB,MBH Bank Nyrt.,"4464 Tiszaeszlár, Rákóczi Ferenc utca 79.",S,R
68500050,MKKBHUHB,MBH Bank Nyrt.,"4450 Tiszalök, Kossuth utca 79/B",S,R
68500067,MKKBHUHB,MBH Bank Nyrt.,"4555 Levelek, Rákóczi utca 4.",S,R
68500074,MKKBHUHB,MBH Bank Nyrt.,"4400 Nyíregyháza, Kossuth  Lajos utca 66/A.",S,R
68500081,MKKBHUHB,MBH Bank Nyrt.,"4400 Nyíregyháza, Dózsa György út 11.",S,R
68500098,MKKBHUHB,MBH Bank Nyrt.,"4320 Nagykálló, Zrínyi  Miklós utca 22.",S,R
68500108,MKKBHUHB,MBH Bank Nyrt.,"4555 Levelek, Rákóczi utca 4.",S,R
68500115,MKKBHUHB,MBH Bank Nyrt.,"4555 Levelek, Rákóczi utca 4.",S,R
68500122,MKKBHUHB,MBH Bank Nyrt.,"4400 Nyíregyháza, Kossuth  Lajos utca 66/A.",S,R
68500139,MKKBHUHB,MBH Bank Nyrt.,"4400 Nyíregyháza, Dózsa György út 11.",S,R
68500146,MKKBHUHB,MBH Bank Nyrt.,"4400 Nyíregyháza, Dózsa György út 11.",S,R
68500153,MKKBHUHB,MBH Bank Nyrt.,"4465 Rakamaz, Szent István út 25.",S,R
68500160,MKKBHUHB,MBH Bank Nyrt.,"4555 Levelek, Rákóczi utca 4.",S,R
68500177,MKKBHUHB,MBH Bank Nyrt.,"4400 Nyíregyháza, Dózsa György út 11.",S,R
68500184,MKKBHUHB,MBH Bank Nyrt.,"4471 Gávavencsellő-Gáva, Petőfi utca 3.",S,R
68500201,MKKBHUHB,MBH Bank Nyrt.,"4471 Gávavencsellő-Gáva, Petőfi utca 3.",S,R
68500218,MKKBHUHB,MBH Bank Nyrt.,"3910 Tokaj, Bajcsy-Zsilinszky Endre út 18.",S,R
68500225,MKKBHUHB,MBH Bank Nyrt.,"3910 Tokaj, Bajcsy-Zsilinszky Endre út 18.",S,R
68500995,MKKBHUHB,MBH Bank Nyrt.,"4026 Debrecen, Bethlen G. utca 6-8.",S,R
68700016,MKKBHUHB,MBH Bank Nyrt.,"4440 Tiszavasvári, Kossuth Lajos utca 1.",S,R
68700023,MKKBHUHB,MBH Bank Nyrt.,"4450 Tiszalök, Kossuth utca 79/B",S,R
68700030,MKKBHUHB,MBH Bank Nyrt.,"4450 Tiszalök, Kossuth utca 79/B",S,R
68700047,MKKBHUHB,MBH Bank Nyrt.,"4400 Nyíregyháza, Dózsa György út 11.",S,R
68700054,MKKBHUHB,MBH Bank Nyrt.,"4400 Nyíregyháza, Dózsa György út 11.",S,R
68700061,MKKBHUHB,MBH Bank Nyrt.,"4400 Nyíregyháza, Kossuth Lajos utca 66/A.",S,R
68700119,MKKBHUHB,MBH Bank Nyrt.,"4400 Nyíregyháza, Dózsa György út 11.",S,R
68700195,MKKBHUHB,MBH Bank Nyrt.,"4561 Baktalórántháza, Vasút utca 2.",S,R
68700205,MKKBHUHB,MBH Bank Nyrt.,"4300 Nyírbátor, Szabadság tér 5.",S,R
68700229,MKKBHUHB,MBH Bank Nyrt.,"4484 Ibrány, Lehel út 3.",S,R
68700236,MKKBHUHB,MBH Bank Nyrt.,"4516 Demecser, Kétezer-Egy tér 3.",S,R
68700243,MKKBHUHB,MBH Bank Nyrt.,"4501 Kemecse, Móricz Zsigmond utca 61.",S,R
68700250,MKKBHUHB,MBH Bank Nyrt.,"4501 Kemecse, Móricz Zsigmond utca 61.",S,R
68700267,MKKBHUHB,MBH Bank Nyrt.,"4516 Demecser, Kétezer-egy tér 3.",S,R
68700274,MKKBHUHB,MBH Bank Nyrt.,"4484 Ibrány, Lehel út 3.",S,R
68700281,MKKBHUHB,MBH Bank Nyrt.,"4484 Ibrány, Lehel utca 3.",S,R
68700298,MKKBHUHB,MBH Bank Nyrt.,"4484 Ibrány, Lehel utca 3.",S,R
68700308,MKKBHUHB,MBH Bank Nyrt.,"4400 Nyíregyháza, Dózsa György út 11.",S,R
68700315,MKKBHUHB,MBH Bank Nyrt.,"4400 Nyíregyháza, Kossuth  Lajos utca 66/A.",S,R
68700322,MKKBHUHB,MBH Bank Nyrt.,"4501 Kemecse, Móricz Zsigmond utca 61.",S,R
68700339,MKKBHUHB,MBH Bank Nyrt.,"4400 Nyíregyháza, Kossuth  Lajos utca 66/A.",S,R
68700346,MKKBHUHB,MBH Bank Nyrt.,"4471 Gávavencsellő-Gáva, Petőfi utca 3.",S,R
68800013,MKKBHUHB,MBH Bank Nyrt.,"4244 Újfehértó, Béke tér 4.",S,R
68800020,MKKBHUHB,MBH Bank Nyrt.,"4231 Bököny, Dózsa György utca 5.",S,R
68800037,MKKBHUHB,MBH Bank Nyrt.,"4244 Újfehértó, Béke tér 4.",S,R
68800044,MKKBHUHB,MBH Bank Nyrt.,"4231 Bököny, Dózsa György utca 5.",S,R
68800051,MKKBHUHB,MBH Bank Nyrt.,"4244 Újfehértó, Béke tér 4.",S,R
68800068,MKKBHUHB,MBH Bank Nyrt.,"4320 Nagykálló, Zrínyi  Miklós utca 22.",S,R
68800075,MKKBHUHB,MBH Bank Nyrt.,"4233 Balkány, Fő utca 31.",S,R
68800082,MKKBHUHB,MBH Bank Nyrt.,"4320 Nagykálló, Zrínyi Miklós utca 22.",S,R
68800099,MKKBHUHB,MBH Bank Nyrt.,"4400 Nyíregyháza, Kossuth  Lajos utca 66/A.",S,R
68800109,MKKBHUHB,MBH Bank Nyrt.,"4400 Nyíregyháza, Dózsa György út 11.",S,R
68800116,MKKBHUHB,MBH Bank Nyrt.,"4026 Debrecen, Bethlen G. utca 6-8.",S,R
68800123,MKKBHUHB,MBH Bank Nyrt.,"4233 Balkány, Fő utca 31.",S,R
68800130,MKKBHUHB,MBH Bank Nyrt.,"4700 Mátészalka, Szalkay László utca 2.",S,R
68800147,MKKBHUHB,MBH Bank Nyrt.,"4900 Fehérgyarmat, Móricz Zsigmond utca 19.",S,R
69300011,MKKBHUHB,MBH Bank Nyrt.,"5231 Fegyvernek, Szent Erzsébet út 138.",S,R
69300114,MKKBHUHB,MBH Bank Nyrt.,"5231 Fegyvernek, Szent Erzsébet út 138.",S,R
69300121,MKKBHUHB,MBH Bank Nyrt.,"5331 Kenderes, Szent István út 34.",S,R
69300138,MKKBHUHB,MBH Bank Nyrt.,"5231 Fegyvernek, Szent Erzsébet út 138.",S,R
69300145,MKKBHUHB,MBH Bank Nyrt.,"5241 Abádszalók, István király utca 8.",S,R
69300152,MKKBHUHB,MBH Bank Nyrt.,"5400 Mezőtúr, Dózsa György utca 24.",S,R
69300169,MKKBHUHB,MBH Bank Nyrt.,"5200 Törökszentmiklós, Kossuth Lajos út 142-146.",S,R
69300176,MKKBHUHB,MBH Bank Nyrt.,"5200 Törökszentmiklós, Kossuth Lajos út 142-146.",S,R
69300183,MKKBHUHB,MBH Bank Nyrt.,"5310 Kisújszállás, Szabadság utca 8.",S,R
69300217,MKKBHUHB,MBH Bank Nyrt.,"5200 Törökszentmiklós, Kossuth Lajos út 142-146.",S,R
69300224,MKKBHUHB,MBH Bank Nyrt.,"5435 Martfű, Május 1. út 14.",S,R
69400111,MKKBHUHB,MBH Bank Nyrt.,"5123 Jászárokszállás, Árpád tér 2.",S,R
69400214,MKKBHUHB,MBH Bank Nyrt.,"5123 Jászárokszállás, Árpád tér 2.",S,R
69400221,MKKBHUHB,MBH Bank Nyrt.,"5121 Jászjákóhalma, Fő út 38.",S,R
69400238,MKKBHUHB,MBH Bank Nyrt.,"3360 Heves, Hunyadi János utca 11-13.",S,R
69400245,MKKBHUHB,MBH Bank Nyrt.,"3360 Heves, Hunyadi János utca 11-13.",S,R
69400317,MKKBHUHB,MBH Bank Nyrt.,"5000 Szolnok, Nagy  Imre körút 10/A.",S,R
69400324,MKKBHUHB,MBH Bank Nyrt.,"5000 Szolnok, Nagy  Imre körút 10/A.",S,R
69400331,MKKBHUHB,MBH Bank Nyrt.,"5000 Szolnok, Nagy Imre körút 10/A.",S,R
69400410,MKKBHUHB,MBH Bank Nyrt.,"5100 Jászberény, Szabadság tér 9-10.",S,R
69400427,MKKBHUHB,MBH Bank Nyrt.,"5130 Jászapáti, István király út 3.",S,R
69400434,MKKBHUHB,MBH Bank Nyrt.,"5137 Jászkisér, Fő út 12.",S,R
69400441,MKKBHUHB,MBH Bank Nyrt.,"3360 Heves, Hunyadi János utca 11-13.",S,R
69400458,MKKBHUHB,MBH Bank Nyrt.,"3360 Heves, Hunyadi János utca 11-13.",S,R
69400465,MKKBHUHB,MBH Bank Nyrt.,"3360 Heves, Hunyadi János utca 11-13.",S,R
69400616,MKKBHUHB,MBH Bank Nyrt.,"3824 Tarnaméra, Árpád út 4/2.",S,R
69400623,MKKBHUHB,MBH Bank Nyrt.,"3200 Gyöngyös, Magyar út 1.",S,R
69400630,MKKBHUHB,MBH Bank Nyrt.,"3360 Heves, Hunyadi János utca 11-13.",S,R
69400647,MKKBHUHB,MBH Bank Nyrt.,"3360 Heves, Hunyadi János utca 11-13.",S,R
69400654,MKKBHUHB,MBH Bank Nyrt.,"5121 Jászjákóhalma, Fő út 38.",S,R
69400661,MKKBHUHB,MBH Bank Nyrt.,"3360 Heves, Hunyadi János utca 11-13.",S,R
69400678,MKKBHUHB,MBH Bank Nyrt.,"3200 Gyöngyös, Magyar út 1.",S,R
69400685,MKKBHUHB,MBH Bank Nyrt.,"3284 Tarnaméra, Árpád út 4/2.",S,R
69400692,MKKBHUHB,MBH Bank Nyrt.,"3824 Tarnaméra, Árpád út 4/2.",S,R
69400702,MKKBHUHB,MBH Bank Nyrt.,"5123 Jászárokszállás, Árpád tér 2.",S,R
69400719,MKKBHUHB,MBH Bank Nyrt.,"3200 Gyöngyös, Magyar út 1.",S,R
69400726,MKKBHUHB,MBH Bank Nyrt.,"3284 Tarnaméra, Árpád út 4/2.",S,R
69400733,MKKBHUHB,MBH Bank Nyrt.,"5123 Jászárokszállás, Árpád tér 2.",S,R
69400740,MKKBHUHB,MBH Bank Nyrt.,"3284 Tarnaméra, Árpád út 4/2.",S,R
69400757,MKKBHUHB,MBH Bank Nyrt.,"3284 Tarnaméra, Árpád út 4/2.",S,R
69400764,MKKBHUHB,MBH Bank Nyrt.,"3200 Gyöngyös, Magyar út 1.",S,R
69500118,MKKBHUHB,MBH Bank Nyrt.,"5100 Jászberény, Szabadság tér 9-10.",S,R
69500125,MKKBHUHB,MBH Bank Nyrt.,"5100 Jászberény, Szabadság tér 9-10.",S,R
69500132,MKKBHUHB,MBH Bank Nyrt.,"5100 Jászberény, Szabadság tér 9-10.",S,R
69500149,MKKBHUHB,MBH Bank Nyrt.,"5126 Jászfényszaru, Szabadság út 1.",S,R
69500156,MKKBHUHB,MBH Bank Nyrt.,"5000 Szolnok, Kossuth tér 7-8.",S,R
69500163,MKKBHUHB,MBH Bank Nyrt.,"5054 Jászalsószentgyörgy, Fő út 66.",S,R
69500170,MKKBHUHB,MBH Bank Nyrt.,"5054 Jászalsószentgyörgy, Fő út 66.",S,R
69500187,MKKBHUHB,MBH Bank Nyrt.,"5054 Jászalsószentgyörgy, Fő út 66.",S,R
69500194,MKKBHUHB,MBH Bank Nyrt.,"5144 Jászboldogháza, Kossuth Lajos utca 2.",S,R
69501102,MKKBHUHB,MBH Bank Nyrt.,"5142 Alattyán, Szent István tér 2.",S,R
69501119,MKKBHUHB,MBH Bank Nyrt.,"5100 Jászberény, Szabadság tér 9-10.",S,R
69800009,MKKBHUHB,MBH Bank Nyrt.,"6800 Hódmezővásárhely, Andrássy út 50.",S,R
69800016,MKKBHUHB,MBH Bank Nyrt.,"5440 Kunszentmárton, Mátyás király út 1.",S,R
69800023,MKKBHUHB,MBH Bank Nyrt.,"5440 Kunszentmárton, Mátyás király út 1.",S,R
69800030,MKKBHUHB,MBH Bank Nyrt.,"5440 Kunszentmárton, Mátyás  Király út 1.",S,R
69800047,MKKBHUHB,MBH Bank Nyrt.,"5400 Mezőtúr, Dózsa  György utca 24.",S,R
69800054,MKKBHUHB,MBH Bank Nyrt.,"6065 Lakitelek, Liget utca 2.",S,R
69800061,MKKBHUHB,MBH Bank Nyrt.,"5440 Kunszentmárton, Mátyás Király út 1.",S,R
69800078,MKKBHUHB,MBH Bank Nyrt.,"5440 Kunszentmárton, Mátyás király út 1.",S,R
69800085,MKKBHUHB,MBH Bank Nyrt.,"6065 Lakitelek, Liget utca 2.",S,R
69800092,MKKBHUHB,MBH Bank Nyrt.,"5440 Kunszentmárton, Mátyás király út 1.",S,R
69800102,MKKBHUHB,MBH Bank Nyrt.,"6065 Lakitelek, Liget utca 2.",S,R
69800119,MKKBHUHB,MBH Bank Nyrt.,"5400 Mezőtúr, Dózsa György utca 24.",S,R
69800126,MKKBHUHB,MBH Bank Nyrt.,"5420 Túrkeve, Petőfi tér 3-5.",S,R
69800133,MKKBHUHB,MBH Bank Nyrt.,"5000 Szolnok, Kossuth tér 7-8.",S,R
69800140,MKKBHUHB,MBH Bank Nyrt.,"5000 Szolnok, Nagy Imre körút 10/A.",S,R
69800157,MKKBHUHB,MBH Bank Nyrt.,"5000 Szolnok, Nagy Imre körút 10/A.",S,R
69800164,MKKBHUHB,MBH Bank Nyrt.,"5085 Rákóczifalva, Rákóczi út 55.",S,R
69800171,MKKBHUHB,MBH Bank Nyrt.,"5200 Törökszentmiklós, Kossuth út 146.",S,R
69800188,MKKBHUHB,MBH Bank Nyrt.,"5085 Rákóczifalva, Rákóczi út 55.",S,R
69800195,MKKBHUHB,MBH Bank Nyrt.,"5000 Szolnok, Nagy Imre körút 10/A.",S,R
69800205,MKKBHUHB,MBH Bank Nyrt.,"5430 Tiszaföldvár, Kossuth L. utca 139.",S,R
69800212,MKKBHUHB,MBH Bank Nyrt.,"5350 Tiszafüred, Kossuth tér 17.",S,R
69800470,MKKBHUHB,MBH Bank Nyrt.,"5430 Tiszaföldvár, Kossuth L. utca 139.",S,R
69800487,MKKBHUHB,MBH Bank Nyrt.,"5435 Martfű, Május 1. út 14.",S,R
69801550,MKKBHUHB,MBH Bank Nyrt.,"1033 Budapest, Flórián tér 4-5.",S,R
70100011,MKKBHUHB,MBH Bank Nyrt.,"5350 Tiszafüred, Kossuth tér 17.",S,R
70100028,MKKBHUHB,MBH Bank Nyrt.,"5241 Abádszalók, István király út 8.",S,R
70100035,MKKBHUHB,MBH Bank Nyrt.,"5241 Abádszalók, István király út 8.",S,R
70100042,MKKBHUHB,MBH Bank Nyrt.,"5241 Abádszalók, István  király utca 8.",S,R
70100059,MKKBHUHB,MBH Bank Nyrt.,"5350 Tiszafüred, Kossuth tér 17.",S,R
70100066,MKKBHUHB,MBH Bank Nyrt.,"5350 Tiszafüred, Kossuth tér 17.",S,R
70100073,MKKBHUHB,MBH Bank Nyrt.,"5350 Tiszafüred, Kossuth tér 17.",S,R
70100080,MKKBHUHB,MBH Bank Nyrt.,"5350 Tiszafüred, Kossuth tér 17.",S,R
70100097,MKKBHUHB,MBH Bank Nyrt.,"5300 Karcag, Kálvin utca 1-2.",S,R
70100107,MKKBHUHB,MBH Bank Nyrt.,"5340 Kunhegyes, Szabadság tér 11.",S,R
70100114,MKKBHUHB,MBH Bank Nyrt.,"5300 Karcag, Kálvin utca 1-2.",S,R
70100121,MKKBHUHB,MBH Bank Nyrt.,"5350 Tiszafüred, Kossuth tér 17",S,R
70100138,MKKBHUHB,MBH Bank Nyrt.,"5241 Abádszalók, István  király utca 8.",S,R
70100145,MKKBHUHB,MBH Bank Nyrt.,"5350 Tiszafüred, Kossuth tér 17.",S,R
70300015,MKKBHUHB,MBH Bank Nyrt.,"5052 Újszász, Erkel Ferenc út 2/A",S,R
70300022,MKKBHUHB,MBH Bank Nyrt.,"5052 Újszász, Erkel Ferenc út 2/A",S,R
70300039,MKKBHUHB,MBH Bank Nyrt.,"5000 Szolnok, Nagy  Imre körút 10/A.",S,R
70300046,MKKBHUHB,MBH Bank Nyrt.,"5000 Szolnok, Kossuth tér 7-8.",S,R
70300053,MKKBHUHB,MBH Bank Nyrt.,"5052 Újszász, Erkel Ferenc út 2/A",S,R
70300060,MKKBHUHB,MBH Bank Nyrt.,"2740 Abony, Kossuth tér 3-4.",S,R
70300077,MKKBHUHB,MBH Bank Nyrt.,"2740 Abony, Kossuth tér 3-4.",S,R
70300101,MKKBHUHB,MBH Bank Nyrt.,"5091 Tószeg, Rákóczi út 33/A",S,R
70300118,MKKBHUHB,MBH Bank Nyrt.,"5091 Tószeg, Rákóczi út 33/A",S,R
70300125,MKKBHUHB,MBH Bank Nyrt.,"5091 Tószeg, Rákóczi út 33/A",S,R
70400012,MKKBHUHB,MBH Bank Nyrt.,"7140 Bátaszék, Budai utca 24.",S,R
70400029,MKKBHUHB,MBH Bank Nyrt.,"7140 Bátaszék, Budai utca 24.",S,R
70400036,MKKBHUHB,MBH Bank Nyrt.,"7144 Decs, Dr. Pilissy Elemér utca 3/B",S,R
70400043,MKKBHUHB,MBH Bank Nyrt.,"7100 Szekszárd, Széchenyi utca 62.",S,R
70400050,MKKBHUHB,MBH Bank Nyrt.,"7130 Tolna, Deák Ferenc utca 4.",S,R
70400067,MKKBHUHB,MBH Bank Nyrt.,"7100 Szekszárd, Széchenyi utca 62.",S,R
70400074,MKKBHUHB,MBH Bank Nyrt.,"7130 Tolna, Deák Ferenc utca 4.",S,R
70400081,MKKBHUHB,MBH Bank Nyrt.,"7130 Tolna, Deák Ferenc utca 4.",S,R
70400098,MKKBHUHB,MBH Bank Nyrt.,"7130 Tolna, Deák Ferenc utca 4.",S,R
70400108,MKKBHUHB,MBH Bank Nyrt.,"7130 Tolna, Deák Ferenc utca 4.",S,R
70500019,MKKBHUHB,MBH Bank Nyrt.,"7081 Simontornya, Mátyás király utca 2-3.",S,R
70500026,MKKBHUHB,MBH Bank Nyrt.,"7081 Simontornya, Mátyás király utca 2-3.",S,R
70500033,MKKBHUHB,MBH Bank Nyrt.,"7081 Simontornya, Mátyás király utca 2-3.",S,R
70500040,MKKBHUHB,MBH Bank Nyrt.,"7081 Simontornya, Mátyás király utca 2-3.",S,R
70500057,MKKBHUHB,MBH Bank Nyrt.,"7081 Simontornya, Mátyás király utca 2-3.",S,R
70500064,MKKBHUHB,MBH Bank Nyrt.,"7081 Simontornya, Mátyás király utca 2-3.",S,R
70500071,MKKBHUHB,MBH Bank Nyrt.,"7081 Simontornya, Mátyás király utca 2-3.",S,R
70500088,MKKBHUHB,MBH Bank Nyrt.,"7081 Simontornya, Mátyás  király utca 2-3.",S,R
70500095,MKKBHUHB,MBH Bank Nyrt.,"7081 Simontornya, Mátyás király utca 2-3.",S,R
70500105,MKKBHUHB,MBH Bank Nyrt.,"7081 Simontornya, Mátyás király utca 2-3.",S,R
70600009,MKKBHUHB,MBH Bank Nyrt.,"7020 Dunaföldvár, Fehérvári utca 4.",S,R
70600016,MKKBHUHB,MBH Bank Nyrt.,"7020 Dunaföldvár, Fehérvári utca 4.",S,R
70600023,MKKBHUHB,MBH Bank Nyrt.,"7030 Paks, Táncsics Mihály utca 4.",S,R
70600030,MKKBHUHB,MBH Bank Nyrt.,"7039 Németkér, Széchenyi utca 43.",S,R
70600047,MKKBHUHB,MBH Bank Nyrt.,"7030 Paks, Táncsics Mihály utca 4",S,R
70600054,MKKBHUHB,MBH Bank Nyrt.,"7030 Paks, Táncsics Mihály utca 4.",S,R
70600061,MKKBHUHB,MBH Bank Nyrt.,"2400 Dunaújváros, Vasmű út 7.",S,R
70600078,MKKBHUHB,MBH Bank Nyrt.,"7030 Paks, Táncsics Mihály utca 4.",S,R
70600085,MKKBHUHB,MBH Bank Nyrt.,"7030 Paks, Táncsics  Mihály utca 4.",S,R
70600092,MKKBHUHB,MBH Bank Nyrt.,"7100 Szekszárd, Széchenyi utca 62.",S,R
70600102,MKKBHUHB,MBH Bank Nyrt.,"7191 Hőgyész, Fő utca 14.",S,R
70600119,MKKBHUHB,MBH Bank Nyrt.,"7191 Hőgyész, Fő utca 14.",S,R
70600126,MKKBHUHB,MBH Bank Nyrt.,"7100 Szekszárd, Széchenyi utca 62.",S,R
70600133,MKKBHUHB,MBH Bank Nyrt.,"7020 Dunaföldvár, Fehérvári utca 4.",S,R
70600140,MKKBHUHB,MBH Bank Nyrt.,"7132 Bogyiszló, Kossuth utca 30/A.",S,R
70600157,MKKBHUHB,MBH Bank Nyrt.,"2400 Dunaújváros, Vasmű út 7.",S,R
70600164,MKKBHUHB,MBH Bank Nyrt.,"7044 Nagydorog, Kossuth utca 52.",S,R
70600171,MKKBHUHB,MBH Bank Nyrt.,"7044 Nagydorog, Kossuth utca 52.",S,R
70600188,MKKBHUHB,MBH Bank Nyrt.,"7044 Nagydorog, Kossuth utca 52.",S,R
70600195,MKKBHUHB,MBH Bank Nyrt.,"7044 Nagydorog, Kossuth utca 52.",S,R
70600205,MKKBHUHB,MBH Bank Nyrt.,"7044 Nagydorog, Kossuth utca 52.",S,R
70600212,MKKBHUHB,MBH Bank Nyrt.,"2400 Dunaújváros, Vasmű út 7.",S,R
70900017,MKKBHUHB,MBH Bank Nyrt.,"7090 Tamási, Szabadság utca 41/b.",S,R
70900024,MKKBHUHB,MBH Bank Nyrt.,"7090 Tamási, Szabadság utca 41/b.",S,R
70900062,MKKBHUHB,MBH Bank Nyrt.,"7090 Tamási, Szabadság utca 41/b.",S,R
70900086,MKKBHUHB,MBH Bank Nyrt.,"7090 Tamási, Szabadság utca 41/b.",S,R
70900103,MKKBHUHB,MBH Bank Nyrt.,"7200 Dombóvár, Hunyadi tér 42.",S,R
70900110,MKKBHUHB,MBH Bank Nyrt.,"7200 Dombóvár, Hunyadi tér 42.",S,R
70900127,MKKBHUHB,MBH Bank Nyrt.,"7200 Dombóvár, Hunyadi tér 42.",S,R
70900134,MKKBHUHB,MBH Bank Nyrt.,"7200 Dombóvár, Hunyadi tér 42.",S,R
70900141,MKKBHUHB,MBH Bank Nyrt.,"7090 Tamási, Szabadság utca 41/b.",S,R
70900158,MKKBHUHB,MBH Bank Nyrt.,"2400 Dunaújváros, Vasmű út 7.",S,R
70900165,MKKBHUHB,MBH Bank Nyrt.,"2400 Dunaújváros, Vasmű út 7.",S,R
70900172,MKKBHUHB,MBH Bank Nyrt.,"7200 Dombóvár, Hunyadi tér 42.",S,R
71800006,MKKBHUHB,MBH Bank Nyrt.,"7150 Bonyhád, Szabadság tér 9.",S,R
71800013,MKKBHUHB,MBH Bank Nyrt.,"7150 Bonyhád, Szabadság tér 9.",S,R
71800020,MKKBHUHB,MBH Bank Nyrt.,"7181 Tevel, Fő utca 396.",S,R
71800037,MKKBHUHB,MBH Bank Nyrt.,"7100 Szekszárd, Széchenyi utca 62.",S,R
71800044,MKKBHUHB,MBH Bank Nyrt.,"7181 Tevel, Fő utca 396.",S,R
71800051,MKKBHUHB,MBH Bank Nyrt.,"7300 Komló, Városház tér 5.",S,R
71800068,MKKBHUHB,MBH Bank Nyrt.,"7349 Szászvár, Május 1. tér 5.",S,R
71800075,MKKBHUHB,MBH Bank Nyrt.,"7342 Mágocs, Szabadság utca 23.",S,R
71800082,MKKBHUHB,MBH Bank Nyrt.,"7370 Sásd, Rákóczi Ferenc utca 26.",S,R
71800099,MKKBHUHB,MBH Bank Nyrt.,"7370 Sásd, Rákóczi  Ferenc utca 26.",S,R
71800109,MKKBHUHB,MBH Bank Nyrt.,"7200 Dombóvár, Hunyadi tér 42.",S,R
71800116,MKKBHUHB,MBH Bank Nyrt.,"7370 Sásd, Rákóczi  Ferenc utca 26.",S,R
71800123,MKKBHUHB,MBH Bank Nyrt.,"7342 Mágocs, Szabadság utca 23.",S,R
71800130,MKKBHUHB,MBH Bank Nyrt.,"7349 Szászvár, Május 1. tér 5.",S,R
71800147,MKKBHUHB,MBH Bank Nyrt.,"7720 Pécsvárad, Kossuth Lajos utca 30.",S,R
71800154,MKKBHUHB,MBH Bank Nyrt.,"7200 Dombóvár, Hunyadi tér 42.",S,R
71800178,MKKBHUHB,MBH Bank Nyrt.,"7150 Bonyhád, Szabadság tér 9.",S,R
71800185,MKKBHUHB,MBH Bank Nyrt.,"7150 Bonyhád, Szabadság tér 9.",S,R
71800192,MKKBHUHB,MBH Bank Nyrt.,"7349 Szászvár, Május 1. tér 5.",S,R
71800202,MKKBHUHB,MBH Bank Nyrt.,"7150 Bonyhád, Szabadság tér 9.",S,R
71800219,MKKBHUHB,MBH Bank Nyrt.,"7090 Tamási, Szabadság utca 41/b.",S,R
71800226,MKKBHUHB,MBH Bank Nyrt.,"7090 Tamási, Szabadság utca 41/b.",S,R
71800233,MKKBHUHB,MBH Bank Nyrt.,"7191 Hőgyész, Fő utca 14.",S,R
71800257,MKKBHUHB,MBH Bank Nyrt.,"7090 Tamási, Szabadság utca 41/b.",S,R
71800264,MKKBHUHB,MBH Bank Nyrt.,"7622 Pécs, Bajcsy-Zsilinszky utca 7.",S,R
71800271,MKKBHUHB,MBH Bank Nyrt.,"7622 Pécs, Bajcsy-Zsilinszky utca 7.",S,R
71800288,MKKBHUHB,MBH Bank Nyrt.,"7140 Bátaszék, Budai utca 24.",S,R
71800295,MKKBHUHB,MBH Bank Nyrt.,"7140 Bátaszék, Budai utca 24.",S,R
71800305,MKKBHUHB,MBH Bank Nyrt.,"7144 Decs, Dr.  Pilissy  Elemér utca 3/B",S,R
71800312,MKKBHUHB,MBH Bank Nyrt.,"7100 Szekszárd, Széchenyi utca 62.",S,R
71800329,MKKBHUHB,MBH Bank Nyrt.,"7130 Tolna, Deák Ferenc utca 4.",S,R
71800336,MKKBHUHB,MBH Bank Nyrt.,"7100 Szekszárd, Széchenyi utca 62.",S,R
71800343,MKKBHUHB,MBH Bank Nyrt.,"7130 Tolna, Deák Ferenc utca 4.",S,R
71800350,MKKBHUHB,MBH Bank Nyrt.,"7130 Tolna, Deák Ferenc utca 4.",S,R
71800367,MKKBHUHB,MBH Bank Nyrt.,"7130 Tolna, Deák Ferenc utca 4.",S,R
71800374,MKKBHUHB,MBH Bank Nyrt.,"7130 Tolna, Deák Ferenc utca 4.",S,R
71800381,MKKBHUHB,MBH Bank Nyrt.,"7150 Bonyhád, Szabadság tér 9.",S,R
71800398,MKKBHUHB,MBH Bank Nyrt.,"7150 Bonyhád, Szabadság tér 9.",S,R
71800408,MKKBHUHB,MBH Bank Nyrt.,"7173 Zomba, Fő tér 5.",S,R
71800415,MKKBHUHB,MBH Bank Nyrt.,"7173 Zomba, Fő tér 5.",S,R
71800422,MKKBHUHB,MBH Bank Nyrt.,"7100 Szekszárd, Széchenyi utca 62.",S,R
71800439,MKKBHUHB,MBH Bank Nyrt.,"7191 Hőgyész, Fő utca 14.",S,R
71800446,MKKBHUHB,MBH Bank Nyrt.,"7173 Zomba, Fő tér 5.",S,R
71800453,MKKBHUHB,MBH Bank Nyrt.,"7100 Szekszárd, Széchenyi utca 62.",S,R
71800477,MKKBHUHB,MBH Bank Nyrt.,"7090 Tamási, Szabadság utca 41/b.",S,R
71800518,MKKBHUHB,MBH Bank Nyrt.,"7200 Dombóvár, Hunyadi tér 42.",S,R
71800556,MKKBHUHB,MBH Bank Nyrt.,"7090 Tamási, Szabadság utca 41/b.",S,R
71800587,MKKBHUHB,MBH Bank Nyrt.,"7020 Dunaföldvár, Fehérvári utca 4.",S,R
71800594,MKKBHUHB,MBH Bank Nyrt.,"7030 Paks, Táncsics Mihály utca 4.",S,R
71800604,MKKBHUHB,MBH Bank Nyrt.,"7039 Németkér, Széchenyi utca 43.",S,R
71800611,MKKBHUHB,MBH Bank Nyrt.,"7030 Paks, Táncsics  Mihály utca 4.",S,R
71800628,MKKBHUHB,MBH Bank Nyrt.,"2400 Dunaújváros, Vasmű út 7.",S,R
71800635,MKKBHUHB,MBH Bank Nyrt.,"7030 Paks, Táncsics Mihály utca 4.",S,R
71800642,MKKBHUHB,MBH Bank Nyrt.,"7030 Paks, Táncsics  Mihály utca 4.",S,R
71800659,MKKBHUHB,MBH Bank Nyrt.,"7100 Szekszárd, Széchenyi utca 62.",S,R
71800666,MKKBHUHB,MBH Bank Nyrt.,"7191 Hőgyész, Fő utca 14.",S,R
71800673,MKKBHUHB,MBH Bank Nyrt.,"7191 Hőgyész, Fő utca 14.",S,R
71800697,MKKBHUHB,MBH Bank Nyrt.,"7132 Bogyiszló, Kossuth utca 30/A.",S,R
71800707,MKKBHUHB,MBH Bank Nyrt.,"2400 Dunaújváros, Vasmű út 7.",S,R
71800714,MKKBHUHB,MBH Bank Nyrt.,"7044 Nagydorog, Kossuth utca 52.",S,R
71800721,MKKBHUHB,MBH Bank Nyrt.,"7044 Nagydorog, Kossuth utca 52.",S,R
71800738,MKKBHUHB,MBH Bank Nyrt.,"7044 Nagydorog, Kossuth utca 52.",S,R
71800745,MKKBHUHB,MBH Bank Nyrt.,"7044 Nagydorog, Kossuth utca 52.",S,R
71800752,MKKBHUHB,MBH Bank Nyrt.,"7044 Nagydorog, Kossuth utca 52.",S,R
71900010,MKKBHUHB,MBH Bank Nyrt.,"7150 Bonyhád, Szabadság tér 9.",S,R
71900027,MKKBHUHB,MBH Bank Nyrt.,"7150 Bonyhád, Szabadság tér 9.",S,R
71900034,MKKBHUHB,MBH Bank Nyrt.,"7173 Zomba, Fő tér 5.",S,R
71900041,MKKBHUHB,MBH Bank Nyrt.,"7173 Zomba, Fő tér 5.",S,R
71900058,MKKBHUHB,MBH Bank Nyrt.,"7100 Szekszárd, Széchenyi utca 62.",S,R
71900065,MKKBHUHB,MBH Bank Nyrt.,"7100 Szekszárd, Széchenyi utca 62.",S,R
71900072,MKKBHUHB,MBH Bank Nyrt.,"7100 Szekszárd, Széchenyi utca 62.",S,R
71900089,MKKBHUHB,MBH Bank Nyrt.,"7191 Hőgyész, Fő utca 14.",S,R
71900113,MKKBHUHB,MBH Bank Nyrt.,"7173 Zomba, Fő tér 5.",S,R
72100110,MKKBHUHB,MBH Bank Nyrt.,"9700 Szombathely, Petőfi Sándor utca 16",S,R
72100213,MKKBHUHB,MBH Bank Nyrt.,"9700 Szombathely, Szűrcsapó utca 23",S,R
72100220,MKKBHUHB,MBH Bank Nyrt.,"9700 Szombathely, Szűrcsapó utca 23.",S,R
72100237,MKKBHUHB,MBH Bank Nyrt.,"9700 Szombathely, Petőfi Sándor utca 16",S,R
72100244,MKKBHUHB,MBH Bank Nyrt.,"9798 Ják, Szabadság tér 10.",S,R
72100251,MKKBHUHB,MBH Bank Nyrt.,"9700 Szombathely, Petőfi Sándor utca 16",S,R
72100275,MKKBHUHB,MBH Bank Nyrt.,"9900 Körmend, Thököly utca 1.",S,R
72100282,MKKBHUHB,MBH Bank Nyrt.,"9600 Sárvár, Batthyány Lajos utca 42/C",S,R
72100299,MKKBHUHB,MBH Bank Nyrt.,"9900 Körmend, Thököly utca 1.",S,R
72100316,MKKBHUHB,MBH Bank Nyrt.,"9737 Bük, Széchenyi utca 2/A",S,R
72100323,MKKBHUHB,MBH Bank Nyrt.,"9700 Szombathely, Petőfi  Sándor utca 16.",S,R
72100330,MKKBHUHB,MBH Bank Nyrt.,"9730 Kőszeg, Rákóczi utca 12.",S,R
72100347,MKKBHUHB,MBH Bank Nyrt.,"9730 Kőszeg, Rákóczi utca 12.",S,R
72100354,MKKBHUHB,MBH Bank Nyrt.,"9735 Csepreg, Széchenyi tér 4.",S,R
72100419,MKKBHUHB,MBH Bank Nyrt.,"9900 Körmend, Thököly utca 1.",S,R
72100426,MKKBHUHB,MBH Bank Nyrt.,"9900 Körmend, Thököly utca 1.",S,R
72100433,MKKBHUHB,MBH Bank Nyrt.,"9970 Szentgotthárd, Hunyadi utca 5.",S,R
72100440,MKKBHUHB,MBH Bank Nyrt.,"9800 Vasvár, Főszolgabíró tér 1.",S,R
72100457,MKKBHUHB,MBH Bank Nyrt.,"9800 Vasvár, Főszolgabíró tér 1.",S,R
72100464,MKKBHUHB,MBH Bank Nyrt.,"9941 Őriszentpéter, Városszer 106.",S,R
72100471,MKKBHUHB,MBH Bank Nyrt.,"9941 Őriszentpéter, Városszer 106.",S,R
72100488,MKKBHUHB,MBH Bank Nyrt.,"9970 Szentgotthárd, Hunyadi utca 5.",S,R
72100512,MKKBHUHB,MBH Bank Nyrt.,"9700 Szombathely, Szűrcsapó utca 23",S,R
72600115,MKKBHUHB,MBH Bank Nyrt.,"9653 Répcelak, Petőfi Sándor utca 50.",S,R
72600218,MKKBHUHB,MBH Bank Nyrt.,"9500 Celldömölk, Kossuth  Lajos utca 18.",S,R
72600225,MKKBHUHB,MBH Bank Nyrt.,"9653 Répcelak, Petőfi  Sándor utca 50.",S,R
72600232,MKKBHUHB,MBH Bank Nyrt.,"9653 Répcelak, Petőfi  Sándor utca 50.",S,R
72600249,MKKBHUHB,MBH Bank Nyrt.,"9600 Sárvár, Batthyány Lajos utca 42/b",S,R
72600256,MKKBHUHB,MBH Bank Nyrt.,"9737 Bük, Széchenyi utca 2/a",S,R
72600263,MKKBHUHB,MBH Bank Nyrt.,"9500 Celldömölk, Kossuth  Lajos utca 18.",S,R
72600287,MKKBHUHB,MBH Bank Nyrt.,"9500 Celldömölk, Kossuth Lajos utca 18.",S,R
72600294,MKKBHUHB,MBH Bank Nyrt.,"9737 Bük, Széchenyi utca 2/a",S,R
72700112,MKKBHUHB,MBH Bank Nyrt.,"9600 Sárvár, Batthyány Lajos utca 42/C",S,R
72700215,MKKBHUHB,MBH Bank Nyrt.,"9700 Szombathely, Petőfi Sándor utca 16",S,R
72700222,MKKBHUHB,MBH Bank Nyrt.,"9700 Szombathely, Petőfi Sándor utca 16",S,R
72700239,MKKBHUHB,MBH Bank Nyrt.,"9700 Szombathely, Petőfi Sándor utca 16",S,R
72700246,MKKBHUHB,MBH Bank Nyrt.,"9700 Szombathely, Petőfi Sándor utca 16",S,R
72700284,MKKBHUHB,MBH Bank Nyrt.,"9500 Celldömölk, Kossuth  Lajos utca 18.",S,R
72700291,MKKBHUHB,MBH Bank Nyrt.,"9600 Sárvár, Batthyány Lajos utca 42/b",S,R
72800016,MKKBHUHB,MBH Bank Nyrt.,"8300 Tapolca, Fő tér 4.",S,R
72800023,MKKBHUHB,MBH Bank Nyrt.,"8300 Tapolca, Fő tér 4.",S,R
72800030,MKKBHUHB,MBH Bank Nyrt.,"8258 Badacsonytomaj, Kert utca 12.",S,R
72800047,MKKBHUHB,MBH Bank Nyrt.,"8300 Tapolca, Fő tér 4.",S,R
72800054,MKKBHUHB,MBH Bank Nyrt.,"8300 Tapolca, Fő tér 4.",S,R
72800061,MKKBHUHB,MBH Bank Nyrt.,"8400 Ajka, Szabadság tér 11.",S,R
72800078,MKKBHUHB,MBH Bank Nyrt.,"8330 Sümeg, Kossuth Lajos utca 17.",S,R
72800085,MKKBHUHB,MBH Bank Nyrt.,"8330 Sümeg, Kossuth Lajos utca 17.",S,R
72800092,MKKBHUHB,MBH Bank Nyrt.,"8330 Sümeg, Kossuth Lajos utca 17.",S,R
72800102,MKKBHUHB,MBH Bank Nyrt.,"8501 Pápa, Zimmermann utca 1.",S,R
72800171,MKKBHUHB,MBH Bank Nyrt.,"8300 Tapolca, Fő tér 4.",S,R
72900013,MKKBHUHB,MBH Bank Nyrt.,"8174 Balatonkenese, Fő utca 23.",S,R
72900020,MKKBHUHB,MBH Bank Nyrt.,"8181 Berhida, Szabadság tér 6.",S,R
72900037,MKKBHUHB,MBH Bank Nyrt.,"8220 Balatonalmádi, Baross Gábor út 11.",S,R
72900044,MKKBHUHB,MBH Bank Nyrt.,"8100 Várpalota, Posta út 8.",S,R
72900051,MKKBHUHB,MBH Bank Nyrt.,"8200 Veszprém, Budapest út 16.",S,R
72900068,MKKBHUHB,MBH Bank Nyrt.,"8200 Veszprém, Budapest út 16.",S,R
72900075,MKKBHUHB,MBH Bank Nyrt.,"8000 Székesfehérvár, Budai út 42.",S,R
72900099,MKKBHUHB,MBH Bank Nyrt.,"8000 Székesfehérvár, Budai út 42.",S,R
72900109,MKKBHUHB,MBH Bank Nyrt.,"8164 Balatonfőkajár, Kossuth Lajos utca 16.",S,R
72900604,MKKBHUHB,MBH Bank Nyrt.,"8000 Székesfehérvár, Budai út 42.",S,R
72900611,MKKBHUHB,MBH Bank Nyrt.,"8174 Balatonkenese, Fő utca 23.",S,R
72900628,MKKBHUHB,MBH Bank Nyrt.,"4026 Debrecen, Bethlen G. utca 6-8.",S,R
72900635,MKKBHUHB,MBH Bank Nyrt.,"3300 Eger, Katona István tér 7-9.",S,R
72900642,MKKBHUHB,MBH Bank Nyrt.,"8000 Székesfehérvár, Budai út 42.",S,R
72900659,MKKBHUHB,MBH Bank Nyrt.,"8164 Balatonfőkajár, Kossuth Lajos utca 16.",S,R
72900666,MKKBHUHB,MBH Bank Nyrt.,"8100 Várpalota, Posta út 8.",S,R
72900673,MKKBHUHB,MBH Bank Nyrt.,"8200 Veszprém, Budapest út 16.",S,R
72900680,MKKBHUHB,MBH Bank Nyrt.,"3200 Gyöngyös, Magyar út 1.",S,R
72900697,MKKBHUHB,MBH Bank Nyrt.,"7400 Kaposvár, Fő út 51.",S,R
72900707,MKKBHUHB,MBH Bank Nyrt.,"8181 Berhida, Szabadság tér 6.",S,R
72900714,MKKBHUHB,MBH Bank Nyrt.,"8000 Székesfehérvár, Budai út 42.",S,R
72900721,MKKBHUHB,MBH Bank Nyrt.,"8000 Székesfehérvár, Budai út 42.",S,R
72900738,MKKBHUHB,MBH Bank Nyrt.,"8220 Balatonalmádi, Baross Gábor út 11.",S,R
72900745,MKKBHUHB,MBH Bank Nyrt.,"8000 Székesfehérvár, Budai út 42.",S,R
72900752,MKKBHUHB,MBH Bank Nyrt.,"8200 Veszprém, Budapest út 16.",S,R
72900769,MKKBHUHB,MBH Bank Nyrt.,"8100 Várpalota, Posta út 8.",S,R
72900776,MKKBHUHB,MBH Bank Nyrt.,"8164 Balatonfőkajár, Kossuth Lajos utca 16.",S,R
72900783,MKKBHUHB,MBH Bank Nyrt.,"8164 Balatonfőkajár, Kossuth Lajos utca 16.",S,R
73200017,MKKBHUHB,MBH Bank Nyrt.,"8291 Nagyvázsony, Kinizsi Pál utca 82.",S,R
73200024,MKKBHUHB,MBH Bank Nyrt.,"8291 Nagyvázsony, Kinizsi Pál utca 82.",S,R
73200031,MKKBHUHB,MBH Bank Nyrt.,"8258 Badacsonytomaj, Kert utca 12.",S,R
73200048,MKKBHUHB,MBH Bank Nyrt.,"8400 Ajka, Szabadság tér 11.",S,R
73200055,MKKBHUHB,MBH Bank Nyrt.,"8230 Balatonfüred, Kossuth Lajos utca 20.",S,R
73200062,MKKBHUHB,MBH Bank Nyrt.,"8258 Badacsonytomaj, Kert utca 12.",S,R
73200079,MKKBHUHB,MBH Bank Nyrt.,"8300 Tapolca, Fő tér 4.",S,R
73200086,MKKBHUHB,MBH Bank Nyrt.,"8200 Veszprém, Budapest út 16.",S,R
73200093,MKKBHUHB,MBH Bank Nyrt.,"8400 Ajka, Szabadság tér 11.",S,R
73200103,MKKBHUHB,MBH Bank Nyrt.,"8200 Veszprém, Cserhát lakótelep 7.",S,R
73200110,MKKBHUHB,MBH Bank Nyrt.,"8230 Balatonfüred, Kossuth Lajos utca 20.",S,R
73200127,MKKBHUHB,MBH Bank Nyrt.,"8200 Veszprém, Cserhát lakótelep 7.",S,R
73200134,MKKBHUHB,MBH Bank Nyrt.,"8258 Badacsonytomaj, Kert utca 12.",S,R
73200141,MKKBHUHB,MBH Bank Nyrt.,"8300 Tapolca, Fő tér 4.",S,R
73200158,MKKBHUHB,MBH Bank Nyrt.,"1124 Budapest, Hattyú utca 18.",S,R
73200165,MKKBHUHB,MBH Bank Nyrt.,"1075 Budapest, Károly körút 7.",S,R
73200172,MKKBHUHB,MBH Bank Nyrt.,"8300 Tapolca, Fő tér 4.",S,R
73200189,MKKBHUHB,MBH Bank Nyrt.,"8200 Veszprém, Cserhát lakótelep 7.",S,R
73200196,MKKBHUHB,MBH Bank Nyrt.,"8501 Pápa, Zimmermann utca 1.",S,R
73200206,MKKBHUHB,MBH Bank Nyrt.,"8200 Veszprém, Cserhát lakótelep 7.",S,R
73200213,MKKBHUHB,MBH Bank Nyrt.,"8000 Székesfehérvár, Budai út 42.",S,R
73600008,MKKBHUHB,MBH 103 Herend,"8440 Herend, Kossuth Lajos utca 140.",S,R
73600015,MKKBHUHB,MBH 103 Herend,"8440 Herend, Kossuth Lajos utca 140.",S,R
73600022,MKKBHUHB,MBH Bank Nyrt.,"8400 Ajka, Szabadság tér 11.",S,R
73600039,MKKBHUHB,MBH 103 Herend,"8440 Herend, Kossuth Lajos utca 140.",S,R
73600046,MKKBHUHB,MBH 103 Herend,"8440 Herend, Kossuth Lajos utca 140.",S,R
73600053,MKKBHUHB,MBH 103 Herend,"8440 Herend, Kossuth Lajos utca 140.",S,R
73600060,MKKBHUHB,MBH Bank Nyrt.,"8400 Ajka, Szabadság tér 11.",S,R
73600077,MKKBHUHB,MBH Bank Nyrt.,"8200 Veszprém, Budapest út 16.",S,R
73600091,MKKBHUHB,MBH Bank Nyrt.,"8460 Devecser, Kossuth Lajos utca 2.",S,R
73600101,MKKBHUHB,MBH Bank Nyrt.,"8460 Devecser, Kossuth Lajos utca 2.",S,R
73600118,MKKBHUHB,MBH Bank Nyrt.,"8460 Devecser, Kossuth Lajos utca 2.",S,R
73600125,MKKBHUHB,MBH Bank Nyrt.,"8501 Pápa, Zimmermann utca 1.",S,R
73600132,MKKBHUHB,MBH 103 Herend,"8440 Herend, Kossuth Lajos utca 140.",S,R
73600149,MKKBHUHB,MBH Bank Nyrt.,"1093 Budapest, Czuczor utca 2-10.",S,R
73600156,MKKBHUHB,MBH Bank Nyrt.,"8501 Pápa, Zimmermann utca 1.",S,R
73600163,MKKBHUHB,MBH Bank Nyrt.,"1117 Budapest, Magyar  Tudósok körútja 9.G.épület",S,R
73600170,MKKBHUHB,MBH Bank Nyrt.,"1015 Budapest, Hattyú utca 18.",S,R
73600187,MKKBHUHB,MBH Bank Nyrt.,"8230 Balatonfüred, Kossuth Lajos utca 20.",S,R
73600194,MKKBHUHB,MBH Bank Nyrt.,"8060 Mór, Deák Ferenc utca 28.",S,R
73601016,MKKBHUHB,MBH Bank Nyrt.,"2451 Ercsi, Szent István út 3.",S,R
73601023,MKKBHUHB,MBH Bank Nyrt.,"2462 Martonvásár, Brunszvik utca 1/B",S,R
73601030,MKKBHUHB,MBH Bank Nyrt.,"2490 Pusztaszabolcs, Adonyi út 41.",S,R
73601054,MKKBHUHB,MBH Bank Nyrt.,"2454 Iváncsa, Szövetkezeti köz 1.",S,R
73601078,MKKBHUHB,MBH Bank Nyrt.,"2454 Iváncsa, Szövetkezeti köz 1.",S,R
73602017,MKKBHUHB,MBH Bank Nyrt.,"2475 Kápolnásnyék, Fő utca 29.",S,R
73602024,MKKBHUHB,MBH Bank Nyrt.,"2484 Gárdony-Agárd, Balatoni út 43.",S,R
73602031,MKKBHUHB,MBH Bank Nyrt.,"2462 Martonvásár, Brunszvik utca 1/B",S,R
73602048,MKKBHUHB,MBH Bank Nyrt.,"2475 Kápolnásnyék, Fő utca 29.",S,R
73602055,MKKBHUHB,MBH Bank Nyrt.,"8111 Seregélyes, Fő utca 169.",S,R
73602062,MKKBHUHB,MBH Bank Nyrt.,"8000 Székesfehérvár, Budai út 42.",S,R
73602086,MKKBHUHB,MBH Bank Nyrt.,"8000 Székesfehérvár, Budai út 42.",S,R
73602093,MKKBHUHB,MBH Bank Nyrt.,"1043 Budapest, Árpád út 45.",S,R
73602103,MKKBHUHB,MBH Bank Nyrt.,"2481 Velence, Gerle utca 2.",S,R
73602110,MKKBHUHB,MBH Bank Nyrt.,"8151 Szabadbattyán, Csikvár tér 10.",S,R
73602127,MKKBHUHB,MBH Bank Nyrt.,"8000 Székesfehérvár, Budai út 42.",S,R
73602134,MKKBHUHB,MBH Bank Nyrt.,"8164 Balatonfőkajár, Kossuth Lajos utca 16.",S,R
73602158,MKKBHUHB,MBH Bank Nyrt.,"8130 Enying, Deák Ferenc utca 1.",S,R
73602165,MKKBHUHB,MBH Bank Nyrt.,"8127 Aba, Petőfi Sándor utca 95.",S,R
73602172,MKKBHUHB,MBH Bank Nyrt.,"8000 Székesfehérvár, Budai út 42.",S,R
73602189,MKKBHUHB,MBH Bank Nyrt.,"8154 Polgárdi, Deák Ferenc utca 13.",S,R
73603018,MKKBHUHB,MBH Bank Nyrt.,"7000 Sárbogárd, Ady Endre út 107.",S,R
73603025,MKKBHUHB,MBH Bank Nyrt.,"7000 Sárbogárd, Ady Endre út 107.",S,R
73603032,MKKBHUHB,MBH Bank Nyrt.,"7081 Simontornya, Mátyás király utca 2-3.",S,R
73603049,MKKBHUHB,MBH Bank Nyrt.,"7013 Cece, Jókai Mór utca 2.",S,R
73603056,MKKBHUHB,MBH Bank Nyrt.,"8124 Káloz, Bajcsy-Zsilinszky utca 3.",S,R
73603063,MKKBHUHB,MBH Bank Nyrt.,"8124 Káloz, Bajcsy-Zsilinszky utca 3.",S,R
73603070,MKKBHUHB,MBH Bank Nyrt.,"8136 Lajoskomárom, Enyingi utca 3.",S,R
73603087,MKKBHUHB,MBH Bank Nyrt.,"8124 Káloz, Bajcsy-Zsilinszky utca 3.",S,R
73603094,MKKBHUHB,MBH Bank Nyrt.,"7081 Simontornya, Mátyás király utca 2-3.",S,R
73603104,MKKBHUHB,MBH Bank Nyrt.,"8136 Lajoskomárom, Enyingi utca 3.",S,R
73603111,MKKBHUHB,MBH Bank Nyrt.,"8111 Seregélyes, Fő utca 169.",S,R
73603128,MKKBHUHB,MBH Bank Nyrt.,"8111 Seregélyes, Fő utca 169.",S,R
73603135,MKKBHUHB,MBH Bank Nyrt.,"8111 Seregélyes, Fő utca 169.",S,R
73603142,MKKBHUHB,MBH Bank Nyrt.,"7000 Sárbogárd, Ady Endre út 107.",S,R
73604019,MKKBHUHB,MBH Bank Nyrt.,"2370 Dabas, Szent  István tér 1/D",S,R
73604026,MKKBHUHB,MBH Bank Nyrt.,"2347 Bugyi, Templom utca 6.",S,R
73604040,MKKBHUHB,MBH Bank Nyrt.,"2360 Gyál, Kőrösi út 116.",S,R
73604057,MKKBHUHB,MBH Bank Nyrt.,"1201 Budapest, Kossuth Lajos utca 32-36.",S,R
73604064,MKKBHUHB,MBH Bank Nyrt.,"2351 Alsónémedi, Fő út 66/A",S,R
73604071,MKKBHUHB,MBH Bank Nyrt.,"2370 Dabas, Szent István tér 1/D",S,R
73604095,MKKBHUHB,MBH Bank Nyrt.,"2330 Dunaharaszti, Baktay Ervin tér 5.",S,R
73604105,MKKBHUHB,MBH Bank Nyrt.,"2351 Alsónémedi, Fő út 66/A",S,R
73605010,MKKBHUHB,MBH Bank Nyrt.,"2030 Érd, Budai út 20.",S,R
73605027,MKKBHUHB,MBH Bank Nyrt.,"2030 Érd, Budai út 20.",S,R
73605034,MKKBHUHB,MBH Bank Nyrt.,"2030 Érd, Hegesztő utca 10.",S,R
73605041,MKKBHUHB,MBH Bank Nyrt.,"2049 Diósd, Szent István tér 12.",S,R
73605065,MKKBHUHB,MBH Bank Nyrt.,"2038 Sóskút, Mártírok utca 5.",S,R
73605072,MKKBHUHB,MBH Bank Nyrt.,"2440 Százhalombatta, Damjanich utca 23.",S,R
73605089,MKKBHUHB,MBH Bank Nyrt.,"2461 Tárnok, Rákóczi út 91.",S,R
73605096,MKKBHUHB,MBH Bank Nyrt.,"2045 Törökbálint, Munkácsy Mihály utca 11.",S,R
73605106,MKKBHUHB,MBH Bank Nyrt.,"2051 Biatorbágy, Szabadság út 11/A.",S,R
73605113,MKKBHUHB,MBH Bank Nyrt.,"2060 Bicske, Csabdi utca 4.",S,R
73605120,MKKBHUHB,MBH Bank Nyrt.,"2092 Budakeszi, Fő utca 126.",S,R
73605137,MKKBHUHB,MBH Bank Nyrt.,"2045 Törökbálint, Munkácsy Mihály utca 11.",S,R
73605144,MKKBHUHB,MBH Bank Nyrt.,"2091 Etyek, Óvoda utca 2.",S,R
73605151,MKKBHUHB,MBH Bank Nyrt.,"2053 Herceghalom, Zsámbéki út 16.",S,R
73606028,MKKBHUHB,MBH Bank Nyrt.,"7081 Simontornya, Mátyás király utca 2-3.",S,R
73606035,MKKBHUHB,MBH Bank Nyrt.,"7081 Simontornya, Mátyás király utca 2-3.",S,R
73606042,MKKBHUHB,MBH Bank Nyrt.,"7081 Simontornya, Mátyás király utca 2-3.",S,R
73606059,MKKBHUHB,MBH Bank Nyrt.,"7081 Simontornya, Mátyás király utca 2-3.",S,R
73606066,MKKBHUHB,MBH Bank Nyrt.,"7081 Simontornya, Mátyás király utca 2-3.",S,R
73606073,MKKBHUHB,MBH Bank Nyrt.,"7081 Simontornya, Mátyás király utca 2-3.",S,R
73606080,MKKBHUHB,MBH Bank Nyrt.,"7081 Simontornya, Mátyás király utca 2-3.",S,R
73606097,MKKBHUHB,MBH Bank Nyrt.,"7081 Simontornya, Mátyás király utca 2-3.",S,R
73606107,MKKBHUHB,MBH Bank Nyrt.,"7081 Simontornya, Mátyás király utca 2-3.",S,R
73607012,MKKBHUHB,MBH Bank Nyrt.,"8300 Tapolca, Fő tér 4.",S,R
73607029,MKKBHUHB,MBH Bank Nyrt.,"8300 Tapolca, Fő tér 4.",S,R
73607036,MKKBHUHB,MBH Bank Nyrt.,"8300 Tapolca, Fő tér 4.",S,R
73607043,MKKBHUHB,MBH Bank Nyrt.,"8258 Badacsonytomaj, Kert utca 12.",S,R
73607050,MKKBHUHB,MBH Bank Nyrt.,"8300 Tapolca, Fő tér 4.",S,R
73607067,MKKBHUHB,MBH Bank Nyrt.,"8300 Tapolca, Fő tér 4.",S,R
73607074,MKKBHUHB,MBH Bank Nyrt.,"8400 Ajka, Szabadság tér 11.",S,R
73607081,MKKBHUHB,MBH Bank Nyrt.,"8330 Sümeg, Kossuth Lajos utca 17.",S,R
73607098,MKKBHUHB,MBH Bank Nyrt.,"8330 Sümeg, Kossuth Lajos utca 17.",S,R
73607108,MKKBHUHB,MBH Bank Nyrt.,"8330 Sümeg, Kossuth Lajos utca 17.",S,R
73608013,MKKBHUHB,MBH Bank Nyrt.,"8174 Balatonkenese, Fő utca 23.",S,R
73608020,MKKBHUHB,MBH Bank Nyrt.,"8181 Berhida, Szabadság tér 6.",S,R
73608037,MKKBHUHB,MBH Bank Nyrt.,"8220 Balatonalmádi, Baross Gábor út 11.",S,R
73608044,MKKBHUHB,MBH Bank Nyrt.,"8100 Várpalota, Posta út 8.",S,R
73608051,MKKBHUHB,MBH Bank Nyrt.,"8200 Veszprém, Budapest út 16.",S,R
73608068,MKKBHUHB,MBH Bank Nyrt.,"8000 Székesfehérvár, Budai út 42.",S,R
73608082,MKKBHUHB,MBH Bank Nyrt.,"8164 Balatonfőkajár, Kossuth Lajos utca 16.",S,R
73609021,MKKBHUHB,MBH 103 Herend,"8440 Herend, Kossuth Lajos utca 140.",S,R
73609038,MKKBHUHB,MBH 103 Herend,"8440 Herend, Kossuth Lajos utca 140.",S,R
73609045,MKKBHUHB,MBH Bank Nyrt.,"8400 Ajka, Szabadság tér 11.",S,R
73609052,MKKBHUHB,MBH 103 Herend,"8440 Herend, Kossuth Lajos utca 140.",S,R
73609069,MKKBHUHB,MBH 103 Herend,"8440 Herend, Kossuth Lajos utca 140.",S,R
73609076,MKKBHUHB,MBH 103 Herend,"8440 Herend, Kossuth Lajos utca 140.",S,R
73609083,MKKBHUHB,MBH Bank Nyrt.,"8400 Ajka, Szabadság tér 11.",S,R
73609090,MKKBHUHB,MBH Bank Nyrt.,"8200 Veszprém, Budapest út 16.",S,R
73609100,MKKBHUHB,MBH Bank Nyrt.,"8460 Devecser, Kossuth Lajos utca 2.",S,R
73609117,MKKBHUHB,MBH Bank Nyrt.,"8460 Devecser, Kossuth Lajos utca 2.",S,R
73609124,MKKBHUHB,MBH Bank Nyrt.,"8460 Devecser, Kossuth Lajos utca 2.",S,R
73609131,MKKBHUHB,MBH Bank Nyrt.,"8501 Pápa, Zimmermann utca 1.",S,R
73609155,MKKBHUHB,MBH Bank Nyrt.,"1093 Budapest, Czuczor utca 2-10.",S,R
73609162,MKKBHUHB,MBH Bank Nyrt.,"8501 Pápa, Zimmermann utca 1.",S,R
73610021,MKKBHUHB,MBH Bank Nyrt.,"8420 Zirc, József Attila utca 4.",S,R
73610038,MKKBHUHB,MBH Bank Nyrt.,"8417 Csetény, Hunyadi utca 1.",S,R
73610045,MKKBHUHB,MBH Bank Nyrt.,"8420 Zirc, József Attila utca 4.",S,R
73610052,MKKBHUHB,MBH Bank Nyrt.,"8200 Veszprém, Budapest út 16.",S,R
73610069,MKKBHUHB,MBH Bank Nyrt.,"8200 Veszprém, Budapest út 16.",S,R
73610076,MKKBHUHB,MBH Bank Nyrt.,"8200 Veszprém, Budapest út 16.",S,R
73610083,MKKBHUHB,MBH Bank Nyrt.,"8200 Veszprém, Budapest út 16.",S,R
73610090,MKKBHUHB,MBH Bank Nyrt.,"8175 Balatonfűzfő, Bugyogóforrás utca 1.",S,R
73610100,MKKBHUHB,MBH Bank Nyrt.,"8500 Pápa, Zimmermann utca 1.",S,R
73610117,MKKBHUHB,MBH Bank Nyrt.,"1201 Budapest, Kossuth Lajos utca 32-36.",S,R
73610162,MKKBHUHB,MBH Bank Nyrt.,"8500 Pápa, Zimmermann utca 1.",S,R
73610179,MKKBHUHB,MBH Bank Nyrt.,"8501 Pápa, Zimmermann utca 1.",S,R
73611015,MKKBHUHB,MBH Bank Nyrt.,"1117 Budapest, Magyar  Tudósok körútja 9.G.épület",S,R
73611022,MKKBHUHB,MBH Bank Nyrt.,"1015 Budapest, Hattyú utca 18.",S,R
73611039,MKKBHUHB,MBH Bank Nyrt.,"8060 Mór, Deák Ferenc utca 28.",S,R
73611060,MKKBHUHB,MBH Bank Nyrt.,"2060 Bicske, Csabdi út 4.",S,R
73612016,MKKBHUHB,MBH Bank Nyrt.,"2085 Pilisvörösvár, Fő út 69.",S,R
73612023,MKKBHUHB,MBH Bank Nyrt.,"2085 Pilisvörösvár, Fő út 69.",S,R
73612030,MKKBHUHB,MBH Bank Nyrt.,"2081 Piliscsaba, Bajcsy-Zsilinszky út 14.",S,R
73612047,MKKBHUHB,MBH Bank Nyrt.,"2085 Pilisvörösvár, Fő út 69.",S,R
73612054,MKKBHUHB,MBH Bank Nyrt.,"2084 Pilisszentiván, Szabadság utca 224/3 hrsz",S,R
73612061,MKKBHUHB,MBH Bank Nyrt.,"2013 Pomáz, Kossuth Lajos utca 5.",S,R
73612078,MKKBHUHB,MBH Bank Nyrt.,"2083 Solymár, Mátyás király utca 14.",S,R
73612085,MKKBHUHB,MBH Bank Nyrt.,"2011 Budakalász, Petőfi tér 11.",S,R
73612092,MKKBHUHB,MBH Bank Nyrt.,"2094 Nagykovácsi, Kossuth Lajos utca 67.",S,R
73612102,MKKBHUHB,MBH Bank Nyrt.,"2096 Üröm, Fő tér 1.",S,R
73612119,MKKBHUHB,MBH Bank Nyrt.,"2081 Piliscsaba, Bajcsy-Zsilinszky út 14.",S,R
73612126,MKKBHUHB,MBH Bank Nyrt.,"2013 Pomáz, Kossuth Lajos utca 5.",S,R
73612133,MKKBHUHB,MBH Bank Nyrt.,"1033 Budapest, Flórián tér 4-5.",S,R
73612140,MKKBHUHB,MBH Bank Nyrt.,"1033 Budapest, Flórián tér 4-5.",S,R
73612157,MKKBHUHB,MBH Győr ETO Park,"9021 Győr, Nagysándor József utca 31.",S,R
73612164,MKKBHUHB,MBH Bank Nyrt.,"2085 Pilisvörösvár, Fő út 69.",S,R
73613017,MKKBHUHB,MBH Bank Nyrt.,"2023 Dunabogdány, Hajó utca 3.",S,R
73613024,MKKBHUHB,MBH Bank Nyrt.,"2021 Tahitótfalu, Petőfi Sándor utca 27.",S,R
73613031,MKKBHUHB,MBH Bank Nyrt.,"2025 Visegrád, Rév utca 9.",S,R
73613048,MKKBHUHB,MBH Bank Nyrt.,"2021 Tahitótfalu, Petőfi Sándor utca 27.",S,R
73613055,MKKBHUHB,MBH Bank Nyrt.,"2130 Göd, Pesti út 93.",S,R
73613062,MKKBHUHB,MBH Bank Nyrt.,"2130 Göd, Pesti út 93.",S,R
73613079,MKKBHUHB,MBH Bank Nyrt.,"2000 Szentendre, Kossuth Lajos utca 22.",S,R
73613086,MKKBHUHB,MBH Bank Nyrt.,"2016 Leányfalu, Móricz Zsigmond út 128/A",S,R
73613093,MKKBHUHB,MBH Bank Nyrt.,"2021 Tahitótfalu, Petőfi Sándor utca 27.",S,R
73613103,MKKBHUHB,MBH Bank Nyrt.,"2134 Sződ, Dózsa György út 102.",S,R
73613110,MKKBHUHB,MBH Bank Nyrt.,"2133 Sződliget, Dr. Kemény József utca 30.",S,R
73613127,MKKBHUHB,MBH Bank Nyrt.,"2028 Pilismarót, Köztársaság tér 17.",S,R
73613134,MKKBHUHB,MBH Bank Nyrt.,"2541 Lábatlan, Rákóczi  Ferenc út 138-140.",S,R
73614018,MKKBHUHB,MBH Bank Nyrt.,"8400 Ajka, Szabadság tér 11.",S,R
73614025,MKKBHUHB,MBH Bank Nyrt.,"8230 Balatonfüred, Kossuth Lajos utca 20.",S,R
73614032,MKKBHUHB,MBH Bank Nyrt.,"8200 Veszprém, Cserhát lakótelep 7.",S,R
73614049,MKKBHUHB,MBH Bank Nyrt.,"1075 Budapest, Károly körút 7.",S,R
73614056,MKKBHUHB,MBH Bank Nyrt.,"8200 Veszprém, Cserhát lakótelep 7.",S,R
73614063,MKKBHUHB,MBH Bank Nyrt.,"8000 Székesfehérvár, Budai út 42.",S,R
73614070,MKKBHUHB,MBH Bank Nyrt.,"8291 Nagyvázsony, Kinizsi Pál utca 82.",S,R
73614087,MKKBHUHB,MBH Bank Nyrt.,"8200 Veszprém, Budapest út 16.",S,R
73614094,MKKBHUHB,MBH Bank Nyrt.,"8200 Veszprém, Cserhát lakótelep 7.",S,R
73614104,MKKBHUHB,MBH Bank Nyrt.,"8501 Pápa, Zimmermann utca 1.",S,R
73614111,MKKBHUHB,MBH Bank Nyrt.,"1075 Budapest, Károly körút 7.",S,R
73614128,MKKBHUHB,MBH Bank Nyrt.,"8300 Tapolca, Fő tér 4.",S,R
73614135,MKKBHUHB,MBH Bank Nyrt.,"8258 Badacsonytomaj, Kert utca 12.",S,R
73900009,MKKBHUHB,MBH Bank Nyrt.,"8501 Pápa, Zimmermann utca 1.",S,R
73900016,MKKBHUHB,MBH Bank Nyrt.,"8100 Várpalota, Posta út 8.",S,R
73900023,MKKBHUHB,MBH Bank Nyrt.,"8417 Csetény, Hunyadi utca 1.",S,R
73900030,MKKBHUHB,MBH Bank Nyrt.,"8420 Zirc, József Attila utca 4.",S,R
73900047,MKKBHUHB,MBH Bank Nyrt.,"8417 Csetény, Hunyadi utca 1.",S,R
73900054,MKKBHUHB,MBH Bank Nyrt.,"8420 Zirc, József Attila utca 4.",S,R
73900061,MKKBHUHB,MBH Bank Nyrt.,"8200 Veszprém, Budapest út 16.",S,R
73900078,MKKBHUHB,MBH Bank Nyrt.,"8200 Veszprém, Budapest út 16.",S,R
73900085,MKKBHUHB,MBH Bank Nyrt.,"8200 Veszprém, Budapest út 16.",S,R
73900092,MKKBHUHB,MBH Bank Nyrt.,"8200 Veszprém, Budapest út 16.",S,R
73900102,MKKBHUHB,MBH Bank Nyrt.,"8175 Balatonfűzfő, Bugyogóforrás utca 1.",S,R
73900119,MKKBHUHB,MBH Bank Nyrt.,"8200 Veszprém, Budapest út 16.",S,R
73900157,MKKBHUHB,MBH Bank Nyrt.,"8500 Pápa, Zimmermann utca 1.",S,R
73900164,MKKBHUHB,MBH Bank Nyrt.,"8100 Várpalota, Posta út 8.",S,R
73900195,MKKBHUHB,MBH Bank Nyrt.,"1201 Budapest, Kossuth Lajos utca 32-36.",S,R
73900212,MKKBHUHB,MBH Bank Nyrt.,"8100 Várpalota, Posta út 8.",S,R
73900229,MKKBHUHB,MBH Bank Nyrt.,"8420 Zirc, József Attila utca 4.",S,R
73900236,MKKBHUHB,MBH Bank Nyrt.,"8200 Veszprém, Budapest út 16.",S,R
73900243,MKKBHUHB,MBH Bank Nyrt.,"8420 Zirc, József Attila utca 4.",S,R
73900315,MKKBHUHB,MBH Bank Nyrt.,"8420 Zirc, József Attila utca 4.",S,R
73900425,MKKBHUHB,MBH Bank Nyrt.,"8500 Pápa, Zimmermann utca 1.",S,R
73900432,MKKBHUHB,MBH Bank Nyrt.,"8501 Pápa, Zimmermann utca 1.",S,R
73900456,MKKBHUHB,MBH Bank Nyrt.,"8500 Pápa, Zimmermann utca 1.",S,R
74000009,MKKBHUHB,MBH Bank Nyrt.,"8945 Bak, Széchenyi tér 2.",S,R
74000119,MKKBHUHB,MBH Bank Nyrt.,"8945 Bak, Széchenyi tér 2.",S,R
74000212,MKKBHUHB,MBH Bank Nyrt.,"8945 Bak, Széchenyi tér 2.",S,R
74000229,MKKBHUHB,MBH Bank Nyrt.,"8800 Nagykanizsa, Erzsébet tér 1.",S,R
74000236,MKKBHUHB,MBH Bank Nyrt.,"8900 Zalaegerszeg, Eötvös József utca 1-3.",S,R
74000243,MKKBHUHB,MBH Bank Nyrt.,"8945 Bak, Széchenyi tér 2.",S,R
74000250,MKKBHUHB,MBH Bank Nyrt.,"8800 Nagykanizsa, Erzsébet tér 1.",S,R
74000267,MKKBHUHB,MBH Bank Nyrt.,"8900 Zalaegerszeg, Eötvös József utca 1-3.",S,R
74000274,MKKBHUHB,MBH Bank Nyrt.,"8960 Lenti, Kossuth út 4.",S,R
74000315,MKKBHUHB,MBH Bank Nyrt.,"8945 Bak, Széchenyi tér 2.",S,R
74000418,MKKBHUHB,MBH Bank Nyrt.,"8761 Pacsa, József Attila utca 3.",S,R
74000425,MKKBHUHB,MBH Bank Nyrt.,"8900 Zalaegerszeg, Eötvös  József utca 1-3.",S,R
74000432,MKKBHUHB,MBH Bank Nyrt.,"8800 Nagykanizsa, Erzsébet tér 1.",S,R
74000449,MKKBHUHB,MBH Bank Nyrt.,"8900 Zalaegerszeg, Eötvös József utca 1-3.",S,R
74000456,MKKBHUHB,MBH Bank Nyrt.,"8761 Pacsa, József Attila utca 3.",S,R
74000511,MKKBHUHB,MBH Bank Nyrt.,"8800 Nagykanizsa, Erzsébet tér 1.",S,R
74000528,MKKBHUHB,MBH Bank Nyrt.,"8800 Nagykanizsa, Erzsébet tér 1.",S,R
74000535,MKKBHUHB,MBH Bank Nyrt.,"8800 Nagykanizsa, Erzsébet tér 1.",S,R
74000542,MKKBHUHB,MBH Bank Nyrt.,"8800 Nagykanizsa, Erzsébet tér 1.",S,R
74000559,MKKBHUHB,MBH Bank Nyrt.,"8800 Nagykanizsa, Erzsébet tér 1.",S,R
74500114,MKKBHUHB,MBH Bank Nyrt.,"8380 Hévíz, Széchenyi utca 66.",S,R
74500217,MKKBHUHB,MBH Bank Nyrt.,"8380 Hévíz, Széchenyi utca 66.",S,R
74500231,MKKBHUHB,MBH Bank Nyrt.,"8360 Keszthely, Bem utca 23.",S,R
74500248,MKKBHUHB,MBH Bank Nyrt.,"8315 Gyenesdiás, Kossuth Lajos utca 45.",S,R
74500255,MKKBHUHB,MBH Bank Nyrt.,"8380 Hévíz, Széchenyi utca 66.",S,R
74500262,MKKBHUHB,MBH Bank Nyrt.,"8360 Keszthely, Bem utca 23.",S,R
74500279,MKKBHUHB,MBH Bank Nyrt.,"8360 Keszthely, Bem utca 23.",S,R
74500286,MKKBHUHB,MBH Bank Nyrt.,"8315 Gyenesdiás, Kossuth Lajos utca 45.",S,R
74500293,MKKBHUHB,MBH Bank Nyrt.,"8360 Keszthely, Bem utca 23.",S,R
74500303,MKKBHUHB,MBH Bank Nyrt.,"8380 Hévíz, Széchenyi utca 66.",S,R
74500310,MKKBHUHB,MBH Bank Nyrt.,"8788 Zalaszentlászló, Kossuth Lajos utca 18.",S,R
74500327,MKKBHUHB,MBH Bank Nyrt.,"8360 Keszthely, Bem utca 23.",S,R
74500334,MKKBHUHB,MBH Bank Nyrt.,"8360 Keszthely, Bem utca 23.",S,R
74500341,MKKBHUHB,MBH Bank Nyrt.,"8900 Zalaegerszeg, Eötvös József utca 1-3.",S,R
74500358,MKKBHUHB,MBH Bank Nyrt.,"8800 Nagykanizsa, Erzsébet tér 1.",S,R
74500365,MKKBHUHB,MBH Bank Nyrt.,"8788 Zalaszentlászló, Kossuth Lajos utca 18.",S,R
74500516,MKKBHUHB,MBH Bank Nyrt.,"8315 Gyenesdiás, Kossuth Lajos utca 45.",S,R
74500994,MKKBHUHB,MBH Bank Nyrt.,"8380 Hévíz, Széchenyi utca 66.",S,R
75000112,MKKBHUHB,MBH Bank Nyrt.,"8749 Zalakaros, Petőfi utca 48.",S,R
75000129,MKKBHUHB,MBH Bank Nyrt.,"8800 Nagykanizsa, Erzsébet tér 1.",S,R
75000215,MKKBHUHB,MBH Bank Nyrt.,"8749 Zalakaros, Petőfi utca 48.",S,R
75000222,MKKBHUHB,MBH Bank Nyrt.,"8754 Galambok, Ady Endre út 4/A",S,R
75000239,MKKBHUHB,MBH Bank Nyrt.,"8754 Galambok, Ady Endre út 4/A",S,R
75000246,MKKBHUHB,MBH Bank Nyrt.,"8749 Zalakaros, Petőfi utca 48.",S,R
75000253,MKKBHUHB,MBH Bank Nyrt.,"8868 Letenye, Kossuth Lajos utca 15.",S,R
75000260,MKKBHUHB,MBH Bank Nyrt.,"8868 Letenye, Kossuth Lajos utca 15.",S,R
75000277,MKKBHUHB,MBH Bank Nyrt.,"8800 Nagykanizsa, Erzsébet tér 1.",S,R
75000284,MKKBHUHB,MBH Bank Nyrt.,"8868 Letenye, Kossuth Lajos utca 15.",S,R
75000291,MKKBHUHB,MBH Bank Nyrt.,"8800 Nagykanizsa, Erzsébet tér 1.",S,R
75000301,MKKBHUHB,MBH Bank Nyrt.,"8868 Letenye, Kossuth Lajos utca 15.",S,R
75000325,MKKBHUHB,MBH Bank Nyrt.,"8960 Lenti, Kossuth út 4.",S,R
75000332,MKKBHUHB,MBH Bank Nyrt.,"8960 Lenti, Kossuth út 4.",S,R
75000349,MKKBHUHB,MBH Bank Nyrt.,"8960 Lenti, Kossuth út 4.",S,R
75000356,MKKBHUHB,MBH Bank Nyrt.,"8960 Lenti, Kossuth út 4.",S,R
75000363,MKKBHUHB,MBH Bank Nyrt.,"8960 Lenti, Kossuth út 4.",S,R
75000370,MKKBHUHB,MBH Bank Nyrt.,"8960 Lenti, Kossuth út 4.",S,R
75500007,MKKBHUHB,MBH Bank Nyrt.,"8945 Bak, Széchenyi tér 2.",S,R
75500117,MKKBHUHB,MBH Bank Nyrt.,"8900 Zalaegerszeg, Eötvös József utca 1-3.",S,R
75500210,MKKBHUHB,MBH Bank Nyrt.,"8900 Zalaegerszeg, Eötvös József utca 1-3.",S,R
75500227,MKKBHUHB,MBH Bank Nyrt.,"8900 Zalaegerszeg, Eötvös József utca 1-3.",S,R
75500234,MKKBHUHB,MBH Bank Nyrt.,"8900 Zalaegerszeg, Eötvös József utca 1-3.",S,R
75500241,MKKBHUHB,MBH Bank Nyrt.,"8900 Zalaegerszeg, Eötvös  József utca 1-3.",S,R
75500258,MKKBHUHB,MBH Bank Nyrt.,"8900 Zalaegerszeg, Eötvös József utca 1-3.",S,R
75500265,MKKBHUHB,MBH Bank Nyrt.,"8900 Zalaegerszeg, Eötvös  József utca 1-3.",S,R
75500289,MKKBHUHB,MBH Bank Nyrt.,"8900 Zalaegerszeg, Eötvös  József utca 1-3.",S,R
75500296,MKKBHUHB,MBH Bank Nyrt.,"8790 Zalaszentgrót, Nefelejcs utca 1.",S,R
75500313,MKKBHUHB,MBH Bank Nyrt.,"8999 Zalalövő, Petőfi Sándor utca 2.",S,R
75500320,MKKBHUHB,MBH Bank Nyrt.,"8790 Zalaszentgrót, Nefelejcs utca 1.",S,R
75500337,MKKBHUHB,MBH Bank Nyrt.,"8900 Zalaegerszeg, Eötvös  József utca 1-3.",S,R
75500612,MKKBHUHB,MBH Bank Nyrt.,"8999 Zalalövő, Petőfi Sándor utca 2.",S,R
75500629,MKKBHUHB,MBH Bank Nyrt.,"8999 Zalalövő, Petőfi Sándor utca 2.",S,R
75500801,MKKBHUHB,MBH Bank Nyrt.,"8900 Zalaegerszeg, Eötvös József utca 1-3.",S,R
75700104,MKKBHUHB,MBH Bank Nyrt.,"3170 Szécsény, Rákóczi út 71.",S,R
75700207,MKKBHUHB,MBH Bank Nyrt.,"3170 Szécsény, Rákóczi út 71.",S,R
75700300,MKKBHUHB,MBH Bank Nyrt.,"3170 Szécsény, Rákóczi út 71.",S,R
75700403,MKKBHUHB,MBH Bank Nyrt.,"3170 Szécsény, Rákóczi út 71.",S,R
75700506,MKKBHUHB,MBH Bank Nyrt.,"3170 Szécsény, Rákóczi út 71.",S,R
75700609,MKKBHUHB,MBH Bank Nyrt.,"3170 Szécsény, Rákóczi út 71.",S,R
75700702,MKKBHUHB,MBH Bank Nyrt.,"3170 Szécsény, Rákóczi út 71.",S,R
80300009,MKKBHUHB,MBH Bank Nyrt.,"4033 Debrecen, Mátyás király utca 29.",S,R
80300016,MKKBHUHB,MBH Bank Nyrt.,"4130 Derecske, Rákóczi út 2.",S,R
80300023,MKKBHUHB,MBH Bank Nyrt.,"4281 Létavértes, Baross utca 1.",S,R
80300030,MKKBHUHB,MBH Bank Nyrt.,"5525 Füzesgyarmat, Mátyás utca 2.",S,R
80300047,MKKBHUHB,MBH Bank Nyrt.,"4087 Hajdúdorog, Tokaji út 6.",S,R
80300061,MKKBHUHB,MBH Bank Nyrt.,"4130 Derecske, Rákóczi út 2.",S,R
80300078,MKKBHUHB,MBH Bank Nyrt.,"4220 Hajdúböszörmény, Kossuth Lajos utca 5.",S,R
80600017,MKKBHUHB,MBH Bank Nyrt.,"6600 Szentes, Szabadság tér 2.",S,R
88000019,FLTPHUHB,Fundamenta-Lakáskassza Zrt.,"1123 Budapest, Alkotás utca 55-61.",S,R
88100016,OTPVHUHB,OTP Lakástakarékpénztár Zrt.,"1051 Budapest, Nádor utca 21.",S,R
88291015,FLTPHUHB,Fundamenta-Lakáskassza Zrt.,"1123 Budapest, Alkotás utca 55-61.",S,R
88292016,FLTPHUHB,Fundamenta-Lakáskassza Zrt.,"1123 Budapest, Alkotás utca 55-61.",S,R
88293017,FLTPHUHB,Fundamenta-Lakáskassza Zrt.,"1123 Budapest, Alkotás utca 55-61.",S,R
88294018,FLTPHUHB,Fundamenta-Lakáskassza Zrt.,"1123 Budapest, Alkotás utca 55-61.",S,R
88301004,FLTPHUHB,Fundamenta-Lakáskassza Zrt.,"1123 Budapest, Alkotás utca 55-61.",S,R
88411110,OTPJHUHB,OTP Jelzálogbank Zrt.,"1051 Budapest, Nádor utca 21.",S,R
88800015,OKHBHUHB,K&H Jelzálogbank Zrt.,"1095 Budapest, Lechner Ödön fasor 9.",,
90300000,HUPOHUHB,Postai Elszámoló Központ,"1201 Budapest, Nagysándor József utca 1-5.",S,R