"CountryCode","LookupKey","Bic","BankCode","BranchCode","BankName","Source"
"PL","10100000","NBPLPLPWXXX","10100000","","Narodowy Bank Polski","Polish bank register (plewiba.xml)"
"PL","10100055","NBPLPLPWXXX","10100055","","Narodowy Bank Polski","Polish bank register (plewiba.xml)"
"PL","10100068","NBPLPLPWXXX","10100068","","Narodowy Bank Polski","Polish bank register (plewiba.xml)"
"PL","10100071","NBPLPLPWXXX","10100071","","Narodowy Bank Polski","Polish bank register (plewiba.xml)"
"PL","10101010","NBPLPLPWXXX","10101010","","Narodowy Bank Polski","Polish bank register (plewiba.xml)"
"PL","10101023","NBPLPLPWXXX","10101023","","Narodowy Bank Polski","Polish bank register (plewiba.xml)"
"PL","10101049","NBPLPLPWXXX","10101049","","Narodowy Bank Polski","Polish bank register (plewiba.xml)"
"PL","10101078","NBPLPLPWXXX","10101078","","Narodowy Bank Polski","Polish bank register (plewiba.xml)"
"PL","10101140","NBPLPLPWXXX","10101140","","Narodowy Bank Polski","Polish bank register (plewiba.xml)"
"PL","10101212","NBPLPLPWXXX","10101212","","Narodowy Bank Polski","Polish bank register (plewiba.xml)"
"PL","10101238","NBPLPLPWXXX","10101238","","Narodowy Bank Polski","Polish bank register (plewiba.xml)"
"PL","10101270","NBPLPLPWXXX","10101270","","Narodowy Bank Polski","Polish bank register (plewiba.xml)"
"PL","10101339","NBPLPLPWXXX","10101339","","Narodowy Bank Polski","Polish bank register (plewiba.xml)"
"PL","10101371","NBPLPLPWXXX","10101371","","Narodowy Bank Polski","Polish bank register (plewiba.xml)"
"PL","10101397","NBPLPLPWXXX","10101397","","Narodowy Bank Polski","Polish bank register (plewiba.xml)"
"PL","10101401","NBPLPLPWXXX","10101401","","Narodowy Bank Polski","Polish bank register (plewiba.xml)"
"PL","10101469","NBPLPLPWXXX","10101469","","Narodowy Bank Polski","Polish bank register (plewiba.xml)"
"PL","10101528","NBPLPLPWXXX","10101528","","Narodowy Bank Polski","Polish bank register (plewiba.xml)"
"PL","10101599","NBPLPLPWXXX","10101599","","Narodowy Bank Polski","Polish bank register (plewiba.xml)"
"PL","10101674","NBPLPLPWXXX","10101674","","Narodowy Bank Polski","Polish bank register (plewiba.xml)"
"PL","10101704","NBPLPLPWXXX","10101704","","Narodowy Bank Polski","Polish bank register (plewiba.xml)"
"PL","10200003","BPKOPLPWXXX","10200003","","Powszechna Kasa Oszczędności Bank Polski Spółka Akcyjna","Polish bank register (plewiba.xml)"
"PL","10200016","BPKOPLPWXXX","10200016","","Powszechna Kasa Oszczędności Bank Polski Spółka Akcyjna","Polish bank register (plewiba.xml)"
"PL","10200029","BPKOPLPWXXX","10200029","","Powszechna Kasa Oszczędności Bank Polski Spółka Akcyjna","Polish bank register (plewiba.xml)"
"PL","10200032","BPKOPLPWXXX","10200032","","Powszechna Kasa Oszczędności Bank Polski Spółka Akcyjna","Polish bank register (plewiba.xml)"
"PL","10200045","BPKOPLPWXXX","10200045","","Powszechna Kasa Oszczędności Bank Polski Spółka Akcyjna","Polish bank register (plewiba.xml)"
"PL","10200058","BPKOPLPWXXX","10200058","","Powszechna Kasa Oszczędności Bank Polski Spółka Akcyjna","Polish bank register (plewiba.xml)"
"PL","10200061","BPKOPLPWXXX","10200061","","Powszechna Kasa Oszczędności Bank Polski Spółka Akcyjna","Polish bank register (plewiba.xml)"
"PL","10200074","BPKOPLPWXXX","10200074","","Powszechna Kasa Oszczędności Bank Polski Spółka Akcyjna","Polish bank register (plewiba.xml)"
"PL","10200117","BPKOPLPWXXX","10200117","","Powszechna Kasa Oszczędności Bank Polski Spółka Akcyjna","Polish bank register (plewiba.xml)"
"PL","10200120","BPKOPLPWXXX","10200120","","Powszechna Kasa Oszczędności Bank Polski Spółka Akcyjna","Polish bank register (plewiba.xml)"
"PL","10200133","BPKOPLPWXXX","10200133","","Powszechna Kasa Oszczędności Bank Polski Spółka Akcyjna","Polish bank register (plewiba.xml)"
"PL","10200146","BPKOPLPWXXX","10200146","","Powszechna Kasa Oszczędności Bank Polski Spółka Akcyjna","Polish bank register (plewiba.xml)"
"PL","10200159","BPKOPLPWXXX","10200159","","Powszechna Kasa Oszczędności Bank Polski Spółka Akcyjna","Polish bank register (plewiba.xml)"
"PL","10200162","BPKOPLPWXXX","10200162","","Powszechna Kasa Oszczędności Bank Polski Spółka Akcyjna","Polish bank register (plewiba.xml)"
"PL","10200175","BPKOPLPWXXX","10200175","","Powszechna Kasa Oszczędności Bank Polski Spółka Akcyjna","Polish bank register (plewiba.xml)"
"PL","10200188","BPKOPLPWXXX","10200188","","Powszechna Kasa Oszczędności Bank Polski Spółka Akcyjna","Polish bank register (plewiba.xml)"
"PL","10200191","BPKOPLPWXXX","10200191","","Powszechna Kasa Oszczędności Bank Polski Spółka Akcyjna","Polish bank register (plewiba.xml)"
"PL","10200205","BPKOPLPWXXX","10200205","","Powszechna Kasa Oszczędności Bank Polski Spółka Akcyjna","Polish bank register (plewiba.xml)"
"PL","10200218","BPKOPLPWXXX","10200218","","Powszechna Kasa Oszczędności Bank Polski Spółka Akcyjna","Polish bank register (plewiba.xml)"
"PL","10200221","BPKOPLPWXXX","10200221","","Powszechna Kasa Oszczędności Bank Polski Spółka Akcyjna","Polish bank register (plewiba.xml)"
"PL","10200234","BPKOPLPWXXX","10200234","","Powszechna Kasa Oszczędności Bank Polski Spółka Akcyjna","Polish bank register (plewiba.xml)"
"PL","10200247","BPKOPLPWXXX","10200247","","Powszechna Kasa Oszczędności Bank Polski Spółka Akcyjna","Polish bank register (plewiba.xml)"
"PL","10200250","BPKOPLPWXXX","10200250","","Powszechna Kasa Oszczędności Bank Polski Spółka Akcyjna","Polish bank register (plewiba.xml)"
"PL","10200263","BPKOPLPWXXX","10200263","","Powszechna Kasa Oszczędności Bank Polski Spółka Akcyjna","Polish bank register (plewiba.xml)"
"PL","10200276","BPKOPLPWXXX","10200276","","Powszechna Kasa Oszczędności Bank Polski Spółka Akcyjna","Polish bank register (plewiba.xml)"
"PL","10201013","BPKOPLPWXXX","10201013","","Powszechna Kasa Oszczędności Bank Polski Spółka Akcyjna","Polish bank register (plewiba.xml)"
"PL","10201026","BPKOPLPWXXX","10201026","","Powszechna Kasa Oszczędności Bank Polski Spółka Akcyjna","Polish bank register (plewiba.xml)"
"PL","10201042","BPKOPLPWXXX","10201042","","Powszechna Kasa Oszczędności Bank Polski Spółka Akcyjna","Polish bank register (plewiba.xml)"
"PL","10201055","BPKOPLPWXXX","10201055","","Powszechna Kasa Oszczędności Bank Polski Spółka Akcyjna","Polish bank register (plewiba.xml)"
"PL","10201068","BPKOPLPWXXX","10201068","","Powszechna Kasa Oszczędności Bank Polski Spółka Akcyjna","Polish bank register (plewiba.xml)"
"PL","10201097","BPKOPLPWXXX","10201097","","Powszechna Kasa Oszczędności Bank Polski Spółka Akcyjna","Polish bank register (plewiba.xml)"
"PL","10201127","BPKOPLPWXXX","10201127","","Powszechna Kasa Oszczędności Bank Polski Spółka Akcyjna","Polish bank register (plewiba.xml)"
"PL","10201156","BPKOPLPWXXX","10201156","","Powszechna Kasa Oszczędności Bank Polski Spółka Akcyjna","Polish bank register (plewiba.xml)"
"PL","10201169","BPKOPLPWXXX","10201169","","Powszechna Kasa Oszczędności Bank Polski Spółka Akcyjna","Polish bank register (plewiba.xml)"
"PL","10201185","BPKOPLPWXXX","10201185","","Powszechna Kasa Oszczędności Bank Polski Spółka Akcyjna","Polish bank register (plewiba.xml)"
"PL","10201260","BPKOPLPWXXX","10201260","","Powszechna Kasa Oszczędności Bank Polski Spółka Akcyjna","Polish bank register (plewiba.xml)"
"PL","10201332","BPKOPLPWXXX","10201332","","Powszechna Kasa Oszczędności Bank Polski Spółka Akcyjna","Polish bank register (plewiba.xml)"
"PL","10201390","BPKOPLPWXXX","10201390","","Powszechna Kasa Oszczędności Bank Polski Spółka Akcyjna","Polish bank register (plewiba.xml)"
"PL","10201433","BPKOPLPWXXX","10201433","","Powszechna Kasa Oszczędności Bank Polski Spółka Akcyjna","Polish bank register (plewiba.xml)"
"PL","10201462","BPKOPLPWXXX","10201462","","Powszechna Kasa Oszczędności Bank Polski Spółka Akcyjna","Polish bank register (plewiba.xml)"
"PL","10201475","BPKOPLPWXXX","10201475","","Powszechna Kasa Oszczędności Bank Polski Spółka Akcyjna","Polish bank register (plewiba.xml)"
"PL","10201491","BPKOPLPWXXX","10201491","","Powszechna Kasa Oszczędności Bank Polski Spółka Akcyjna","Polish bank register (plewiba.xml)"
"PL","10201505","BPKOPLPWXXX","10201505","","Powszechna Kasa Oszczędności Bank Polski Spółka Akcyjna","Polish bank register (plewiba.xml)"
"PL","10201563","BPKOPLPWXXX","10201563","","Powszechna Kasa Oszczędności Bank Polski Spółka Akcyjna","Polish bank register (plewiba.xml)"
"PL","10201592","BPKOPLPWXXX","10201592","","Powszechna Kasa Oszczędności Bank Polski Spółka Akcyjna","Polish bank register (plewiba.xml)"
"PL","10201664","BPKOPLPWXXX","10201664","","Powszechna Kasa Oszczędności Bank Polski Spółka Akcyjna","Polish bank register (plewiba.xml)"
"PL","10201752","BPKOPLPWXXX","10201752","","Powszechna Kasa Oszczędności Bank Polski Spółka Akcyjna","Polish bank register (plewiba.xml)"
"PL","10201778","BPKOPLPWXXX","10201778","","Powszechna Kasa Oszczędności Bank Polski Spółka Akcyjna","Polish bank register (plewiba.xml)"
"PL","10201811","BPKOPLPWXXX","10201811","","Powszechna Kasa Oszczędności Bank Polski Spółka Akcyjna","Polish bank register (plewiba.xml)"
"PL","10201853","BPKOPLPWXXX","10201853","","Powszechna Kasa Oszczędności Bank Polski Spółka Akcyjna","Polish bank register (plewiba.xml)"
"PL","10201866","BPKOPLPWXXX","10201866","","Powszechna Kasa Oszczędności Bank Polski Spółka Akcyjna","Polish bank register (plewiba.xml)"
"PL","10201879","BPKOPLPWXXX","10201879","","Powszechna Kasa Oszczędności Bank Polski Spółka Akcyjna","Polish bank register (plewiba.xml)"
"PL","10201909","BPKOPLPWXXX","10201909","","Powszechna Kasa Oszczędności Bank Polski Spółka Akcyjna","Polish bank register (plewiba.xml)"
"PL","10201912","BPKOPLPWXXX","10201912","","Powszechna Kasa Oszczędności Bank Polski Spółka Akcyjna","Polish bank register (plewiba.xml)"
"PL","10201954","BPKOPLPWXXX","10201954","","Powszechna Kasa Oszczędności Bank Polski Spółka Akcyjna","Polish bank register (plewiba.xml)"
"PL","10201967","BPKOPLPWXXX","10201967","","Powszechna Kasa Oszczędności Bank Polski Spółka Akcyjna","Polish bank register (plewiba.xml)"
"PL","10202036","BPKOPLPWXXX","10202036","","Powszechna Kasa Oszczędności Bank Polski Spółka Akcyjna","Polish bank register (plewiba.xml)"
"PL","10202124","BPKOPLPWXXX","10202124","","Powszechna Kasa Oszczędności Bank Polski Spółka Akcyjna","Polish bank register (plewiba.xml)"
"PL","10202137","BPKOPLPWXXX","10202137","","Powszechna Kasa Oszczędności Bank Polski Spółka Akcyjna","Polish bank register (plewiba.xml)"
"PL","10202212","BPKOPLPWXXX","10202212","","Powszechna Kasa Oszczędności Bank Polski Spółka Akcyjna","Polish bank register (plewiba.xml)"
"PL","10202241","BPKOPLPWXXX","10202241","","Powszechna Kasa Oszczędności Bank Polski Spółka Akcyjna","Polish bank register (plewiba.xml)"
"PL","10202267","BPKOPLPWXXX","10202267","","Powszechna Kasa Oszczędności Bank Polski Spółka Akcyjna","Polish bank register (plewiba.xml)"
"PL","10202313","BPKOPLPWXXX","10202313","","Powszechna Kasa Oszczędności Bank Polski Spółka Akcyjna","Polish bank register (plewiba.xml)"
"PL","10202368","BPKOPLPWXXX","10202368","","Powszechna Kasa Oszczędności Bank Polski Spółka Akcyjna","Polish bank register (plewiba.xml)"
"PL","10202384","BPKOPLPWXXX","10202384","","Powszechna Kasa Oszczędności Bank Polski Spółka Akcyjna","Polish bank register (plewiba.xml)"
"PL","10202401","BPKOPLPWXXX","10202401","","Powszechna Kasa Oszczędności Bank Polski Spółka Akcyjna","Polish bank register (plewiba.xml)"
"PL","10202430","BPKOPLPWXXX","10202430","","Powszechna Kasa Oszczędności Bank Polski Spółka Akcyjna","Polish bank register (plewiba.xml)"
"PL","10202472","BPKOPLPWXXX","10202472","","Powszechna Kasa Oszczędności Bank Polski Spółka Akcyjna","Polish bank register (plewiba.xml)"
"PL","10202498","BPKOPLPWXXX","10202498","","Powszechna Kasa Oszczędności Bank Polski Spółka Akcyjna","Polish bank register (plewiba.xml)"
"PL","10202528","BPKOPLPWXXX","10202528","","Powszechna Kasa Oszczędności Bank Polski Spółka Akcyjna","Polish bank register (plewiba.xml)"
"PL","10202629","BPKOPLPWXXX","10202629","","Powszechna Kasa Oszczędności Bank Polski Spółka Akcyjna","Polish bank register (plewiba.xml)"
"PL","10202645","BPKOPLPWXXX","10202645","","Powszechna Kasa Oszczędności Bank Polski Spółka Akcyjna","Polish bank register (plewiba.xml)"
"PL","10202674","BPKOPLPWXXX","10202674","","Powszechna Kasa Oszczędności Bank Polski Spółka Akcyjna","Polish bank register (plewiba.xml)"
"PL","10202733","BPKOPLPWXXX","10202733","","Powszechna Kasa Oszczędności Bank Polski Spółka Akcyjna","Polish bank register (plewiba.xml)"
"PL","10202746","BPKOPLPWXXX","10202746","","Powszechna Kasa Oszczędności Bank Polski Spółka Akcyjna","Polish bank register (plewiba.xml)"
"PL","10202762","BPKOPLPWXXX","10202762","","Powszechna Kasa Oszczędności Bank Polski Spółka Akcyjna","Polish bank register (plewiba.xml)"
"PL","10202791","BPKOPLPWXXX","10202791","","Powszechna Kasa Oszczędności Bank Polski Spółka Akcyjna","Polish bank register (plewiba.xml)"
"PL","10202821","BPKOPLPWXXX","10202821","","Powszechna Kasa Oszczędności Bank Polski Spółka Akcyjna","Polish bank register (plewiba.xml)"
"PL","10202847","BPKOPLPWXXX","10202847","","Powszechna Kasa Oszczędności Bank Polski Spółka Akcyjna","Polish bank register (plewiba.xml)"
"PL","10202892","BPKOPLPWXXX","10202892","","Powszechna Kasa Oszczędności Bank Polski Spółka Akcyjna","Polish bank register (plewiba.xml)"
"PL","10202906","BPKOPLPWXXX","10202906","","Powszechna Kasa Oszczędności Bank Polski Spółka Akcyjna","Polish bank register (plewiba.xml)"
"PL","10202964","BPKOPLPWXXX","10202964","","Powszechna Kasa Oszczędności Bank Polski Spółka Akcyjna","Polish bank register (plewiba.xml)"
"PL","10202980","BPKOPLPWXXX","10202980","","Powszechna Kasa Oszczędności Bank Polski Spółka Akcyjna","Polish bank register (plewiba.xml)"
"PL","10203017","BPKOPLPWXXX","10203017","","Powszechna Kasa Oszczędności Bank Polski Spółka Akcyjna","Polish bank register (plewiba.xml)"
"PL","10203088","BPKOPLPWXXX","10203088","","Powszechna Kasa Oszczędności Bank Polski Spółka Akcyjna","Polish bank register (plewiba.xml)"
"PL","10203121","BPKOPLPWXXX","10203121","","Powszechna Kasa Oszczędności Bank Polski Spółka Akcyjna","Polish bank register (plewiba.xml)"
"PL","10203147","BPKOPLPWXXX","10203147","","Powszechna Kasa Oszczędności Bank Polski Spółka Akcyjna","Polish bank register (plewiba.xml)"
"PL","10203150","BPKOPLPWXXX","10203150","","Powszechna Kasa Oszczędności Bank Polski Spółka Akcyjna","Polish bank register (plewiba.xml)"
"PL","10203176","BPKOPLPWXXX","10203176","","Powszechna Kasa Oszczędności Bank Polski Spółka Akcyjna","Polish bank register (plewiba.xml)"
"PL","10203206","BPKOPLPWXXX","10203206","","Powszechna Kasa Oszczędności Bank Polski Spółka Akcyjna","Polish bank register (plewiba.xml)"
"PL","10203219","BPKOPLPWXXX","10203219","","Powszechna Kasa Oszczędności Bank Polski Spółka Akcyjna","Polish bank register (plewiba.xml)"
"PL","10203235","BPKOPLPWXXX","10203235","","Powszechna Kasa Oszczędności Bank Polski Spółka Akcyjna","Polish bank register (plewiba.xml)"
"PL","10203352","BPKOPLPWXXX","10203352","","Powszechna Kasa Oszczędności Bank Polski Spółka Akcyjna","Polish bank register (plewiba.xml)"
"PL","10203378","BPKOPLPWXXX","10203378","","Powszechna Kasa Oszczędności Bank Polski Spółka Akcyjna","Polish bank register (plewiba.xml)"
"PL","10203408","BPKOPLPWXXX","10203408","","Powszechna Kasa Oszczędności Bank Polski Spółka Akcyjna","Polish bank register (plewiba.xml)"
"PL","10203437","BPKOPLPWXXX","10203437","","Powszechna Kasa Oszczędności Bank Polski Spółka Akcyjna","Polish bank register (plewiba.xml)"
"PL","10203440","BPKOPLPWXXX","10203440","","Powszechna Kasa Oszczędności Bank Polski Spółka Akcyjna","Polish bank register (plewiba.xml)"
"PL","10203453","BPKOPLPWXXX","10203453","","Powszechna Kasa Oszczędności Bank Polski Spółka Akcyjna","Polish bank register (plewiba.xml)"
"PL","10203466","BPKOPLPWXXX","10203466","","Powszechna Kasa Oszczędności Bank Polski Spółka Akcyjna","Polish bank register (plewiba.xml)"
"PL","10203541","BPKOPLPWXXX","10203541","","Powszechna Kasa Oszczędności Bank Polski Spółka Akcyjna","Polish bank register (plewiba.xml)"
"PL","10203570","BPKOPLPWXXX","10203570","","Powszechna Kasa Oszczędności Bank Polski Spółka Akcyjna","Polish bank register (plewiba.xml)"
"PL","10203583","BPKOPLPWXXX","10203583","","Powszechna Kasa Oszczędności Bank Polski Spółka Akcyjna","Polish bank register (plewiba.xml)"
"PL","10203613","BPKOPLPWXXX","10203613","","Powszechna Kasa Oszczędności Bank Polski Spółka Akcyjna","Polish bank register (plewiba.xml)"
"PL","10203639","BPKOPLPWXXX","10203639","","Powszechna Kasa Oszczędności Bank Polski Spółka Akcyjna","Polish bank register (plewiba.xml)"
"PL","10203668","BPKOPLPWXXX","10203668","","Powszechna Kasa Oszczędności Bank Polski Spółka Akcyjna","Polish bank register (plewiba.xml)"
"PL","10203714","BPKOPLPWXXX","10203714","","Powszechna Kasa Oszczędności Bank Polski Spółka Akcyjna","Polish bank register (plewiba.xml)"
"PL","10203802","BPKOPLPWXXX","10203802","","Powszechna Kasa Oszczędności Bank Polski Spółka Akcyjna","Polish bank register (plewiba.xml)"
"PL","10203844","BPKOPLPWXXX","10203844","","Powszechna Kasa Oszczędności Bank Polski Spółka Akcyjna","Polish bank register (plewiba.xml)"
"PL","10203903","BPKOPLPWXXX","10203903","","Powszechna Kasa Oszczędności Bank Polski Spółka Akcyjna","Polish bank register (plewiba.xml)"
"PL","10203916","BPKOPLPWXXX","10203916","","Powszechna Kasa Oszczędności Bank Polski Spółka Akcyjna","Polish bank register (plewiba.xml)"
"PL","10203958","BPKOPLPWXXX","10203958","","Powszechna Kasa Oszczędności Bank Polski Spółka Akcyjna","Polish bank register (plewiba.xml)"
"PL","10203974","BPKOPLPWXXX","10203974","","Powszechna Kasa Oszczędności Bank Polski Spółka Akcyjna","Polish bank register (plewiba.xml)"
"PL","10204027","BPKOPLPWXXX","10204027","","Powszechna Kasa Oszczędności Bank Polski Spółka Akcyjna","Polish bank register (plewiba.xml)"
"PL","10204115","BPKOPLPWXXX","10204115","","Powszechna Kasa Oszczędności Bank Polski Spółka Akcyjna","Polish bank register (plewiba.xml)"
"PL","10204128","BPKOPLPWXXX","10204128","","Powszechna Kasa Oszczędności Bank Polski Spółka Akcyjna","Polish bank register (plewiba.xml)"
"PL","10204144","BPKOPLPWXXX","10204144","","Powszechna Kasa Oszczędności Bank Polski Spółka Akcyjna","Polish bank register (plewiba.xml)"
"PL","10204160","BPKOPLPWXXX","10204160","","Powszechna Kasa Oszczędności Bank Polski Spółka Akcyjna","Polish bank register (plewiba.xml)"
"PL","10204274","BPKOPLPWXXX","10204274","","Powszechna Kasa Oszczędności Bank Polski Spółka Akcyjna","Polish bank register (plewiba.xml)"
"PL","10204287","BPKOPLPWXXX","10204287","","Powszechna Kasa Oszczędności Bank Polski Spółka Akcyjna","Polish bank register (plewiba.xml)"
"PL","10204317","BPKOPLPWXXX","10204317","","Powszechna Kasa Oszczędności Bank Polski Spółka Akcyjna","Polish bank register (plewiba.xml)"
"PL","10204391","BPKOPLPWXXX","10204391","","Powszechna Kasa Oszczędności Bank Polski Spółka Akcyjna","Polish bank register (plewiba.xml)"
"PL","10204405","BPKOPLPWXXX","10204405","","Powszechna Kasa Oszczędności Bank Polski Spółka Akcyjna","Polish bank register (plewiba.xml)"
"PL","10204476","BPKOPLPWXXX","10204476","","Powszechna Kasa Oszczędności Bank Polski Spółka Akcyjna","Polish bank register (plewiba.xml)"
"PL","10204564","BPKOPLPWXXX","10204564","","Powszechna Kasa Oszczędności Bank Polski Spółka Akcyjna","Polish bank register (plewiba.xml)"
"PL","10204580","BPKOPLPWXXX","10204580","","Powszechna Kasa Oszczędności Bank Polski Spółka Akcyjna","Polish bank register (plewiba.xml)"
"PL","10204649","BPKOPLPWXXX","10204649","","Powszechna Kasa Oszczędności Bank Polski Spółka Akcyjna","Polish bank register (plewiba.xml)"
"PL","10204665","BPKOPLPWXXX","10204665","","Powszechna Kasa Oszczędności Bank Polski Spółka Akcyjna","Polish bank register (plewiba.xml)"
"PL","10204681","BPKOPLPWXXX","10204681","","Powszechna Kasa Oszczędności Bank Polski Spółka Akcyjna","Polish bank register (plewiba.xml)"
"PL","10204708","BPKOPLPWXXX","10204708","","Powszechna Kasa Oszczędności Bank Polski Spółka Akcyjna","Polish bank register (plewiba.xml)"
"PL","10204724","BPKOPLPWXXX","10204724","","Powszechna Kasa Oszczędności Bank Polski Spółka Akcyjna","Polish bank register (plewiba.xml)"
"PL","10204753","BPKOPLPWXXX","10204753","","Powszechna Kasa Oszczędności Bank Polski Spółka Akcyjna","Polish bank register (plewiba.xml)"
"PL","10204795","BPKOPLPWXXX","10204795","","Powszechna Kasa Oszczędności Bank Polski Spółka Akcyjna","Polish bank register (plewiba.xml)"
"PL","10204812","BPKOPLPWXXX","10204812","","Powszechna Kasa Oszczędności Bank Polski Spółka Akcyjna","Polish bank register (plewiba.xml)"
"PL","10204867","BPKOPLPWXXX","10204867","","Powszechna Kasa Oszczędności Bank Polski Spółka Akcyjna","Polish bank register (plewiba.xml)"
"PL","10204870","BPKOPLPWXXX","10204870","","Powszechna Kasa Oszczędności Bank Polski Spółka Akcyjna","Polish bank register (plewiba.xml)"
"PL","10204900","BPKOPLPWXXX","10204900","","Powszechna Kasa Oszczędności Bank Polski Spółka Akcyjna","Polish bank register (plewiba.xml)"
"PL","10204913","BPKOPLPWXXX","10204913","","Powszechna Kasa Oszczędności Bank Polski Spółka Akcyjna","Polish bank register (plewiba.xml)"
"PL","10204926","BPKOPLPWXXX","10204926","","Powszechna Kasa Oszczędności Bank Polski Spółka Akcyjna","Polish bank register (plewiba.xml)"
"PL","10204939","BPKOPLPWXXX","10204939","","Powszechna Kasa Oszczędności Bank Polski Spółka Akcyjna","Polish bank register (plewiba.xml)"
"PL","10204955","BPKOPLPWXXX","10204955","","Powszechna Kasa Oszczędności Bank Polski Spółka Akcyjna","Polish bank register (plewiba.xml)"
"PL","10204984","BPKOPLPWXXX","10204984","","Powszechna Kasa Oszczędności Bank Polski Spółka Akcyjna","Polish bank register (plewiba.xml)"
"PL","10205011","BPKOPLPWXXX","10205011","","Powszechna Kasa Oszczędności Bank Polski Spółka Akcyjna","Polish bank register (plewiba.xml)"
"PL","10205024","BPKOPLPWXXX","10205024","","Powszechna Kasa Oszczędności Bank Polski Spółka Akcyjna","Polish bank register (plewiba.xml)"
"PL","10205040","BPKOPLPWXXX","10205040","","Powszechna Kasa Oszczędności Bank Polski Spółka Akcyjna","Polish bank register (plewiba.xml)"
"PL","10205095","BPKOPLPWXXX","10205095","","Powszechna Kasa Oszczędności Bank Polski Spółka Akcyjna","Polish bank register (plewiba.xml)"
"PL","10205112","BPKOPLPWXXX","10205112","","Powszechna Kasa Oszczędności Bank Polski Spółka Akcyjna","Polish bank register (plewiba.xml)"
"PL","10205138","BPKOPLPWXXX","10205138","","Powszechna Kasa Oszczędności Bank Polski Spółka Akcyjna","Polish bank register (plewiba.xml)"
"PL","10205170","BPKOPLPWXXX","10205170","","Powszechna Kasa Oszczędności Bank Polski Spółka Akcyjna","Polish bank register (plewiba.xml)"
"PL","10205200","BPKOPLPWXXX","10205200","","Powszechna Kasa Oszczędności Bank Polski Spółka Akcyjna","Polish bank register (plewiba.xml)"
"PL","10205226","BPKOPLPWXXX","10205226","","Powszechna Kasa Oszczędności Bank Polski Spółka Akcyjna","Polish bank register (plewiba.xml)"
"PL","10205242","BPKOPLPWXXX","10205242","","Powszechna Kasa Oszczędności Bank Polski Spółka Akcyjna","Polish bank register (plewiba.xml)"
"PL","10205297","BPKOPLPWXXX","10205297","","Powszechna Kasa Oszczędności Bank Polski Spółka Akcyjna","Polish bank register (plewiba.xml)"
"PL","10205356","BPKOPLPWXXX","10205356","","Powszechna Kasa Oszczędności Bank Polski Spółka Akcyjna","Polish bank register (plewiba.xml)"
"PL","10205385","BPKOPLPWXXX","10205385","","Powszechna Kasa Oszczędności Bank Polski Spółka Akcyjna","Polish bank register (plewiba.xml)"
"PL","10205402","BPKOPLPWXXX","10205402","","Powszechna Kasa Oszczędności Bank Polski Spółka Akcyjna","Polish bank register (plewiba.xml)"
"PL","10205460","BPKOPLPWXXX","10205460","","Powszechna Kasa Oszczędności Bank Polski Spółka Akcyjna","Polish bank register (plewiba.xml)"
"PL","10205558","BPKOPLPWXXX","10205558","","Powszechna Kasa Oszczędności Bank Polski Spółka Akcyjna","Polish bank register (plewiba.xml)"
"PL","10205561","BPKOPLPWXXX","10205561","","Powszechna Kasa Oszczędności Bank Polski Spółka Akcyjna","Polish bank register (plewiba.xml)"
"PL","10205574","BPKOPLPWXXX","10205574","","Powszechna Kasa Oszczędności Bank Polski Spółka Akcyjna","Polish bank register (plewiba.xml)"
"PL","10205587","BPKOPLPWXXX","10205587","","Powszechna Kasa Oszczędności Bank Polski Spółka Akcyjna","Polish bank register (plewiba.xml)"
"PL","10205590","BPKOPLPWXXX","10205590","","Powszechna Kasa Oszczędności Bank Polski Spółka Akcyjna","Polish bank register (plewiba.xml)"
"PL","10205604","BPKOPLPWXXX","10205604","","Powszechna Kasa Oszczędności Bank Polski Spółka Akcyjna","Polish bank register (plewiba.xml)"
"PL","10205617","BPKOPLPWXXX","10205617","","Powszechna Kasa Oszczędności Bank Polski Spółka Akcyjna","Polish bank register (plewiba.xml)"
"PL","10205620","BPKOPLPWXXX","10205620","","Powszechna Kasa Oszczędności Bank Polski Spółka Akcyjna","Polish bank register (plewiba.xml)"
"PL","10205633","BPKOPLPWXXX","10205633","","Powszechna Kasa Oszczędności Bank Polski Spółka Akcyjna","Polish bank register (plewiba.xml)"
"PL","10205659","BPKOPLPWXXX","10205659","","Powszechna Kasa Oszczędności Bank Polski Spółka Akcyjna","Polish bank register (plewiba.xml)"
"PL","10205662","BPKOPLPWXXX","10205662","","Powszechna Kasa Oszczędności Bank Polski Spółka Akcyjna","Polish bank register (plewiba.xml)"
"PL","10300006","CITIPLPXXXX","10300006","","Bank Handlowy w Warszawie Spółka Akcyjna","Polish bank register (plewiba.xml)"
"PL","10300019","GBGCPLPKXXX","10300019","","VeloBank Spółka Akcyjna","Polish bank register (plewiba.xml)"
"PL","10300022","GBGCPLPKXXX","10300022","","VeloBank Spółka Akcyjna","Polish bank register (plewiba.xml)"
"PL","10301016","CITIPLPXXXX","10301016","","Bank Handlowy w Warszawie Spółka Akcyjna","Polish bank register (plewiba.xml)"
"PL","10301029","CITIPLPXXXX","10301029","","Bank Handlowy w Warszawie Spółka Akcyjna","Polish bank register (plewiba.xml)"
"PL","10301032","CITIPLPXXXX","10301032","","Bank Handlowy w Warszawie Spółka Akcyjna","Polish bank register (plewiba.xml)"
"PL","10301045","CITIPLPXXXX","10301045","","Bank Handlowy w Warszawie Spółka Akcyjna","Polish bank register (plewiba.xml)"
"PL","10301058","CITIPLPXXXX","10301058","","Bank Handlowy w Warszawie Spółka Akcyjna","Polish bank register (plewiba.xml)"
"PL","10301061","CITIPLPXXXX","10301061","","Bank Handlowy w Warszawie Spółka Akcyjna","Polish bank register (plewiba.xml)"
"PL","10301074","CITIPLPXXXX","10301074","","Bank Handlowy w Warszawie Spółka Akcyjna","Polish bank register (plewiba.xml)"
"PL","10301087","CITIPLPXXXX","10301087","","Bank Handlowy w Warszawie Spółka Akcyjna","Polish bank register (plewiba.xml)"
"PL","10301090","CITIPLPXXXX","10301090","","Bank Handlowy w Warszawie Spółka Akcyjna","Polish bank register (plewiba.xml)"
"PL","10301104","CITIPLPXXXX","10301104","","Bank Handlowy w Warszawie Spółka Akcyjna","Polish bank register (plewiba.xml)"
"PL","10301117","CITIPLPXXXX","10301117","","Bank Handlowy w Warszawie Spółka Akcyjna","Polish bank register (plewiba.xml)"
"PL","10301120","CITIPLPXXXX","10301120","","Bank Handlowy w Warszawie Spółka Akcyjna","Polish bank register (plewiba.xml)"
"PL","10301133","CITIPLPXXXX","10301133","","Bank Handlowy w Warszawie Spółka Akcyjna","Polish bank register (plewiba.xml)"
"PL","10301146","CITIPLPXXXX","10301146","","Bank Handlowy w Warszawie Spółka Akcyjna","Polish bank register (plewiba.xml)"
"PL","10301159","CITIPLPXXXX","10301159","","Bank Handlowy w Warszawie Spółka Akcyjna","Polish bank register (plewiba.xml)"
"PL","10301162","CITIPLPXXXX","10301162","","Bank Handlowy w Warszawie Spółka Akcyjna","Polish bank register (plewiba.xml)"
"PL","10301175","CITIPLPXXXX","10301175","","Bank Handlowy w Warszawie Spółka Akcyjna","Polish bank register (plewiba.xml)"
"PL","10301188","CITIPLPXXXX","10301188","","Bank Handlowy w Warszawie Spółka Akcyjna","Polish bank register (plewiba.xml)"
"PL","10301191","CITIPLPXXXX","10301191","","Bank Handlowy w Warszawie Spółka Akcyjna","Polish bank register (plewiba.xml)"
"PL","10301205","CITIPLPXXXX","10301205","","Bank Handlowy w Warszawie Spółka Akcyjna","Polish bank register (plewiba.xml)"
"PL","10301218","CITIPLPXXXX","10301218","","Bank Handlowy w Warszawie Spółka Akcyjna","Polish bank register (plewiba.xml)"
"PL","10301221","CITIPLPXXXX","10301221","","Bank Handlowy w Warszawie Spółka Akcyjna","Polish bank register (plewiba.xml)"
"PL","10301234","CITIPLPXXXX","10301234","","Bank Handlowy w Warszawie Spółka Akcyjna","Polish bank register (plewiba.xml)"
"PL","10301247","CITIPLPXXXX","10301247","","Bank Handlowy w Warszawie Spółka Akcyjna","Polish bank register (plewiba.xml)"
"PL","10301250","CITIPLPXXXX","10301250","","Bank Handlowy w Warszawie Spółka Akcyjna","Polish bank register (plewiba.xml)"
"PL","10301263","CITIPLPXXXX","10301263","","Bank Handlowy w Warszawie Spółka Akcyjna","Polish bank register (plewiba.xml)"
"PL","10301276","CITIPLPXXXX","10301276","","Bank Handlowy w Warszawie Spółka Akcyjna","Polish bank register (plewiba.xml)"
"PL","10301289","CITIPLPXXXX","10301289","","Bank Handlowy w Warszawie Spółka Akcyjna","Polish bank register (plewiba.xml)"
"PL","10301292","CITIPLPXXXX","10301292","","Bank Handlowy w Warszawie Spółka Akcyjna","Polish bank register (plewiba.xml)"
"PL","10301306","CITIPLPXXXX","10301306","","Bank Handlowy w Warszawie Spółka Akcyjna","Polish bank register (plewiba.xml)"
"PL","10301319","CITIPLPXXXX","10301319","","Bank Handlowy w Warszawie Spółka Akcyjna","Polish bank register (plewiba.xml)"
"PL","10301322","CITIPLPXXXX","10301322","","Bank Handlowy w Warszawie Spółka Akcyjna","Polish bank register (plewiba.xml)"
"PL","10301335","CITIPLPXXXX","10301335","","Bank Handlowy w Warszawie Spółka Akcyjna","Polish bank register (plewiba.xml)"
"PL","10301348","CITIPLPXXXX","10301348","","Bank Handlowy w Warszawie Spółka Akcyjna","Polish bank register (plewiba.xml)"
"PL","10301351","CITIPLPXXXX","10301351","","Bank Handlowy w Warszawie Spółka Akcyjna","Polish bank register (plewiba.xml)"
"PL","10301364","CITIPLPXXXX","10301364","","Bank Handlowy w Warszawie Spółka Akcyjna","Polish bank register (plewiba.xml)"
"PL","10301377","CITIPLPXXXX","10301377","","Bank Handlowy w Warszawie Spółka Akcyjna","Polish bank register (plewiba.xml)"
"PL","10301380","CITIPLPXXXX","10301380","","Bank Handlowy w Warszawie Spółka Akcyjna","Polish bank register (plewiba.xml)"
"PL","10301393","CITIPLPXXXX","10301393","","Bank Handlowy w Warszawie Spółka Akcyjna","Polish bank register (plewiba.xml)"
"PL","10301407","CITIPLPXXXX","10301407","","Bank Handlowy w Warszawie Spółka Akcyjna","Polish bank register (plewiba.xml)"
"PL","10301410","CITIPLPXXXX","10301410","","Bank Handlowy w Warszawie Spółka Akcyjna","Polish bank register (plewiba.xml)"
"PL","10301423","CITIPLPXXXX","10301423","","Bank Handlowy w Warszawie Spółka Akcyjna","Polish bank register (plewiba.xml)"
"PL","10301436","CITIPLPXXXX","10301436","","Bank Handlowy w Warszawie Spółka Akcyjna","Polish bank register (plewiba.xml)"
"PL","10301449","CITIPLPXXXX","10301449","","Bank Handlowy w Warszawie Spółka Akcyjna","Polish bank register (plewiba.xml)"
"PL","10301452","CITIPLPXXXX","10301452","","Bank Handlowy w Warszawie Spółka Akcyjna","Polish bank register (plewiba.xml)"
"PL","10301465","CITIPLPXXXX","10301465","","Bank Handlowy w Warszawie Spółka Akcyjna","Polish bank register (plewiba.xml)"
"PL","10301478","CITIPLPXXXX","10301478","","Bank Handlowy w Warszawie Spółka Akcyjna","Polish bank register (plewiba.xml)"
"PL","10301481","CITIPLPXXXX","10301481","","Bank Handlowy w Warszawie Spółka Akcyjna","Polish bank register (plewiba.xml)"
"PL","10301494","CITIPLPXXXX","10301494","","Bank Handlowy w Warszawie Spółka Akcyjna","Polish bank register (plewiba.xml)"
"PL","10301508","CITIPLPXXXX","10301508","","Bank Handlowy w Warszawie Spółka Akcyjna","Polish bank register (plewiba.xml)"
"PL","10301511","CITIPLPXXXX","10301511","","Bank Handlowy w Warszawie Spółka Akcyjna","Polish bank register (plewiba.xml)"
"PL","10301524","CITIPLPXXXX","10301524","","Bank Handlowy w Warszawie Spółka Akcyjna","Polish bank register (plewiba.xml)"
"PL","10301537","CITIPLPXXXX","10301537","","Bank Handlowy w Warszawie Spółka Akcyjna","Polish bank register (plewiba.xml)"
"PL","10301540","CITIPLPXXXX","10301540","","Bank Handlowy w Warszawie Spółka Akcyjna","Polish bank register (plewiba.xml)"
"PL","10301553","CITIPLPXXXX","10301553","","Bank Handlowy w Warszawie Spółka Akcyjna","Polish bank register (plewiba.xml)"
"PL","10301566","CITIPLPXXXX","10301566","","Bank Handlowy w Warszawie Spółka Akcyjna","Polish bank register (plewiba.xml)"
"PL","10301579","CITIPLPXXXX","10301579","","Bank Handlowy w Warszawie Spółka Akcyjna","Polish bank register (plewiba.xml)"
"PL","10301582","CITIPLPXXXX","10301582","","Bank Handlowy w Warszawie Spółka Akcyjna","Polish bank register (plewiba.xml)"
"PL","10301595","CITIPLPXXXX","10301595","","Bank Handlowy w Warszawie Spółka Akcyjna","Polish bank register (plewiba.xml)"
"PL","10301609","CITIPLPXXXX","10301609","","Bank Handlowy w Warszawie Spółka Akcyjna","Polish bank register (plewiba.xml)"
"PL","10301612","CITIPLPXXXX","10301612","","Bank Handlowy w Warszawie Spółka Akcyjna","Polish bank register (plewiba.xml)"
"PL","10301625","CITIPLPXXXX","10301625","","Bank Handlowy w Warszawie Spółka Akcyjna","Polish bank register (plewiba.xml)"
"PL","10301638","CITIPLPXXXX","10301638","","Bank Handlowy w Warszawie Spółka Akcyjna","Polish bank register (plewiba.xml)"
"PL","10301641","CITIPLPXXXX","10301641","","Bank Handlowy w Warszawie Spółka Akcyjna","Polish bank register (plewiba.xml)"
"PL","10301654","CITIPLPXXXX","10301654","","Bank Handlowy w Warszawie Spółka Akcyjna","Polish bank register (plewiba.xml)"
"PL","10301667","CITIPLPXXXX","10301667","","Bank Handlowy w Warszawie Spółka Akcyjna","Polish bank register (plewiba.xml)"
"PL","10301670","CITIPLPXXXX","10301670","","Bank Handlowy w Warszawie Spółka Akcyjna","Polish bank register (plewiba.xml)"
"PL","10301683","CITIPLPXXXX","10301683","","Bank Handlowy w Warszawie Spółka Akcyjna","Polish bank register (plewiba.xml)"
"PL","10301696","CITIPLPXXXX","10301696","","Bank Handlowy w Warszawie Spółka Akcyjna","Polish bank register (plewiba.xml)"
"PL","10301700","CITIPLPXXXX","10301700","","Bank Handlowy w Warszawie Spółka Akcyjna","Polish bank register (plewiba.xml)"
"PL","10301713","CITIPLPXXXX","10301713","","Bank Handlowy w Warszawie Spółka Akcyjna","Polish bank register (plewiba.xml)"
"PL","10301726","CITIPLPXXXX","10301726","","Bank Handlowy w Warszawie Spółka Akcyjna","Polish bank register (plewiba.xml)"
"PL","10301739","CITIPLPXXXX","10301739","","Bank Handlowy w Warszawie Spółka Akcyjna","Polish bank register (plewiba.xml)"
"PL","10301742","CITIPLPXXXX","10301742","","Bank Handlowy w Warszawie Spółka Akcyjna","Polish bank register (plewiba.xml)"
"PL","10301755","CITIPLPXXXX","10301755","","Bank Handlowy w Warszawie Spółka Akcyjna","Polish bank register (plewiba.xml)"
"PL","10301768","CITIPLPXXXX","10301768","","Bank Handlowy w Warszawie Spółka Akcyjna","Polish bank register (plewiba.xml)"
"PL","10301771","CITIPLPXXXX","10301771","","Bank Handlowy w Warszawie Spółka Akcyjna","Polish bank register (plewiba.xml)"
"PL","10301814","CITIPLPXXXX","10301814","","Bank Handlowy w Warszawie Spółka Akcyjna","Polish bank register (plewiba.xml)"
"PL","10301827","CITIPLPXXXX","10301827","","Bank Handlowy w Warszawie Spółka Akcyjna","Polish bank register (plewiba.xml)"
"PL","10301830","CITIPLPXXXX","10301830","","Bank Handlowy w Warszawie Spółka Akcyjna","Polish bank register (plewiba.xml)"
"PL","10301843","CITIPLPXXXX","10301843","","Bank Handlowy w Warszawie Spółka Akcyjna","Polish bank register (plewiba.xml)"
"PL","10301856","CITIPLPXXXX","10301856","","Bank Handlowy w Warszawie Spółka Akcyjna","Polish bank register (plewiba.xml)"
"PL","10301869","CITIPLPXXXX","10301869","","Bank Handlowy w Warszawie Spółka Akcyjna","Polish bank register (plewiba.xml)"
"PL","10301872","CITIPLPXXXX","10301872","","Bank Handlowy w Warszawie Spółka Akcyjna","Polish bank register (plewiba.xml)"
"PL","10301885","CITIPLPXXXX","10301885","","Bank Handlowy w Warszawie Spółka Akcyjna","Polish bank register (plewiba.xml)"
"PL","10301898","CITIPLPXXXX","10301898","","Bank Handlowy w Warszawie Spółka Akcyjna","Polish bank register (plewiba.xml)"
"PL","10301902","CITIPLPXXXX","10301902","","Bank Handlowy w Warszawie Spółka Akcyjna","Polish bank register (plewiba.xml)"
"PL","10301915","CITIPLPXXXX","10301915","","Bank Handlowy w Warszawie Spółka Akcyjna","Polish bank register (plewiba.xml)"
"PL","10301928","CITIPLPXXXX","10301928","","Bank Handlowy w Warszawie Spółka Akcyjna","Polish bank register (plewiba.xml)"
"PL","10301931","CITIPLPXXXX","10301931","","Bank Handlowy w Warszawie Spółka Akcyjna","Polish bank register (plewiba.xml)"
"PL","10301944","CITIPLPXXXX","10301944","","Bank Handlowy w Warszawie Spółka Akcyjna","Polish bank register (plewiba.xml)"
"PL","10301957","CITIPLPXXXX","10301957","","Bank Handlowy w Warszawie Spółka Akcyjna","Polish bank register (plewiba.xml)"
"PL","10301960","CITIPLPXXXX","10301960","","Bank Handlowy w Warszawie Spółka Akcyjna","Polish bank register (plewiba.xml)"
"PL","10301973","CITIPLPXXXX","10301973","","Bank Handlowy w Warszawie Spółka Akcyjna","Polish bank register (plewiba.xml)"
"PL","10301986","CITIPLPXXXX","10301986","","Bank Handlowy w Warszawie Spółka Akcyjna","Polish bank register (plewiba.xml)"
"PL","10301999","CITIPLPXXXX","10301999","","Bank Handlowy w Warszawie Spółka Akcyjna","Polish bank register (plewiba.xml)"
"PL","10500002","INGBPLPWXXX","10500002","","ING Bank Śląski Spółka Akcyjna","Polish bank register (plewiba.xml)"
"PL","10500015","INGBPLPWXXX","10500015","","ING Bank Śląski Spółka Akcyjna","Polish bank register (plewiba.xml)"
"PL","10500028","INGBPLPWXXX","10500028","","ING Bank Śląski Spółka Akcyjna","Polish bank register (plewiba.xml)"
"PL","10500031","INGBPLPWXXX","10500031","","ING Bank Śląski Spółka Akcyjna","Polish bank register (plewiba.xml)"
"PL","10500044","INGBPLPWXXX","10500044","","ING Bank Śląski Spółka Akcyjna","Polish bank register (plewiba.xml)"
"PL","10500057","INGBPLPWXXX","10500057","","ING Bank Śląski Spółka Akcyjna","Polish bank register (plewiba.xml)"
"PL","10500060","INGBPLPWXXX","10500060","","ING Bank Śląski Spółka Akcyjna","Polish bank register (plewiba.xml)"
"PL","10500073","INGBPLPWXXX","10500073","","ING Bank Śląski Spółka Akcyjna","Polish bank register (plewiba.xml)"
"PL","10500086","INGBPLPWXXX","10500086","","ING Bank Śląski Spółka Akcyjna","Polish bank register (plewiba.xml)"
"PL","10500099","INGBPLPWXXX","10500099","","ING Bank Śląski Spółka Akcyjna","Polish bank register (plewiba.xml)"
"PL","10500103","INGBPLPWXXX","10500103","","ING Bank Śląski Spółka Akcyjna","Polish bank register (plewiba.xml)"
"PL","10500116","INGBPLPWXXX","10500116","","ING Bank Śląski Spółka Akcyjna","Polish bank register (plewiba.xml)"
"PL","10500129","INGBPLPWXXX","10500129","","ING Bank Śląski Spółka Akcyjna","Polish bank register (plewiba.xml)"
"PL","10500132","INGBPLPWXXX","10500132","","ING Bank Śląski Spółka Akcyjna","Polish bank register (plewiba.xml)"
"PL","10500145","INGBPLPWXXX","10500145","","ING Bank Śląski Spółka Akcyjna","Polish bank register (plewiba.xml)"
"PL","10500158","INGBPLPWXXX","10500158","","ING Bank Śląski Spółka Akcyjna","Polish bank register (plewiba.xml)"
"PL","10500161","INGBPLPWXXX","10500161","","ING Bank Śląski Spółka Akcyjna","Polish bank register (plewiba.xml)"
"PL","10500190","INGBPLPWXXX","10500190","","ING Bank Śląski Spółka Akcyjna","Polish bank register (plewiba.xml)"
"PL","10500204","INGBPLPWXXX","10500204","","ING Bank Śląski Spółka Akcyjna","Polish bank register (plewiba.xml)"
"PL","10500217","INGBPLPWXXX","10500217","","ING Bank Śląski Spółka Akcyjna","Polish bank register (plewiba.xml)"
"PL","10500220","INGBPLPWXXX","10500220","","ING Bank Śląski Spółka Akcyjna","Polish bank register (plewiba.xml)"
"PL","10500233","INGBPLPWXXX","10500233","","ING Bank Śląski Spółka Akcyjna","Polish bank register (plewiba.xml)"
"PL","10500246","INGBPLPWXXX","10500246","","ING Bank Śląski Spółka Akcyjna","Polish bank register (plewiba.xml)"
"PL","10500259","INGBPLPWXXX","10500259","","ING Bank Śląski Spółka Akcyjna","Polish bank register (plewiba.xml)"
"PL","10500262","INGBPLPWXXX","10500262","","ING Bank Śląski Spółka Akcyjna","Polish bank register (plewiba.xml)"
"PL","10500275","INGBPLPWXXX","10500275","","ING Bank Śląski Spółka Akcyjna","Polish bank register (plewiba.xml)"
"PL","10500288","INGBPLPWXXX","10500288","","ING Bank Śląski Spółka Akcyjna","Polish bank register (plewiba.xml)"
"PL","10500291","INGBPLPWXXX","10500291","","ING Bank Śląski Spółka Akcyjna","Polish bank register (plewiba.xml)"
"PL","10500305","INGBPLPWXXX","10500305","","ING Bank Śląski Spółka Akcyjna","Polish bank register (plewiba.xml)"
"PL","10500318","INGBPLPWXXX","10500318","","ING Bank Śląski Spółka Akcyjna","Polish bank register (plewiba.xml)"
"PL","10500321","INGBPLPWXXX","10500321","","ING Bank Śląski Spółka Akcyjna","Polish bank register (plewiba.xml)"
"PL","10500334","INGBPLPWXXX","10500334","","ING Bank Śląski Spółka Akcyjna","Polish bank register (plewiba.xml)"
"PL","10500347","INGBPLPWXXX","10500347","","ING Bank Śląski Spółka Akcyjna","Polish bank register (plewiba.xml)"
"PL","10500350","INGBPLPWXXX","10500350","","ING Bank Śląski Spółka Akcyjna","Polish bank register (plewiba.xml)"
"PL","10500363","INGBPLPWXXX","10500363","","ING Bank Śląski Spółka Akcyjna","Polish bank register (plewiba.xml)"
"PL","10500376","INGBPLPWXXX","10500376","","ING Bank Śląski Spółka Akcyjna","Polish bank register (plewiba.xml)"
"PL","10500389","INGBPLPWXXX","10500389","","ING Bank Śląski Spółka Akcyjna","Polish bank register (plewiba.xml)"
"PL","10500392","INGBPLPWXXX","10500392","","ING Bank Śląski Spółka Akcyjna","Polish bank register (plewiba.xml)"
"PL","10500406","INGBPLPWXXX","10500406","","ING Bank Śląski Spółka Akcyjna","Polish bank register (plewiba.xml)"
"PL","10500464","INGBPLPWXXX","10500464","","ING Bank Śląski Spółka Akcyjna","Polish bank register (plewiba.xml)"
"PL","10500477","INGBPLPWXXX","10500477","","ING Bank Śląski Spółka Akcyjna","Polish bank register (plewiba.xml)"
"PL","10500480","INGBPLPWXXX","10500480","","ING Bank Śląski Spółka Akcyjna","Polish bank register (plewiba.xml)"
"PL","10500493","INGBPLPWXXX","10500493","","ING Bank Śląski Spółka Akcyjna","Polish bank register (plewiba.xml)"
"PL","10500507","INGBPLPWXXX","10500507","","ING Bank Śląski Spółka Akcyjna","Polish bank register (plewiba.xml)"
"PL","10500510","INGBPLPWXXX","10500510","","ING Bank Śląski Spółka Akcyjna","Polish bank register (plewiba.xml)"
"PL","10500523","INGBPLPWXXX","10500523","","ING Bank Śląski Spółka Akcyjna","Polish bank register (plewiba.xml)"
"PL","10500536","INGBPLPWXXX","10500536","","ING Bank Śląski Spółka Akcyjna","Polish bank register (plewiba.xml)"
"PL","10501012","INGBPLPWXXX","10501012","","ING Bank Śląski Spółka Akcyjna","Polish bank register (plewiba.xml)"
"PL","10501025","INGBPLPWXXX","10501025","","ING Bank Śląski Spółka Akcyjna","Polish bank register (plewiba.xml)"
"PL","10501038","INGBPLPWXXX","10501038","","ING Bank Śląski Spółka Akcyjna","Polish bank register (plewiba.xml)"
"PL","10501041","INGBPLPWXXX","10501041","","ING Bank Śląski Spółka Akcyjna","Polish bank register (plewiba.xml)"
"PL","10501054","INGBPLPWXXX","10501054","","ING Bank Śląski Spółka Akcyjna","Polish bank register (plewiba.xml)"
"PL","10501070","INGBPLPWXXX","10501070","","ING Bank Śląski Spółka Akcyjna","Polish bank register (plewiba.xml)"
"PL","10501083","INGBPLPWXXX","10501083","","ING Bank Śląski Spółka Akcyjna","Polish bank register (plewiba.xml)"
"PL","10501096","INGBPLPWXXX","10501096","","ING Bank Śląski Spółka Akcyjna","Polish bank register (plewiba.xml)"
"PL","10501100","INGBPLPWXXX","10501100","","ING Bank Śląski Spółka Akcyjna","Polish bank register (plewiba.xml)"
"PL","10501113","INGBPLPWXXX","10501113","","ING Bank Śląski Spółka Akcyjna","Polish bank register (plewiba.xml)"
"PL","10501139","INGBPLPWXXX","10501139","","ING Bank Śląski Spółka Akcyjna","Polish bank register (plewiba.xml)"
"PL","10501142","INGBPLPWXXX","10501142","","ING Bank Śląski Spółka Akcyjna","Polish bank register (plewiba.xml)"
"PL","10501155","INGBPLPWXXX","10501155","","ING Bank Śląski Spółka Akcyjna","Polish bank register (plewiba.xml)"
"PL","10501168","INGBPLPWXXX","10501168","","ING Bank Śląski Spółka Akcyjna","Polish bank register (plewiba.xml)"
"PL","10501171","INGBPLPWXXX","10501171","","ING Bank Śląski Spółka Akcyjna","Polish bank register (plewiba.xml)"
"PL","10501201","INGBPLPWXXX","10501201","","ING Bank Śląski Spółka Akcyjna","Polish bank register (plewiba.xml)"
"PL","10501214","INGBPLPWXXX","10501214","","ING Bank Śląski Spółka Akcyjna","Polish bank register (plewiba.xml)"
"PL","10501227","INGBPLPWXXX","10501227","","ING Bank Śląski Spółka Akcyjna","Polish bank register (plewiba.xml)"
"PL","10501230","INGBPLPWXXX","10501230","","ING Bank Śląski Spółka Akcyjna","Polish bank register (plewiba.xml)"
"PL","10501243","INGBPLPWXXX","10501243","","ING Bank Śląski Spółka Akcyjna","Polish bank register (plewiba.xml)"
"PL","10501256","INGBPLPWXXX","10501256","","ING Bank Śląski Spółka Akcyjna","Polish bank register (plewiba.xml)"
"PL","10501269","INGBPLPWXXX","10501269","","ING Bank Śląski Spółka Akcyjna","Polish bank register (plewiba.xml)"
"PL","10501272","INGBPLPWXXX","10501272","","ING Bank Śląski Spółka Akcyjna","Polish bank register (plewiba.xml)"
"PL","10501285","INGBPLPWXXX","10501285","","ING Bank Śląski Spółka Akcyjna","Polish bank register (plewiba.xml)"
"PL","10501298","INGBPLPWXXX","10501298","","ING Bank Śląski Spółka Akcyjna","Polish bank register (plewiba.xml)"
"PL","10501302","INGBPLPWXXX","10501302","","ING Bank Śląski Spółka Akcyjna","Polish bank register (plewiba.xml)"
"PL","10501315","INGBPLPWXXX","10501315","","ING Bank Śląski Spółka Akcyjna","Polish bank register (plewiba.xml)"
"PL","10501328","INGBPLPWXXX","10501328","","ING Bank Śląski Spółka Akcyjna","Polish bank register (plewiba.xml)"
"PL","10501331","INGBPLPWXXX","10501331","","ING Bank Śląski Spółka Akcyjna","Polish bank register (plewiba.xml)"
"PL","10501344","INGBPLPWXXX","10501344","","ING Bank Śląski Spółka Akcyjna","Polish bank register (plewiba.xml)"
"PL","10501357","INGBPLPWXXX","10501357","","ING Bank Śląski Spółka Akcyjna","Polish bank register (plewiba.xml)"
"PL","10501360","INGBPLPWXXX","10501360","","ING Bank Śląski Spółka Akcyjna","Polish bank register (plewiba.xml)"
"PL","10501373","INGBPLPWXXX","10501373","","ING Bank Śląski Spółka Akcyjna","Polish bank register (plewiba.xml)"
"PL","10501386","INGBPLPWXXX","10501386","","ING Bank Śląski Spółka Akcyjna","Polish bank register (plewiba.xml)"
"PL","10501399","INGBPLPWXXX","10501399","","ING Bank Śląski Spółka Akcyjna","Polish bank register (plewiba.xml)"
"PL","10501403","INGBPLPWXXX","10501403","","ING Bank Śląski Spółka Akcyjna","Polish bank register (plewiba.xml)"
"PL","10501416","INGBPLPWXXX","10501416","","ING Bank Śląski Spółka Akcyjna","Polish bank register (plewiba.xml)"
"PL","10501429","INGBPLPWXXX","10501429","","ING Bank Śląski Spółka Akcyjna","Polish bank register (plewiba.xml)"
"PL","10501432","INGBPLPWXXX","10501432","","ING Bank Śląski Spółka Akcyjna","Polish bank register (plewiba.xml)"
"PL","10501445","INGBPLPWXXX","10501445","","ING Bank Śląski Spółka Akcyjna","Polish bank register (plewiba.xml)"
"PL","10501458","INGBPLPWXXX","10501458","","ING Bank Śląski Spółka Akcyjna","Polish bank register (plewiba.xml)"
"PL","10501461","INGBPLPWXXX","10501461","","ING Bank Śląski Spółka Akcyjna","Polish bank register (plewiba.xml)"
"PL","10501474","INGBPLPWXXX","10501474","","ING Bank Śląski Spółka Akcyjna","Polish bank register (plewiba.xml)"
"PL","10501487","INGBPLPWXXX","10501487","","ING Bank Śląski Spółka Akcyjna","Polish bank register (plewiba.xml)"
"PL","10501490","INGBPLPWXXX","10501490","","ING Bank Śląski Spółka Akcyjna","Polish bank register (plewiba.xml)"
"PL","10501504","INGBPLPWXXX","10501504","","ING Bank Śląski Spółka Akcyjna","Polish bank register (plewiba.xml)"
"PL","10501517","INGBPLPWXXX","10501517","","ING Bank Śląski Spółka Akcyjna","Polish bank register (plewiba.xml)"
"PL","10501520","INGBPLPWXXX","10501520","","ING Bank Śląski Spółka Akcyjna","Polish bank register (plewiba.xml)"
"PL","10501533","INGBPLPWXXX","10501533","","ING Bank Śląski Spółka Akcyjna","Polish bank register (plewiba.xml)"
"PL","10501546","INGBPLPWXXX","10501546","","ING Bank Śląski Spółka Akcyjna","Polish bank register (plewiba.xml)"
"PL","10501559","INGBPLPWXXX","10501559","","ING Bank Śląski Spółka Akcyjna","Polish bank register (plewiba.xml)"
"PL","10501562","INGBPLPWXXX","10501562","","ING Bank Śląski Spółka Akcyjna","Polish bank register (plewiba.xml)"
"PL","10501575","INGBPLPWXXX","10501575","","ING Bank Śląski Spółka Akcyjna","Polish bank register (plewiba.xml)"
"PL","10501588","INGBPLPWXXX","10501588","","ING Bank Śląski Spółka Akcyjna","Polish bank register (plewiba.xml)"
"PL","10501591","INGBPLPWXXX","10501591","","ING Bank Śląski Spółka Akcyjna","Polish bank register (plewiba.xml)"
"PL","10501605","INGBPLPWXXX","10501605","","ING Bank Śląski Spółka Akcyjna","Polish bank register (plewiba.xml)"
"PL","10501618","INGBPLPWXXX","10501618","","ING Bank Śląski Spółka Akcyjna","Polish bank register (plewiba.xml)"
"PL","10501621","INGBPLPWXXX","10501621","","ING Bank Śląski Spółka Akcyjna","Polish bank register (plewiba.xml)"
"PL","10501634","INGBPLPWXXX","10501634","","ING Bank Śląski Spółka Akcyjna","Polish bank register (plewiba.xml)"
"PL","10501676","INGBPLPWXXX","10501676","","ING Bank Śląski Spółka Akcyjna","Polish bank register (plewiba.xml)"
"PL","10501722","INGBPLPWXXX","10501722","","ING Bank Śląski Spółka Akcyjna","Polish bank register (plewiba.xml)"
"PL","10501735","INGBPLPWXXX","10501735","","ING Bank Śląski Spółka Akcyjna","Polish bank register (plewiba.xml)"
"PL","10501748","INGBPLPWXXX","10501748","","ING Bank Śląski Spółka Akcyjna","Polish bank register (plewiba.xml)"
"PL","10501751","INGBPLPWXXX","10501751","","ING Bank Śląski Spółka Akcyjna","Polish bank register (plewiba.xml)"
"PL","10501764","INGBPLPWXXX","10501764","","ING Bank Śląski Spółka Akcyjna","Polish bank register (plewiba.xml)"
"PL","10501777","INGBPLPWXXX","10501777","","ING Bank Śląski Spółka Akcyjna","Polish bank register (plewiba.xml)"
"PL","10501793","INGBPLPWXXX","10501793","","ING Bank Śląski Spółka Akcyjna","Polish bank register (plewiba.xml)"
"PL","10501807","INGBPLPWXXX","10501807","","ING Bank Śląski Spółka Akcyjna","Polish bank register (plewiba.xml)"
"PL","10501810","INGBPLPWXXX","10501810","","ING Bank Śląski Spółka Akcyjna","Polish bank register (plewiba.xml)"
"PL","10501823","INGBPLPWXXX","10501823","","ING Bank Śląski Spółka Akcyjna","Polish bank register (plewiba.xml)"
"PL","10501836","INGBPLPWXXX","10501836","","ING Bank Śląski Spółka Akcyjna","Polish bank register (plewiba.xml)"
"PL","10501849","INGBPLPWXXX","10501849","","ING Bank Śląski Spółka Akcyjna","Polish bank register (plewiba.xml)"
"PL","10501852","INGBPLPWXXX","10501852","","ING Bank Śląski Spółka Akcyjna","Polish bank register (plewiba.xml)"
"PL","10501881","INGBPLPWXXX","10501881","","ING Bank Śląski Spółka Akcyjna","Polish bank register (plewiba.xml)"
"PL","10501894","INGBPLPWXXX","10501894","","ING Bank Śląski Spółka Akcyjna","Polish bank register (plewiba.xml)"
"PL","10501908","INGBPLPWXXX","10501908","","ING Bank Śląski Spółka Akcyjna","Polish bank register (plewiba.xml)"
"PL","10501911","INGBPLPWXXX","10501911","","ING Bank Śląski Spółka Akcyjna","Polish bank register (plewiba.xml)"
"PL","10501924","INGBPLPWXXX","10501924","","ING Bank Śląski Spółka Akcyjna","Polish bank register (plewiba.xml)"
"PL","10501937","INGBPLPWXXX","10501937","","ING Bank Śląski Spółka Akcyjna","Polish bank register (plewiba.xml)"
"PL","10501940","INGBPLPWXXX","10501940","","ING Bank Śląski Spółka Akcyjna","Polish bank register (plewiba.xml)"
"PL","10501953","INGBPLPWXXX","10501953","","ING Bank Śląski Spółka Akcyjna","Polish bank register (plewiba.xml)"
"PL","10501966","INGBPLPWXXX","10501966","","ING Bank Śląski Spółka Akcyjna","Polish bank register (plewiba.xml)"
"PL","10501979","INGBPLPWXXX","10501979","","ING Bank Śląski Spółka Akcyjna","Polish bank register (plewiba.xml)"
"PL","10600005","BPHKPLPKXXX","10600005","","Bank BPH Spółka Akcyjna","Polish bank register (plewiba.xml)"
"PL","10600018","ALBPPLPWXXX","10600018","","Alior Bank Spółka Akcyjna","Polish bank register (plewiba.xml)"
"PL","10600021","ALBPPLPWXXX","10600021","","Alior Bank Spółka Akcyjna","Polish bank register (plewiba.xml)"
"PL","10600034","ALBPPLPWXXX","10600034","","Alior Bank Spółka Akcyjna","Polish bank register (plewiba.xml)"
"PL","10600047","ALBPPLPWXXX","10600047","","Alior Bank Spółka Akcyjna","Polish bank register (plewiba.xml)"
"PL","10600050","ALBPPLPWXXX","10600050","","Alior Bank Spółka Akcyjna","Polish bank register (plewiba.xml)"
"PL","10600063","ALBPPLPWXXX","10600063","","Alior Bank Spółka Akcyjna","Polish bank register (plewiba.xml)"
"PL","10600076","ALBPPLPWXXX","10600076","","Alior Bank Spółka Akcyjna","Polish bank register (plewiba.xml)"
"PL","10600089","ALBPPLPWXXX","10600089","","Alior Bank Spółka Akcyjna","Polish bank register (plewiba.xml)"
"PL","10600092","ALBPPLPWXXX","10600092","","Alior Bank Spółka Akcyjna","Polish bank register (plewiba.xml)"
"PL","10600106","ALBPPLPWXXX","10600106","","Alior Bank Spółka Akcyjna","Polish bank register (plewiba.xml)"
"PL","10600119","ALBPPLPWXXX","10600119","","Alior Bank Spółka Akcyjna","Polish bank register (plewiba.xml)"
"PL","10600122","ALBPPLPWXXX","10600122","","Alior Bank Spółka Akcyjna","Polish bank register (plewiba.xml)"
"PL","10600135","ALBPPLPWXXX","10600135","","Alior Bank Spółka Akcyjna","Polish bank register (plewiba.xml)"
"PL","10600148","ALBPPLPWXXX","10600148","","Alior Bank Spółka Akcyjna","Polish bank register (plewiba.xml)"
"PL","10600151","ALBPPLPWXXX","10600151","","Alior Bank Spółka Akcyjna","Polish bank register (plewiba.xml)"
"PL","10600164","ALBPPLPWXXX","10600164","","Alior Bank Spółka Akcyjna","Polish bank register (plewiba.xml)"
"PL","10600177","ALBPPLPWXXX","10600177","","Alior Bank Spółka Akcyjna","Polish bank register (plewiba.xml)"
"PL","10600180","ALBPPLPWXXX","10600180","","Alior Bank Spółka Akcyjna","Polish bank register (plewiba.xml)"
"PL","10600193","ALBPPLPWXXX","10600193","","Alior Bank Spółka Akcyjna","Polish bank register (plewiba.xml)"
"PL","10600207","ALBPPLPWXXX","10600207","","Alior Bank Spółka Akcyjna","Polish bank register (plewiba.xml)"
"PL","10600249","ALBPPLPWXXX","10600249","","Alior Bank Spółka Akcyjna","Polish bank register (plewiba.xml)"
"PL","10600252","ALBPPLPWXXX","10600252","","Alior Bank Spółka Akcyjna","Polish bank register (plewiba.xml)"
"PL","10600265","ALBPPLPWXXX","10600265","","Alior Bank Spółka Akcyjna","Polish bank register (plewiba.xml)"
"PL","10600278","ALBPPLPWXXX","10600278","","Alior Bank Spółka Akcyjna","Polish bank register (plewiba.xml)"
"PL","10600281","ALBPPLPWXXX","10600281","","Alior Bank Spółka Akcyjna","Polish bank register (plewiba.xml)"
"PL","10600294","ALBPPLPWXXX","10600294","","Alior Bank Spółka Akcyjna","Polish bank register (plewiba.xml)"
"PL","10600308","ALBPPLPWXXX","10600308","","Alior Bank Spółka Akcyjna","Polish bank register (plewiba.xml)"
"PL","10600311","ALBPPLPWXXX","10600311","","Alior Bank Spółka Akcyjna","Polish bank register (plewiba.xml)"
"PL","10600324","ALBPPLPWXXX","10600324","","Alior Bank Spółka Akcyjna","Polish bank register (plewiba.xml)"
"PL","10600337","ALBPPLPWXXX","10600337","","Alior Bank Spółka Akcyjna","Polish bank register (plewiba.xml)"
"PL","10600340","ALBPPLPWXXX","10600340","","Alior Bank Spółka Akcyjna","Polish bank register (plewiba.xml)"
"PL","10600353","ALBPPLPWXXX","10600353","","Alior Bank Spółka Akcyjna","Polish bank register (plewiba.xml)"
"PL","10600366","ALBPPLPWXXX","10600366","","Alior Bank Spółka Akcyjna","Polish bank register (plewiba.xml)"
"PL","10600379","ALBPPLPWXXX","10600379","","Alior Bank Spółka Akcyjna","Polish bank register (plewiba.xml)"
"PL","10600382","ALBPPLPWXXX","10600382","","Alior Bank Spółka Akcyjna","Polish bank register (plewiba.xml)"
"PL","10600395","ALBPPLPWXXX","10600395","","Alior Bank Spółka Akcyjna","Polish bank register (plewiba.xml)"
"PL","10600409","ALBPPLPWXXX","10600409","","Alior Bank Spółka Akcyjna","Polish bank register (plewiba.xml)"
"PL","10602777","ALBPPLPWXXX","10602777","","Alior Bank Spółka Akcyjna","Polish bank register (plewiba.xml)"
"PL","10602780","ALBPPLPWXXX","10602780","","Alior Bank Spółka Akcyjna","Polish bank register (plewiba.xml)"
"PL","10900004","WBKPPLPPXXX","10900004","","Erste Bank Polska Spółka Akcyjna","Polish bank register (plewiba.xml)"
"PL","10900020","WBKPPLPPXXX","10900020","","Erste Bank Polska Spółka Akcyjna","Polish bank register (plewiba.xml)"
"PL","10900046","WBKPPLPPXXX","10900046","","Erste Bank Polska Spółka Akcyjna","Polish bank register (plewiba.xml)"
"PL","10900075","WBKPPLPPXXX","10900075","","Erste Bank Polska Spółka Akcyjna","Polish bank register (plewiba.xml)"
"PL","10900088","WBKPPLPPXXX","10900088","","Erste Bank Polska Spółka Akcyjna","Polish bank register (plewiba.xml)"
"PL","10900105","WBKPPLPPXXX","10900105","","Erste Bank Polska Spółka Akcyjna","Polish bank register (plewiba.xml)"
"PL","10901014","WBKPPLPPXXX","10901014","","Erste Bank Polska Spółka Akcyjna","Polish bank register (plewiba.xml)"
"PL","10901030","WBKPPLPPXXX","10901030","","Erste Bank Polska Spółka Akcyjna","Polish bank register (plewiba.xml)"
"PL","10901043","WBKPPLPPXXX","10901043","","Erste Bank Polska Spółka Akcyjna","Polish bank register (plewiba.xml)"
"PL","10901056","WBKPPLPPXXX","10901056","","Erste Bank Polska Spółka Akcyjna","Polish bank register (plewiba.xml)"
"PL","10901069","WBKPPLPPXXX","10901069","","Erste Bank Polska Spółka Akcyjna","Polish bank register (plewiba.xml)"
"PL","10901072","WBKPPLPPXXX","10901072","","Erste Bank Polska Spółka Akcyjna","Polish bank register (plewiba.xml)"
"PL","10901098","WBKPPLPPXXX","10901098","","Erste Bank Polska Spółka Akcyjna","Polish bank register (plewiba.xml)"
"PL","10901102","WBKPPLPPXXX","10901102","","Erste Bank Polska Spółka Akcyjna","Polish bank register (plewiba.xml)"
"PL","10901115","WBKPPLPPXXX","10901115","","Erste Bank Polska Spółka Akcyjna","Polish bank register (plewiba.xml)"
"PL","10901128","WBKPPLPPXXX","10901128","","Erste Bank Polska Spółka Akcyjna","Polish bank register (plewiba.xml)"
"PL","10901131","WBKPPLPPXXX","10901131","","Erste Bank Polska Spółka Akcyjna","Polish bank register (plewiba.xml)"
"PL","10901144","WBKPPLPPXXX","10901144","","Erste Bank Polska Spółka Akcyjna","Polish bank register (plewiba.xml)"
"PL","10901157","WBKPPLPPXXX","10901157","","Erste Bank Polska Spółka Akcyjna","Polish bank register (plewiba.xml)"
"PL","10901160","WBKPPLPPXXX","10901160","","Erste Bank Polska Spółka Akcyjna","Polish bank register (plewiba.xml)"
"PL","10901173","WBKPPLPPXXX","10901173","","Erste Bank Polska Spółka Akcyjna","Polish bank register (plewiba.xml)"
"PL","10901186","WBKPPLPPXXX","10901186","","Erste Bank Polska Spółka Akcyjna","Polish bank register (plewiba.xml)"
"PL","10901199","WBKPPLPPXXX","10901199","","Erste Bank Polska Spółka Akcyjna","Polish bank register (plewiba.xml)"
"PL","10901203","WBKPPLPPXXX","10901203","","Erste Bank Polska Spółka Akcyjna","Polish bank register (plewiba.xml)"
"PL","10901216","WBKPPLPPXXX","10901216","","Erste Bank Polska Spółka Akcyjna","Polish bank register (plewiba.xml)"
"PL","10901229","WBKPPLPPXXX","10901229","","Erste Bank Polska Spółka Akcyjna","Polish bank register (plewiba.xml)"
"PL","10901245","WBKPPLPPXXX","10901245","","Erste Bank Polska Spółka Akcyjna","Polish bank register (plewiba.xml)"
"PL","10901258","WBKPPLPPXXX","10901258","","Erste Bank Polska Spółka Akcyjna","Polish bank register (plewiba.xml)"
"PL","10901261","WBKPPLPPXXX","10901261","","Erste Bank Polska Spółka Akcyjna","Polish bank register (plewiba.xml)"
"PL","10901274","WBKPPLPPXXX","10901274","","Erste Bank Polska Spółka Akcyjna","Polish bank register (plewiba.xml)"
"PL","10901287","WBKPPLPPXXX","10901287","","Erste Bank Polska Spółka Akcyjna","Polish bank register (plewiba.xml)"
"PL","10901290","WBKPPLPPXXX","10901290","","Erste Bank Polska Spółka Akcyjna","Polish bank register (plewiba.xml)"
"PL","10901304","WBKPPLPPXXX","10901304","","Erste Bank Polska Spółka Akcyjna","Polish bank register (plewiba.xml)"
"PL","10901317","WBKPPLPPXXX","10901317","","Erste Bank Polska Spółka Akcyjna","Polish bank register (plewiba.xml)"
"PL","10901320","WBKPPLPPXXX","10901320","","Erste Bank Polska Spółka Akcyjna","Polish bank register (plewiba.xml)"
"PL","10901333","WBKPPLPPXXX","10901333","","Erste Bank Polska Spółka Akcyjna","Polish bank register (plewiba.xml)"
"PL","10901346","WBKPPLPPXXX","10901346","","Erste Bank Polska Spółka Akcyjna","Polish bank register (plewiba.xml)"
"PL","10901359","WBKPPLPPXXX","10901359","","Erste Bank Polska Spółka Akcyjna","Polish bank register (plewiba.xml)"
"PL","10901362","WBKPPLPPXXX","10901362","","Erste Bank Polska Spółka Akcyjna","Polish bank register (plewiba.xml)"
"PL","10901375","WBKPPLPPXXX","10901375","","Erste Bank Polska Spółka Akcyjna","Polish bank register (plewiba.xml)"
"PL","10901388","WBKPPLPPXXX","10901388","","Erste Bank Polska Spółka Akcyjna","Polish bank register (plewiba.xml)"
"PL","10901391","WBKPPLPPXXX","10901391","","Erste Bank Polska Spółka Akcyjna","Polish bank register (plewiba.xml)"
"PL","10901405","WBKPPLPPXXX","10901405","","Erste Bank Polska Spółka Akcyjna","Polish bank register (plewiba.xml)"
"PL","10901418","WBKPPLPPXXX","10901418","","Erste Bank Polska Spółka Akcyjna","Polish bank register (plewiba.xml)"
"PL","10901421","WBKPPLPPXXX","10901421","","Erste Bank Polska Spółka Akcyjna","Polish bank register (plewiba.xml)"
"PL","10901434","WBKPPLPPXXX","10901434","","Erste Bank Polska Spółka Akcyjna","Polish bank register (plewiba.xml)"
"PL","10901447","WBKPPLPPXXX","10901447","","Erste Bank Polska Spółka Akcyjna","Polish bank register (plewiba.xml)"
"PL","10901450","WBKPPLPPXXX","10901450","","Erste Bank Polska Spółka Akcyjna","Polish bank register (plewiba.xml)"
"PL","10901463","WBKPPLPPXXX","10901463","","Erste Bank Polska Spółka Akcyjna","Polish bank register (plewiba.xml)"
"PL","10901476","WBKPPLPPXXX","10901476","","Erste Bank Polska Spółka Akcyjna","Polish bank register (plewiba.xml)"
"PL","10901489","WBKPPLPPXXX","10901489","","Erste Bank Polska Spółka Akcyjna","Polish bank register (plewiba.xml)"
"PL","10901492","WBKPPLPPXXX","10901492","","Erste Bank Polska Spółka Akcyjna","Polish bank register (plewiba.xml)"
"PL","10901506","WBKPPLPPXXX","10901506","","Erste Bank Polska Spółka Akcyjna","Polish bank register (plewiba.xml)"
"PL","10901519","WBKPPLPPXXX","10901519","","Erste Bank Polska Spółka Akcyjna","Polish bank register (plewiba.xml)"
"PL","10901522","WBKPPLPPXXX","10901522","","Erste Bank Polska Spółka Akcyjna","Polish bank register (plewiba.xml)"
"PL","10901535","WBKPPLPPXXX","10901535","","Erste Bank Polska Spółka Akcyjna","Polish bank register (plewiba.xml)"
"PL","10901548","WBKPPLPPXXX","10901548","","Erste Bank Polska Spółka Akcyjna","Polish bank register (plewiba.xml)"
"PL","10901551","WBKPPLPPXXX","10901551","","Erste Bank Polska Spółka Akcyjna","Polish bank register (plewiba.xml)"
"PL","10901564","WBKPPLPPXXX","10901564","","Erste Bank Polska Spółka Akcyjna","Polish bank register (plewiba.xml)"
"PL","10901577","WBKPPLPPXXX","10901577","","Erste Bank Polska Spółka Akcyjna","Polish bank register (plewiba.xml)"
"PL","10901580","WBKPPLPPXXX","10901580","","Erste Bank Polska Spółka Akcyjna","Polish bank register (plewiba.xml)"
"PL","10901593","WBKPPLPPXXX","10901593","","Erste Bank Polska Spółka Akcyjna","Polish bank register (plewiba.xml)"
"PL","10901607","WBKPPLPPXXX","10901607","","Erste Bank Polska Spółka Akcyjna","Polish bank register (plewiba.xml)"
"PL","10901623","WBKPPLPPXXX","10901623","","Erste Bank Polska Spółka Akcyjna","Polish bank register (plewiba.xml)"
"PL","10901636","WBKPPLPPXXX","10901636","","Erste Bank Polska Spółka Akcyjna","Polish bank register (plewiba.xml)"
"PL","10901649","WBKPPLPPXXX","10901649","","Erste Bank Polska Spółka Akcyjna","Polish bank register (plewiba.xml)"
"PL","10901652","WBKPPLPPXXX","10901652","","Erste Bank Polska Spółka Akcyjna","Polish bank register (plewiba.xml)"
"PL","10901665","WBKPPLPPXXX","10901665","","Erste Bank Polska Spółka Akcyjna","Polish bank register (plewiba.xml)"
"PL","10901678","WBKPPLPPXXX","10901678","","Erste Bank Polska Spółka Akcyjna","Polish bank register (plewiba.xml)"
"PL","10901681","WBKPPLPPXXX","10901681","","Erste Bank Polska Spółka Akcyjna","Polish bank register (plewiba.xml)"
"PL","10901694","WBKPPLPPXXX","10901694","","Erste Bank Polska Spółka Akcyjna","Polish bank register (plewiba.xml)"
"PL","10901708","WBKPPLPPXXX","10901708","","Erste Bank Polska Spółka Akcyjna","Polish bank register (plewiba.xml)"
"PL","10901711","WBKPPLPPXXX","10901711","","Erste Bank Polska Spółka Akcyjna","Polish bank register (plewiba.xml)"
"PL","10901737","WBKPPLPPXXX","10901737","","Erste Bank Polska Spółka Akcyjna","Polish bank register (plewiba.xml)"
"PL","10901740","WBKPPLPPXXX","10901740","","Erste Bank Polska Spółka Akcyjna","Polish bank register (plewiba.xml)"
"PL","10901753","WBKPPLPPXXX","10901753","","Erste Bank Polska Spółka Akcyjna","Polish bank register (plewiba.xml)"
"PL","10901766","WBKPPLPPXXX","10901766","","Erste Bank Polska Spółka Akcyjna","Polish bank register (plewiba.xml)"
"PL","10901779","WBKPPLPPXXX","10901779","","Erste Bank Polska Spółka Akcyjna","Polish bank register (plewiba.xml)"
"PL","10901782","WBKPPLPPXXX","10901782","","Erste Bank Polska Spółka Akcyjna","Polish bank register (plewiba.xml)"
"PL","10901795","WBKPPLPPXXX","10901795","","Erste Bank Polska Spółka Akcyjna","Polish bank register (plewiba.xml)"
"PL","10901809","WBKPPLPPXXX","10901809","","Erste Bank Polska Spółka Akcyjna","Polish bank register (plewiba.xml)"
"PL","10901812","WBKPPLPPXXX","10901812","","Erste Bank Polska Spółka Akcyjna","Polish bank register (plewiba.xml)"
"PL","10901825","WBKPPLPPXXX","10901825","","Erste Bank Polska Spółka Akcyjna","Polish bank register (plewiba.xml)"
"PL","10901838","WBKPPLPPXXX","10901838","","Erste Bank Polska Spółka Akcyjna","Polish bank register (plewiba.xml)"
"PL","10901841","WBKPPLPPXXX","10901841","","Erste Bank Polska Spółka Akcyjna","Polish bank register (plewiba.xml)"
"PL","10901854","WBKPPLPPXXX","10901854","","Erste Bank Polska Spółka Akcyjna","Polish bank register (plewiba.xml)"
"PL","10901867","WBKPPLPPXXX","10901867","","Erste Bank Polska Spółka Akcyjna","Polish bank register (plewiba.xml)"
"PL","10901870","WBKPPLPPXXX","10901870","","Erste Bank Polska Spółka Akcyjna","Polish bank register (plewiba.xml)"
"PL","10901883","WBKPPLPPXXX","10901883","","Erste Bank Polska Spółka Akcyjna","Polish bank register (plewiba.xml)"
"PL","10901896","WBKPPLPPXXX","10901896","","Erste Bank Polska Spółka Akcyjna","Polish bank register (plewiba.xml)"
"PL","10901900","WBKPPLPPXXX","10901900","","Erste Bank Polska Spółka Akcyjna","Polish bank register (plewiba.xml)"
"PL","10901926","WBKPPLPPXXX","10901926","","Erste Bank Polska Spółka Akcyjna","Polish bank register (plewiba.xml)"
"PL","10901939","WBKPPLPPXXX","10901939","","Erste Bank Polska Spółka Akcyjna","Polish bank register (plewiba.xml)"
"PL","10901942","WBKPPLPPXXX","10901942","","Erste Bank Polska Spółka Akcyjna","Polish bank register (plewiba.xml)"
"PL","10901955","WBKPPLPPXXX","10901955","","Erste Bank Polska Spółka Akcyjna","Polish bank register (plewiba.xml)"
"PL","10901968","WBKPPLPPXXX","10901968","","Erste Bank Polska Spółka Akcyjna","Polish bank register (plewiba.xml)"
"PL","10901971","WBKPPLPPXXX","10901971","","Erste Bank Polska Spółka Akcyjna","Polish bank register (plewiba.xml)"
"PL","10901984","WBKPPLPPXXX","10901984","","Erste Bank Polska Spółka Akcyjna","Polish bank register (plewiba.xml)"
"PL","10901997","WBKPPLPPXXX","10901997","","Erste Bank Polska Spółka Akcyjna","Polish bank register (plewiba.xml)"
"PL","10902008","WBKPPLPPXXX","10902008","","Erste Bank Polska Spółka Akcyjna","Polish bank register (plewiba.xml)"
"PL","10902011","WBKPPLPPXXX","10902011","","Erste Bank Polska Spółka Akcyjna","Polish bank register (plewiba.xml)"
"PL","10902024","WBKPPLPPXXX","10902024","","Erste Bank Polska Spółka Akcyjna","Polish bank register (plewiba.xml)"
"PL","10902037","WBKPPLPPXXX","10902037","","Erste Bank Polska Spółka Akcyjna","Polish bank register (plewiba.xml)"
"PL","10902040","WBKPPLPPXXX","10902040","","Erste Bank Polska Spółka Akcyjna","Polish bank register (plewiba.xml)"
"PL","10902053","WBKPPLPPXXX","10902053","","Erste Bank Polska Spółka Akcyjna","Polish bank register (plewiba.xml)"
"PL","10902066","WBKPPLPPXXX","10902066","","Erste Bank Polska Spółka Akcyjna","Polish bank register (plewiba.xml)"
"PL","10902079","WBKPPLPPXXX","10902079","","Erste Bank Polska Spółka Akcyjna","Polish bank register (plewiba.xml)"
"PL","10902082","WBKPPLPPXXX","10902082","","Erste Bank Polska Spółka Akcyjna","Polish bank register (plewiba.xml)"
"PL","10902095","WBKPPLPPXXX","10902095","","Erste Bank Polska Spółka Akcyjna","Polish bank register (plewiba.xml)"
"PL","10902109","WBKPPLPPXXX","10902109","","Erste Bank Polska Spółka Akcyjna","Polish bank register (plewiba.xml)"
"PL","10902112","WBKPPLPPXXX","10902112","","Erste Bank Polska Spółka Akcyjna","Polish bank register (plewiba.xml)"
"PL","10902125","WBKPPLPPXXX","10902125","","Erste Bank Polska Spółka Akcyjna","Polish bank register (plewiba.xml)"
"PL","10902138","WBKPPLPPXXX","10902138","","Erste Bank Polska Spółka Akcyjna","Polish bank register (plewiba.xml)"
"PL","10902141","WBKPPLPPXXX","10902141","","Erste Bank Polska Spółka Akcyjna","Polish bank register (plewiba.xml)"
"PL","10902154","WBKPPLPPXXX","10902154","","Erste Bank Polska Spółka Akcyjna","Polish bank register (plewiba.xml)"
"PL","10902167","WBKPPLPPXXX","10902167","","Erste Bank Polska Spółka Akcyjna","Polish bank register (plewiba.xml)"
"PL","10902170","WBKPPLPPXXX","10902170","","Erste Bank Polska Spółka Akcyjna","Polish bank register (plewiba.xml)"
"PL","10902183","WBKPPLPPXXX","10902183","","Erste Bank Polska Spółka Akcyjna","Polish bank register (plewiba.xml)"
"PL","10902196","WBKPPLPPXXX","10902196","","Erste Bank Polska Spółka Akcyjna","Polish bank register (plewiba.xml)"
"PL","10902200","WBKPPLPPXXX","10902200","","Erste Bank Polska Spółka Akcyjna","Polish bank register (plewiba.xml)"
"PL","10902213","WBKPPLPPXXX","10902213","","Erste Bank Polska Spółka Akcyjna","Polish bank register (plewiba.xml)"
"PL","10902226","WBKPPLPPXXX","10902226","","Erste Bank Polska Spółka Akcyjna","Polish bank register (plewiba.xml)"
"PL","10902239","WBKPPLPPXXX","10902239","","Erste Bank Polska Spółka Akcyjna","Polish bank register (plewiba.xml)"
"PL","10902242","WBKPPLPPXXX","10902242","","Erste Bank Polska Spółka Akcyjna","Polish bank register (plewiba.xml)"
"PL","10902255","WBKPPLPPXXX","10902255","","Erste Bank Polska Spółka Akcyjna","Polish bank register (plewiba.xml)"
"PL","10902268","WBKPPLPPXXX","10902268","","Erste Bank Polska Spółka Akcyjna","Polish bank register (plewiba.xml)"
"PL","10902271","WBKPPLPPXXX","10902271","","Erste Bank Polska Spółka Akcyjna","Polish bank register (plewiba.xml)"
"PL","10902284","WBKPPLPPXXX","10902284","","Erste Bank Polska Spółka Akcyjna","Polish bank register (plewiba.xml)"
"PL","10902297","WBKPPLPPXXX","10902297","","Erste Bank Polska Spółka Akcyjna","Polish bank register (plewiba.xml)"
"PL","10902301","WBKPPLPPXXX","10902301","","Erste Bank Polska Spółka Akcyjna","Polish bank register (plewiba.xml)"
"PL","10902314","WBKPPLPPXXX","10902314","","Erste Bank Polska Spółka Akcyjna","Polish bank register (plewiba.xml)"
"PL","10902327","WBKPPLPPXXX","10902327","","Erste Bank Polska Spółka Akcyjna","Polish bank register (plewiba.xml)"
"PL","10902330","WBKPPLPPXXX","10902330","","Erste Bank Polska Spółka Akcyjna","Polish bank register (plewiba.xml)"
"PL","10902343","WBKPPLPPXXX","10902343","","Erste Bank Polska Spółka Akcyjna","Polish bank register (plewiba.xml)"
"PL","10902356","WBKPPLPPXXX","10902356","","Erste Bank Polska Spółka Akcyjna","Polish bank register (plewiba.xml)"
"PL","10902369","WBKPPLPPXXX","10902369","","Erste Bank Polska Spółka Akcyjna","Polish bank register (plewiba.xml)"
"PL","10902372","WBKPPLPPXXX","10902372","","Erste Bank Polska Spółka Akcyjna","Polish bank register (plewiba.xml)"
"PL","10902385","WBKPPLPPXXX","10902385","","Erste Bank Polska Spółka Akcyjna","Polish bank register (plewiba.xml)"
"PL","10902398","WBKPPLPPXXX","10902398","","Erste Bank Polska Spółka Akcyjna","Polish bank register (plewiba.xml)"
"PL","10902402","WBKPPLPPXXX","10902402","","Erste Bank Polska Spółka Akcyjna","Polish bank register (plewiba.xml)"
"PL","10902415","WBKPPLPPXXX","10902415","","Erste Bank Polska Spółka Akcyjna","Polish bank register (plewiba.xml)"
"PL","10902428","WBKPPLPPXXX","10902428","","Erste Bank Polska Spółka Akcyjna","Polish bank register (plewiba.xml)"
"PL","10902431","WBKPPLPPXXX","10902431","","Erste Bank Polska Spółka Akcyjna","Polish bank register (plewiba.xml)"
"PL","10902444","WBKPPLPPXXX","10902444","","Erste Bank Polska Spółka Akcyjna","Polish bank register (plewiba.xml)"
"PL","10902457","WBKPPLPPXXX","10902457","","Erste Bank Polska Spółka Akcyjna","Polish bank register (plewiba.xml)"
"PL","10902460","WBKPPLPPXXX","10902460","","Erste Bank Polska Spółka Akcyjna","Polish bank register (plewiba.xml)"
"PL","10902473","WBKPPLPPXXX","10902473","","Erste Bank Polska Spółka Akcyjna","Polish bank register (plewiba.xml)"
"PL","10902486","WBKPPLPPXXX","10902486","","Erste Bank Polska Spółka Akcyjna","Polish bank register (plewiba.xml)"
"PL","10902499","WBKPPLPPXXX","10902499","","Erste Bank Polska Spółka Akcyjna","Polish bank register (plewiba.xml)"
"PL","10902503","WBKPPLPPXXX","10902503","","Erste Bank Polska Spółka Akcyjna","Polish bank register (plewiba.xml)"
"PL","10902516","WBKPPLPPXXX","10902516","","Erste Bank Polska Spółka Akcyjna","Polish bank register (plewiba.xml)"
"PL","10902529","WBKPPLPPXXX","10902529","","Erste Bank Polska Spółka Akcyjna","Polish bank register (plewiba.xml)"
"PL","10902532","WBKPPLPPXXX","10902532","","Erste Bank Polska Spółka Akcyjna","Polish bank register (plewiba.xml)"
"PL","10902545","WBKPPLPPXXX","10902545","","Erste Bank Polska Spółka Akcyjna","Polish bank register (plewiba.xml)"
"PL","10902558","WBKPPLPPXXX","10902558","","Erste Bank Polska Spółka Akcyjna","Polish bank register (plewiba.xml)"
"PL","10902561","WBKPPLPPXXX","10902561","","Erste Bank Polska Spółka Akcyjna","Polish bank register (plewiba.xml)"
"PL","10902574","WBKPPLPPXXX","10902574","","Erste Bank Polska Spółka Akcyjna","Polish bank register (plewiba.xml)"
"PL","10902587","WBKPPLPPXXX","10902587","","Erste Bank Polska Spółka Akcyjna","Polish bank register (plewiba.xml)"
"PL","10902590","WBKPPLPPXXX","10902590","","Erste Bank Polska Spółka Akcyjna","Polish bank register (plewiba.xml)"
"PL","10902604","WBKPPLPPXXX","10902604","","Erste Bank Polska Spółka Akcyjna","Polish bank register (plewiba.xml)"
"PL","10902617","WBKPPLPPXXX","10902617","","Erste Bank Polska Spółka Akcyjna","Polish bank register (plewiba.xml)"
"PL","10902620","WBKPPLPPXXX","10902620","","Erste Bank Polska Spółka Akcyjna","Polish bank register (plewiba.xml)"
"PL","10902633","WBKPPLPPXXX","10902633","","Erste Bank Polska Spółka Akcyjna","Polish bank register (plewiba.xml)"
"PL","10902646","WBKPPLPPXXX","10902646","","Erste Bank Polska Spółka Akcyjna","Polish bank register (plewiba.xml)"
"PL","10902659","WBKPPLPPXXX","10902659","","Erste Bank Polska Spółka Akcyjna","Polish bank register (plewiba.xml)"
"PL","10902662","WBKPPLPPXXX","10902662","","Erste Bank Polska Spółka Akcyjna","Polish bank register (plewiba.xml)"
"PL","10902675","WBKPPLPPXXX","10902675","","Erste Bank Polska Spółka Akcyjna","Polish bank register (plewiba.xml)"
"PL","10902688","WBKPPLPPXXX","10902688","","Erste Bank Polska Spółka Akcyjna","Polish bank register (plewiba.xml)"
"PL","10902705","WBKPPLPPXXX","10902705","","Erste Bank Polska Spółka Akcyjna","Polish bank register (plewiba.xml)"
"PL","10902718","WBKPPLPPXXX","10902718","","Erste Bank Polska Spółka Akcyjna","Polish bank register (plewiba.xml)"
"PL","10902721","WBKPPLPPXXX","10902721","","Erste Bank Polska Spółka Akcyjna","Polish bank register (plewiba.xml)"
"PL","10902734","WBKPPLPPXXX","10902734","","Erste Bank Polska Spółka Akcyjna","Polish bank register (plewiba.xml)"
"PL","10902747","WBKPPLPPXXX","10902747","","Erste Bank Polska Spółka Akcyjna","Polish bank register (plewiba.xml)"
"PL","10902750","WBKPPLPPXXX","10902750","","Erste Bank Polska Spółka Akcyjna","Polish bank register (plewiba.xml)"
"PL","10902763","WBKPPLPPXXX","10902763","","Erste Bank Polska Spółka Akcyjna","Polish bank register (plewiba.xml)"
"PL","10902776","WBKPPLPPXXX","10902776","","Erste Bank Polska Spółka Akcyjna","Polish bank register (plewiba.xml)"
"PL","10902789","WBKPPLPPXXX","10902789","","Erste Bank Polska Spółka Akcyjna","Polish bank register (plewiba.xml)"
"PL","10902792","WBKPPLPPXXX","10902792","","Erste Bank Polska Spółka Akcyjna","Polish bank register (plewiba.xml)"
"PL","10902806","WBKPPLPPXXX","10902806","","Erste Bank Polska Spółka Akcyjna","Polish bank register (plewiba.xml)"
"PL","10902835","WBKPPLPPXXX","10902835","","Erste Bank Polska Spółka Akcyjna","Polish bank register (plewiba.xml)"
"PL","10902848","WBKPPLPPXXX","10902848","","Erste Bank Polska Spółka Akcyjna","Polish bank register (plewiba.xml)"
"PL","10902851","WBKPPLPPXXX","10902851","","Erste Bank Polska Spółka Akcyjna","Polish bank register (plewiba.xml)"
"PL","11300007","GOSKPLPWXXX","11300007","","Bank Gospodarstwa Krajowego","Polish bank register (plewiba.xml)"
"PL","11300010","GOSKPLPWXXX","11300010","","Bank Gospodarstwa Krajowego","Polish bank register (plewiba.xml)"
"PL","11300023","GOSKPLPWXXX","11300023","","Bank Gospodarstwa Krajowego","Polish bank register (plewiba.xml)"
"PL","11301017","GOSKPLPWXXX","11301017","","Bank Gospodarstwa Krajowego","Polish bank register (plewiba.xml)"
"PL","11301020","GOSKPLPWXXX","11301020","","Bank Gospodarstwa Krajowego","Polish bank register (plewiba.xml)"
"PL","11301033","GOSKPLPWXXX","11301033","","Bank Gospodarstwa Krajowego","Polish bank register (plewiba.xml)"
"PL","11301046","GOSKPLPWXXX","11301046","","Bank Gospodarstwa Krajowego","Polish bank register (plewiba.xml)"
"PL","11301059","GOSKPLPWXXX","11301059","","Bank Gospodarstwa Krajowego","Polish bank register (plewiba.xml)"
"PL","11301062","GOSKPLPWXXX","11301062","","Bank Gospodarstwa Krajowego","Polish bank register (plewiba.xml)"
"PL","11301075","GOSKPLPWXXX","11301075","","Bank Gospodarstwa Krajowego","Polish bank register (plewiba.xml)"
"PL","11301088","GOSKPLPWXXX","11301088","","Bank Gospodarstwa Krajowego","Polish bank register (plewiba.xml)"
"PL","11301091","GOSKPLPWXXX","11301091","","Bank Gospodarstwa Krajowego","Polish bank register (plewiba.xml)"
"PL","11301105","GOSKPLPWXXX","11301105","","Bank Gospodarstwa Krajowego","Polish bank register (plewiba.xml)"
"PL","11301121","GOSLPLPWXXX","11301121","","Bank Gospodarstwa Krajowego","Polish bank register (plewiba.xml)"
"PL","11301134","GOSKPLPWXXX","11301134","","Bank Gospodarstwa Krajowego","Polish bank register (plewiba.xml)"
"PL","11301150","GOSKPLPWXXX","11301150","","Bank Gospodarstwa Krajowego","Polish bank register (plewiba.xml)"
"PL","11301163","GOSKPLPWXXX","11301163","","Bank Gospodarstwa Krajowego","Polish bank register (plewiba.xml)"
"PL","11301176","GOSKPLPWXXX","11301176","","Bank Gospodarstwa Krajowego","Polish bank register (plewiba.xml)"
"PL","11301189","GOSKPLPWXXX","11301189","","Bank Gospodarstwa Krajowego","Polish bank register (plewiba.xml)"
"PL","11301192","GOSKPLPWXXX","11301192","","Bank Gospodarstwa Krajowego","Polish bank register (plewiba.xml)"
"PL","11301206","GOSKPLPWXXX","11301206","","Bank Gospodarstwa Krajowego","Polish bank register (plewiba.xml)"
"PL","11301219","GOSKPLPWXXX","11301219","","Bank Gospodarstwa Krajowego","Polish bank register (plewiba.xml)"
"PL","11301222","GOSKPLPWXXX","11301222","","Bank Gospodarstwa Krajowego","Polish bank register (plewiba.xml)"
"PL","11301235","GOSKPLPWXXX","11301235","","Bank Gospodarstwa Krajowego","Polish bank register (plewiba.xml)"
"PL","11301248","GOSKPLPWXXX","11301248","","Bank Gospodarstwa Krajowego","Polish bank register (plewiba.xml)"
"PL","11400000","BREXPLPWXXX","11400000","","mBank Spółka Akcyjna","Polish bank register (plewiba.xml)"
"PL","11401010","BREXPLPWWA1","11401010","","mBank Spółka Akcyjna","Polish bank register (plewiba.xml)"
"PL","11401023","BREXPLPWBYD","11401023","","mBank Spółka Akcyjna","Polish bank register (plewiba.xml)"
"PL","11401036","BREXPLPWXXX","11401036","","mBank Spółka Akcyjna","Polish bank register (plewiba.xml)"
"PL","11401049","BREXPLPWBIB","11401049","","mBank Spółka Akcyjna","Polish bank register (plewiba.xml)"
"PL","11401052","BREXPLPWBYD","11401052","","mBank Spółka Akcyjna","Polish bank register (plewiba.xml)"
"PL","11401065","BREXPLPWGDA","11401065","","mBank Spółka Akcyjna","Polish bank register (plewiba.xml)"
"PL","11401078","BREXPLPWKAT","11401078","","mBank Spółka Akcyjna","Polish bank register (plewiba.xml)"
"PL","11401081","BREXPLPWKRA","11401081","","mBank Spółka Akcyjna","Polish bank register (plewiba.xml)"
"PL","11401094","BREXPLPWLUB","11401094","","mBank Spółka Akcyjna","Polish bank register (plewiba.xml)"
"PL","11401108","BREXPLPWLOD","11401108","","mBank Spółka Akcyjna","Polish bank register (plewiba.xml)"
"PL","11401111","BREXPLPWOLS","11401111","","mBank Spółka Akcyjna","Polish bank register (plewiba.xml)"
"PL","11401124","BREXPLPWPOZ","11401124","","mBank Spółka Akcyjna","Polish bank register (plewiba.xml)"
"PL","11401137","BREXPLPWSZC","11401137","","mBank Spółka Akcyjna","Polish bank register (plewiba.xml)"
"PL","11401140","BREXPLPWWRO","11401140","","mBank Spółka Akcyjna","Polish bank register (plewiba.xml)"
"PL","11401153","BREXPLPWGDY","11401153","","mBank Spółka Akcyjna","Polish bank register (plewiba.xml)"
"PL","11401166","BREXPLPWXXX","11401166","","mBank Spółka Akcyjna","Polish bank register (plewiba.xml)"
"PL","11401179","BREXPLPWRYB","11401179","","mBank Spółka Akcyjna","Polish bank register (plewiba.xml)"
"PL","11401182","BREXPLPWXXX","11401182","","mBank Spółka Akcyjna","Polish bank register (plewiba.xml)"
"PL","11401209","BREXPLPWXXX","11401209","","mBank Spółka Akcyjna","Polish bank register (plewiba.xml)"
"PL","11401212","BREXPLPWXXX","11401212","","mBank Spółka Akcyjna","Polish bank register (plewiba.xml)"
"PL","11401225","BREXPLPWRZE","11401225","","mBank Spółka Akcyjna","Polish bank register (plewiba.xml)"
"PL","11401238","BREXPLPWXXX","11401238","","mBank Spółka Akcyjna","Polish bank register (plewiba.xml)"
"PL","11401241","BREXPLPWXXX","11401241","","mBank Spółka Akcyjna","Polish bank register (plewiba.xml)"
"PL","11401443","BREXPLPWGOR","11401443","","mBank Spółka Akcyjna","Polish bank register (plewiba.xml)"
"PL","11401560","BREXPLPWXXX","11401560","","mBank Spółka Akcyjna","Polish bank register (plewiba.xml)"
"PL","11401573","BREXPLPWXXX","11401573","","mBank Spółka Akcyjna","Polish bank register (plewiba.xml)"
"PL","11401603","BREXPLPWXXX","11401603","","mBank Spółka Akcyjna","Polish bank register (plewiba.xml)"
"PL","11401616","BREXPLPWXXX","11401616","","mBank Spółka Akcyjna","Polish bank register (plewiba.xml)"
"PL","11401629","BREXPLPWXXX","11401629","","mBank Spółka Akcyjna","Polish bank register (plewiba.xml)"
"PL","11401632","BREXPLPWXXX","11401632","","mBank Spółka Akcyjna","Polish bank register (plewiba.xml)"
"PL","11401645","BREXPLPWXXX","11401645","","mBank Spółka Akcyjna","Polish bank register (plewiba.xml)"
"PL","11401658","BREXPLPWXXX","11401658","","mBank Spółka Akcyjna","Polish bank register (plewiba.xml)"
"PL","11401661","BREXPLPWXXX","11401661","","mBank Spółka Akcyjna","Polish bank register (plewiba.xml)"
"PL","11401674","BREXPLPWXXX","11401674","","mBank Spółka Akcyjna","Polish bank register (plewiba.xml)"
"PL","11401687","BREXPLPWXXX","11401687","","mBank Spółka Akcyjna","Polish bank register (plewiba.xml)"
"PL","11401690","BREXPLPWXXX","11401690","","mBank Spółka Akcyjna","Polish bank register (plewiba.xml)"
"PL","11401720","BREXPLPWXXX","11401720","","mBank Spółka Akcyjna","Polish bank register (plewiba.xml)"
"PL","11401746","BREXPLPWXXX","11401746","","mBank Spółka Akcyjna","Polish bank register (plewiba.xml)"
"PL","11401775","BREXPLPWBIA","11401775","","mBank Spółka Akcyjna","Polish bank register (plewiba.xml)"
"PL","11401788","BREXPLPWOPO","11401788","","mBank Spółka Akcyjna","Polish bank register (plewiba.xml)"
"PL","11401850","BREXPLPWZIE","11401850","","mBank Spółka Akcyjna","Polish bank register (plewiba.xml)"
"PL","11401889","BREXPLPWCZE","11401889","","mBank Spółka Akcyjna","Polish bank register (plewiba.xml)"
"PL","11401892","BREXPLPWXXX","11401892","","mBank Spółka Akcyjna","Polish bank register (plewiba.xml)"
"PL","11401906","BREXPLPWXXX","11401906","","mBank Spółka Akcyjna","Polish bank register (plewiba.xml)"
"PL","11401964","BREXPLPWXXX","11401964","","mBank Spółka Akcyjna","Polish bank register (plewiba.xml)"
"PL","11401977","BREXPLPWWA2","11401977","","mBank Spółka Akcyjna","Polish bank register (plewiba.xml)"
"PL","11401980","BREXPLPWXXX","11401980","","mBank Spółka Akcyjna","Polish bank register (plewiba.xml)"
"PL","11401993","BREXPLPWKAL","11401993","","mBank Spółka Akcyjna","Polish bank register (plewiba.xml)"
"PL","11402004","BREXPLPWMBK","11402004","","mBank Spółka Akcyjna","Polish bank register (plewiba.xml)"
"PL","11402017","BREXPLPWMUL","11402017","","mBank Spółka Akcyjna","Polish bank register (plewiba.xml)"
"PL","11402020","BREXPLPWKIE","11402020","","mBank Spółka Akcyjna","Polish bank register (plewiba.xml)"
"PL","11402059","BREXPLPWXXX","11402059","","mBank Spółka Akcyjna","Polish bank register (plewiba.xml)"
"PL","11402062","BREXPLPWWA3","11402062","","mBank Spółka Akcyjna","Polish bank register (plewiba.xml)"
"PL","11402075","BREXPLPWNWS","11402075","","mBank Spółka Akcyjna","Polish bank register (plewiba.xml)"
"PL","11402088","BREXPLPWTOR","11402088","","mBank Spółka Akcyjna","Polish bank register (plewiba.xml)"
"PL","11402091","BREXPLPWWAL","11402091","","mBank Spółka Akcyjna","Polish bank register (plewiba.xml)"
"PL","11402105","BREXPLPWWA4","11402105","","mBank Spółka Akcyjna","Polish bank register (plewiba.xml)"
"PL","11402118","BREXPLPWKOS","11402118","","mBank Spółka Akcyjna","Polish bank register (plewiba.xml)"
"PL","11402121","BREXPLPWMBK","11402121","","mBank Spółka Akcyjna","Polish bank register (plewiba.xml)"
"PL","11402134","BREXPLPWXXX","11402134","","mBank Spółka Akcyjna","Polish bank register (plewiba.xml)"
"PL","11420008","BREXPLPWOMB","11420008","","mBank Spółka Akcyjna","Polish bank register (plewiba.xml)"
"PL","11600006","BIGBPLPWXXX","11600006","","Bank Millennium Spółka Akcyjna","Polish bank register (plewiba.xml)"
"PL","11602202","BIGBPLPWXXX","11602202","","Bank Millennium Spółka Akcyjna","Polish bank register (plewiba.xml)"
"PL","11602215","BIGBPLPWXXX","11602215","","Bank Millennium Spółka Akcyjna","Polish bank register (plewiba.xml)"
"PL","11602228","BIGBPLPWXXX","11602228","","Bank Millennium Spółka Akcyjna","Polish bank register (plewiba.xml)"
"PL","11602231","BIGBPLPWXXX","11602231","","Bank Millennium Spółka Akcyjna","Polish bank register (plewiba.xml)"
"PL","11602244","BIGBPLPWXXX","11602244","","Bank Millennium Spółka Akcyjna","Polish bank register (plewiba.xml)"
"PL","12400001","PKOPPLPWXXX","12400001","","Bank Polska Kasa Opieki Spółka Akcyjna","Polish bank register (plewiba.xml)"
"PL","12400027","PKOPPLPWXXX","12400027","","Bank Polska Kasa Opieki Spółka Akcyjna","Polish bank register (plewiba.xml)"
"PL","12400030","PKOPPLPWXXX","12400030","","Bank Polska Kasa Opieki Spółka Akcyjna","Polish bank register (plewiba.xml)"
"PL","12400043","PKOPPLPWXXX","12400043","","Bank Polska Kasa Opieki Spółka Akcyjna","Polish bank register (plewiba.xml)"
"PL","12400056","PKOPPLPWCUS","12400056","","Bank Polska Kasa Opieki Spółka Akcyjna","Polish bank register (plewiba.xml)"
"PL","12400069","PKOPPLPWXXX","12400069","","Bank Polska Kasa Opieki Spółka Akcyjna","Polish bank register (plewiba.xml)"
"PL","12400072","PKOPPLPWXXX","12400072","","Bank Polska Kasa Opieki Spółka Akcyjna","Polish bank register (plewiba.xml)"
"PL","12400102","PKOPPLPWXXX","12400102","","Pekao Bank Hipoteczny Spółka Akcyjna","Polish bank register (plewiba.xml)"
"PL","12400115","PKOPPLPWXXX","12400115","","Bank Polska Kasa Opieki Spółka Akcyjna","Polish bank register (plewiba.xml)"
"PL","12400128","PKOPPLPWXXX","12400128","","Bank Polska Kasa Opieki Spółka Akcyjna","Polish bank register (plewiba.xml)"
"PL","12400131","PKOPPLPWXXX","12400131","","Bank Polska Kasa Opieki Spółka Akcyjna","Polish bank register (plewiba.xml)"
"PL","12401011","PKOPPLPWXXX","12401011","","Bank Polska Kasa Opieki Spółka Akcyjna","Polish bank register (plewiba.xml)"
"PL","12401024","PKOPPLPWXXX","12401024","","Bank Polska Kasa Opieki Spółka Akcyjna","Polish bank register (plewiba.xml)"
"PL","12401037","PKOPPLPWXXX","12401037","","Bank Polska Kasa Opieki Spółka Akcyjna","Polish bank register (plewiba.xml)"
"PL","12401040","PKOPPLPWXXX","12401040","","Bank Polska Kasa Opieki Spółka Akcyjna","Polish bank register (plewiba.xml)"
"PL","12401053","PKOPPLPWXXX","12401053","","Bank Polska Kasa Opieki Spółka Akcyjna","Polish bank register (plewiba.xml)"
"PL","12401066","PKOPPLPWXXX","12401066","","Bank Polska Kasa Opieki Spółka Akcyjna","Polish bank register (plewiba.xml)"
"PL","12401079","PKOPPLPWXXX","12401079","","Bank Polska Kasa Opieki Spółka Akcyjna","Polish bank register (plewiba.xml)"
"PL","12401082","PKOPPLPWXXX","12401082","","Bank Polska Kasa Opieki Spółka Akcyjna","Polish bank register (plewiba.xml)"
"PL","12401095","PKOPPLPWXXX","12401095","","Bank Polska Kasa Opieki Spółka Akcyjna","Polish bank register (plewiba.xml)"
"PL","12401109","PKOPPLPWXXX","12401109","","Bank Polska Kasa Opieki Spółka Akcyjna","Polish bank register (plewiba.xml)"
"PL","12401112","PKOPPLPWXXX","12401112","","Bank Polska Kasa Opieki Spółka Akcyjna","Polish bank register (plewiba.xml)"
"PL","12401125","PKOPPLPWXXX","12401125","","Bank Polska Kasa Opieki Spółka Akcyjna","Polish bank register (plewiba.xml)"
"PL","12401138","PKOPPLPWXXX","12401138","","Bank Polska Kasa Opieki Spółka Akcyjna","Polish bank register (plewiba.xml)"
"PL","12401141","PKOPPLPWXXX","12401141","","Bank Polska Kasa Opieki Spółka Akcyjna","Polish bank register (plewiba.xml)"
"PL","12401154","PKOPPLPWXXX","12401154","","Bank Polska Kasa Opieki Spółka Akcyjna","Polish bank register (plewiba.xml)"
"PL","12401170","PKOPPLPWXXX","12401170","","Bank Polska Kasa Opieki Spółka Akcyjna","Polish bank register (plewiba.xml)"
"PL","12401183","PKOPPLPWXXX","12401183","","Bank Polska Kasa Opieki Spółka Akcyjna","Polish bank register (plewiba.xml)"
"PL","12401196","PKOPPLPWXXX","12401196","","Bank Polska Kasa Opieki Spółka Akcyjna","Polish bank register (plewiba.xml)"
"PL","12401200","PKOPPLPWXXX","12401200","","Bank Polska Kasa Opieki Spółka Akcyjna","Polish bank register (plewiba.xml)"
"PL","12401213","PKOPPLPWXXX","12401213","","Bank Polska Kasa Opieki Spółka Akcyjna","Polish bank register (plewiba.xml)"
"PL","12401226","PKOPPLPWXXX","12401226","","Bank Polska Kasa Opieki Spółka Akcyjna","Polish bank register (plewiba.xml)"
"PL","12401239","PKOPPLPWXXX","12401239","","Bank Polska Kasa Opieki Spółka Akcyjna","Polish bank register (plewiba.xml)"
"PL","12401242","PKOPPLPWXXX","12401242","","Bank Polska Kasa Opieki Spółka Akcyjna","Polish bank register (plewiba.xml)"
"PL","12401255","PKOPPLPWXXX","12401255","","Bank Polska Kasa Opieki Spółka Akcyjna","Polish bank register (plewiba.xml)"
"PL","12401268","PKOPPLPWXXX","12401268","","Bank Polska Kasa Opieki Spółka Akcyjna","Polish bank register (plewiba.xml)"
"PL","12401271","PKOPPLPWXXX","12401271","","Bank Polska Kasa Opieki Spółka Akcyjna","Polish bank register (plewiba.xml)"
"PL","12401284","PKOPPLPWXXX","12401284","","Bank Polska Kasa Opieki Spółka Akcyjna","Polish bank register (plewiba.xml)"
"PL","12401297","PKOPPLPWXXX","12401297","","Bank Polska Kasa Opieki Spółka Akcyjna","Polish bank register (plewiba.xml)"
"PL","12401301","PKOPPLPWXXX","12401301","","Bank Polska Kasa Opieki Spółka Akcyjna","Polish bank register (plewiba.xml)"
"PL","12401314","PKOPPLPWXXX","12401314","","Bank Polska Kasa Opieki Spółka Akcyjna","Polish bank register (plewiba.xml)"
"PL","12401327","PKOPPLPWXXX","12401327","","Bank Polska Kasa Opieki Spółka Akcyjna","Polish bank register (plewiba.xml)"
"PL","12401330","PKOPPLPWXXX","12401330","","Bank Polska Kasa Opieki Spółka Akcyjna","Polish bank register (plewiba.xml)"
"PL","12401343","PKOPPLPWXXX","12401343","","Bank Polska Kasa Opieki Spółka Akcyjna","Polish bank register (plewiba.xml)"
"PL","12401356","PKOPPLPWXXX","12401356","","Bank Polska Kasa Opieki Spółka Akcyjna","Polish bank register (plewiba.xml)"
"PL","12401369","PKOPPLPWXXX","12401369","","Bank Polska Kasa Opieki Spółka Akcyjna","Polish bank register (plewiba.xml)"
"PL","12401372","PKOPPLPWXXX","12401372","","Bank Polska Kasa Opieki Spółka Akcyjna","Polish bank register (plewiba.xml)"
"PL","12401385","PKOPPLPWXXX","12401385","","Bank Polska Kasa Opieki Spółka Akcyjna","Polish bank register (plewiba.xml)"
"PL","12401398","PKOPPLPWXXX","12401398","","Bank Polska Kasa Opieki Spółka Akcyjna","Polish bank register (plewiba.xml)"
"PL","12401402","PKOPPLPWXXX","12401402","","Bank Polska Kasa Opieki Spółka Akcyjna","Polish bank register (plewiba.xml)"
"PL","12401415","PKOPPLPWXXX","12401415","","Bank Polska Kasa Opieki Spółka Akcyjna","Polish bank register (plewiba.xml)"
"PL","12401428","PKOPPLPWXXX","12401428","","Bank Polska Kasa Opieki Spółka Akcyjna","Polish bank register (plewiba.xml)"
"PL","12401431","PKOPPLPWXXX","12401431","","Bank Polska Kasa Opieki Spółka Akcyjna","Polish bank register (plewiba.xml)"
"PL","12401444","PKOPPLPWXXX","12401444","","Bank Polska Kasa Opieki Spółka Akcyjna","Polish bank register (plewiba.xml)"
"PL","12401457","PKOPPLPWXXX","12401457","","Bank Polska Kasa Opieki Spółka Akcyjna","Polish bank register (plewiba.xml)"
"PL","12401460","PKOPPLPWXXX","12401460","","Bank Polska Kasa Opieki Spółka Akcyjna","Polish bank register (plewiba.xml)"
"PL","12401473","PKOPPLPWXXX","12401473","","Bank Polska Kasa Opieki Spółka Akcyjna","Polish bank register (plewiba.xml)"
"PL","12401486","PKOPPLPWXXX","12401486","","Bank Polska Kasa Opieki Spółka Akcyjna","Polish bank register (plewiba.xml)"
"PL","12401499","PKOPPLPWXXX","12401499","","Bank Polska Kasa Opieki Spółka Akcyjna","Polish bank register (plewiba.xml)"
"PL","12401503","PKOPPLPWXXX","12401503","","Bank Polska Kasa Opieki Spółka Akcyjna","Polish bank register (plewiba.xml)"
"PL","12401516","PKOPPLPWXXX","12401516","","Bank Polska Kasa Opieki Spółka Akcyjna","Polish bank register (plewiba.xml)"
"PL","12401529","PKOPPLPWXXX","12401529","","Bank Polska Kasa Opieki Spółka Akcyjna","Polish bank register (plewiba.xml)"
"PL","12401532","PKOPPLPWXXX","12401532","","Bank Polska Kasa Opieki Spółka Akcyjna","Polish bank register (plewiba.xml)"
"PL","12401545","PKOPPLPWXXX","12401545","","Bank Polska Kasa Opieki Spółka Akcyjna","Polish bank register (plewiba.xml)"
"PL","12401558","PKOPPLPWXXX","12401558","","Bank Polska Kasa Opieki Spółka Akcyjna","Polish bank register (plewiba.xml)"
"PL","12401561","PKOPPLPWXXX","12401561","","Bank Polska Kasa Opieki Spółka Akcyjna","Polish bank register (plewiba.xml)"
"PL","12401574","PKOPPLPWXXX","12401574","","Bank Polska Kasa Opieki Spółka Akcyjna","Polish bank register (plewiba.xml)"
"PL","12401587","PKOPPLPWXXX","12401587","","Bank Polska Kasa Opieki Spółka Akcyjna","Polish bank register (plewiba.xml)"
"PL","12401590","PKOPPLPWXXX","12401590","","Bank Polska Kasa Opieki Spółka Akcyjna","Polish bank register (plewiba.xml)"
"PL","12401604","PKOPPLPWXXX","12401604","","Bank Polska Kasa Opieki Spółka Akcyjna","Polish bank register (plewiba.xml)"
"PL","12401617","PKOPPLPWXXX","12401617","","Bank Polska Kasa Opieki Spółka Akcyjna","Polish bank register (plewiba.xml)"
"PL","12401620","PKOPPLPWXXX","12401620","","Bank Polska Kasa Opieki Spółka Akcyjna","Polish bank register (plewiba.xml)"
"PL","12401633","PKOPPLPWXXX","12401633","","Bank Polska Kasa Opieki Spółka Akcyjna","Polish bank register (plewiba.xml)"
"PL","12401646","PKOPPLPWXXX","12401646","","Bank Polska Kasa Opieki Spółka Akcyjna","Polish bank register (plewiba.xml)"
"PL","12401659","PKOPPLPWXXX","12401659","","Bank Polska Kasa Opieki Spółka Akcyjna","Polish bank register (plewiba.xml)"
"PL","12401662","PKOPPLPWXXX","12401662","","Bank Polska Kasa Opieki Spółka Akcyjna","Polish bank register (plewiba.xml)"
"PL","12401675","PKOPPLPWXXX","12401675","","Bank Polska Kasa Opieki Spółka Akcyjna","Polish bank register (plewiba.xml)"
"PL","12401688","PKOPPLPWXXX","12401688","","Bank Polska Kasa Opieki Spółka Akcyjna","Polish bank register (plewiba.xml)"
"PL","12401691","PKOPPLPWXXX","12401691","","Bank Polska Kasa Opieki Spółka Akcyjna","Polish bank register (plewiba.xml)"
"PL","12401705","PKOPPLPWXXX","12401705","","Bank Polska Kasa Opieki Spółka Akcyjna","Polish bank register (plewiba.xml)"
"PL","12401718","PKOPPLPWXXX","12401718","","Bank Polska Kasa Opieki Spółka Akcyjna","Polish bank register (plewiba.xml)"
"PL","12401721","PKOPPLPWXXX","12401721","","Bank Polska Kasa Opieki Spółka Akcyjna","Polish bank register (plewiba.xml)"
"PL","12401734","PKOPPLPWXXX","12401734","","Bank Polska Kasa Opieki Spółka Akcyjna","Polish bank register (plewiba.xml)"
"PL","12401747","PKOPPLPWXXX","12401747","","Bank Polska Kasa Opieki Spółka Akcyjna","Polish bank register (plewiba.xml)"
"PL","12401750","PKOPPLPWXXX","12401750","","Bank Polska Kasa Opieki Spółka Akcyjna","Polish bank register (plewiba.xml)"
"PL","12401763","PKOPPLPWXXX","12401763","","Bank Polska Kasa Opieki Spółka Akcyjna","Polish bank register (plewiba.xml)"
"PL","12401776","PKOPPLPWXXX","12401776","","Bank Polska Kasa Opieki Spółka Akcyjna","Polish bank register (plewiba.xml)"
"PL","12401789","PKOPPLPWXXX","12401789","","Bank Polska Kasa Opieki Spółka Akcyjna","Polish bank register (plewiba.xml)"
"PL","12401792","PKOPPLPWXXX","12401792","","Bank Polska Kasa Opieki Spółka Akcyjna","Polish bank register (plewiba.xml)"
"PL","12401806","PKOPPLPWXXX","12401806","","Bank Polska Kasa Opieki Spółka Akcyjna","Polish bank register (plewiba.xml)"
"PL","12401819","PKOPPLPWXXX","12401819","","Bank Polska Kasa Opieki Spółka Akcyjna","Polish bank register (plewiba.xml)"
"PL","12401822","PKOPPLPWXXX","12401822","","Bank Polska Kasa Opieki Spółka Akcyjna","Polish bank register (plewiba.xml)"
"PL","12401835","PKOPPLPWXXX","12401835","","Bank Polska Kasa Opieki Spółka Akcyjna","Polish bank register (plewiba.xml)"
"PL","12401848","PKOPPLPWXXX","12401848","","Bank Polska Kasa Opieki Spółka Akcyjna","Polish bank register (plewiba.xml)"
"PL","12401851","PKOPPLPWXXX","12401851","","Bank Polska Kasa Opieki Spółka Akcyjna","Polish bank register (plewiba.xml)"
"PL","12401864","PKOPPLPWXXX","12401864","","Bank Polska Kasa Opieki Spółka Akcyjna","Polish bank register (plewiba.xml)"
"PL","12401877","PKOPPLPWXXX","12401877","","Bank Polska Kasa Opieki Spółka Akcyjna","Polish bank register (plewiba.xml)"
"PL","12401880","PKOPPLPWXXX","12401880","","Bank Polska Kasa Opieki Spółka Akcyjna","Polish bank register (plewiba.xml)"
"PL","12401907","PKOPPLPWXXX","12401907","","Bank Polska Kasa Opieki Spółka Akcyjna","Polish bank register (plewiba.xml)"
"PL","12401910","PKOPPLPWXXX","12401910","","Bank Polska Kasa Opieki Spółka Akcyjna","Polish bank register (plewiba.xml)"
"PL","12401923","PKOPPLPWXXX","12401923","","Bank Polska Kasa Opieki Spółka Akcyjna","Polish bank register (plewiba.xml)"
"PL","12401936","PKOPPLPWXXX","12401936","","Bank Polska Kasa Opieki Spółka Akcyjna","Polish bank register (plewiba.xml)"
"PL","12401949","PKOPPLPWXXX","12401949","","Bank Polska Kasa Opieki Spółka Akcyjna","Polish bank register (plewiba.xml)"
"PL","12401952","PKOPPLPWXXX","12401952","","Bank Polska Kasa Opieki Spółka Akcyjna","Polish bank register (plewiba.xml)"
"PL","12401965","PKOPPLPWXXX","12401965","","Bank Polska Kasa Opieki Spółka Akcyjna","Polish bank register (plewiba.xml)"
"PL","12401978","PKOPPLPWXXX","12401978","","Bank Polska Kasa Opieki Spółka Akcyjna","Polish bank register (plewiba.xml)"
"PL","12401981","PKOPPLPWXXX","12401981","","Bank Polska Kasa Opieki Spółka Akcyjna","Polish bank register (plewiba.xml)"
"PL","12401994","PKOPPLPWXXX","12401994","","Bank Polska Kasa Opieki Spółka Akcyjna","Polish bank register (plewiba.xml)"
"PL","12402005","PKOPPLPWXXX","12402005","","Bank Polska Kasa Opieki Spółka Akcyjna","Polish bank register (plewiba.xml)"
"PL","12402018","PKOPPLPWXXX","12402018","","Bank Polska Kasa Opieki Spółka Akcyjna","Polish bank register (plewiba.xml)"
"PL","12402021","PKOPPLPWXXX","12402021","","Bank Polska Kasa Opieki Spółka Akcyjna","Polish bank register (plewiba.xml)"
"PL","12402034","PKOPPLPWXXX","12402034","","Bank Polska Kasa Opieki Spółka Akcyjna","Polish bank register (plewiba.xml)"
"PL","12402063","PKOPPLPWXXX","12402063","","Bank Polska Kasa Opieki Spółka Akcyjna","Polish bank register (plewiba.xml)"
"PL","12402076","PKOPPLPWXXX","12402076","","Bank Polska Kasa Opieki Spółka Akcyjna","Polish bank register (plewiba.xml)"
"PL","12402089","PKOPPLPWXXX","12402089","","Bank Polska Kasa Opieki Spółka Akcyjna","Polish bank register (plewiba.xml)"
"PL","12402092","PKOPPLPWXXX","12402092","","Bank Polska Kasa Opieki Spółka Akcyjna","Polish bank register (plewiba.xml)"
"PL","12402106","PKOPPLPWXXX","12402106","","Bank Polska Kasa Opieki Spółka Akcyjna","Polish bank register (plewiba.xml)"
"PL","12402119","PKOPPLPWXXX","12402119","","Bank Polska Kasa Opieki Spółka Akcyjna","Polish bank register (plewiba.xml)"
"PL","12402122","PKOPPLPWXXX","12402122","","Bank Polska Kasa Opieki Spółka Akcyjna","Polish bank register (plewiba.xml)"
"PL","12402135","PKOPPLPWXXX","12402135","","Bank Polska Kasa Opieki Spółka Akcyjna","Polish bank register (plewiba.xml)"
"PL","12402148","PKOPPLPWXXX","12402148","","Bank Polska Kasa Opieki Spółka Akcyjna","Polish bank register (plewiba.xml)"
"PL","12402151","PKOPPLPWXXX","12402151","","Bank Polska Kasa Opieki Spółka Akcyjna","Polish bank register (plewiba.xml)"
"PL","12402164","PKOPPLPWXXX","12402164","","Bank Polska Kasa Opieki Spółka Akcyjna","Polish bank register (plewiba.xml)"
"PL","12402177","PKOPPLPWXXX","12402177","","Bank Polska Kasa Opieki Spółka Akcyjna","Polish bank register (plewiba.xml)"
"PL","12402180","PKOPPLPWXXX","12402180","","Bank Polska Kasa Opieki Spółka Akcyjna","Polish bank register (plewiba.xml)"
"PL","12402193","PKOPPLPWXXX","12402193","","Bank Polska Kasa Opieki Spółka Akcyjna","Polish bank register (plewiba.xml)"
"PL","12402210","PKOPPLPWXXX","12402210","","Bank Polska Kasa Opieki Spółka Akcyjna","Polish bank register (plewiba.xml)"
"PL","12402223","PKOPPLPWXXX","12402223","","Bank Polska Kasa Opieki Spółka Akcyjna","Polish bank register (plewiba.xml)"
"PL","12402236","PKOPPLPWXXX","12402236","","Bank Polska Kasa Opieki Spółka Akcyjna","Polish bank register (plewiba.xml)"
"PL","12402249","PKOPPLPWXXX","12402249","","Bank Polska Kasa Opieki Spółka Akcyjna","Polish bank register (plewiba.xml)"
"PL","12402252","PKOPPLPWXXX","12402252","","Bank Polska Kasa Opieki Spółka Akcyjna","Polish bank register (plewiba.xml)"
"PL","12402265","PKOPPLPWXXX","12402265","","Bank Polska Kasa Opieki Spółka Akcyjna","Polish bank register (plewiba.xml)"
"PL","12402278","PKOPPLPWXXX","12402278","","Bank Polska Kasa Opieki Spółka Akcyjna","Polish bank register (plewiba.xml)"
"PL","12402281","PKOPPLPWXXX","12402281","","Bank Polska Kasa Opieki Spółka Akcyjna","Polish bank register (plewiba.xml)"
"PL","12402294","PKOPPLPWXXX","12402294","","Bank Polska Kasa Opieki Spółka Akcyjna","Polish bank register (plewiba.xml)"
"PL","12402308","PKOPPLPWXXX","12402308","","Bank Polska Kasa Opieki Spółka Akcyjna","Polish bank register (plewiba.xml)"
"PL","12402311","PKOPPLPWXXX","12402311","","Bank Polska Kasa Opieki Spółka Akcyjna","Polish bank register (plewiba.xml)"
"PL","12402324","PKOPPLPWXXX","12402324","","Bank Polska Kasa Opieki Spółka Akcyjna","Polish bank register (plewiba.xml)"
"PL","12402337","PKOPPLPWXXX","12402337","","Bank Polska Kasa Opieki Spółka Akcyjna","Polish bank register (plewiba.xml)"
"PL","12402340","PKOPPLPWXXX","12402340","","Bank Polska Kasa Opieki Spółka Akcyjna","Polish bank register (plewiba.xml)"
"PL","12402353","PKOPPLPWXXX","12402353","","Bank Polska Kasa Opieki Spółka Akcyjna","Polish bank register (plewiba.xml)"
"PL","12402366","PKOPPLPWXXX","12402366","","Bank Polska Kasa Opieki Spółka Akcyjna","Polish bank register (plewiba.xml)"
"PL","12402379","PKOPPLPWXXX","12402379","","Bank Polska Kasa Opieki Spółka Akcyjna","Polish bank register (plewiba.xml)"
"PL","12402382","PKOPPLPWXXX","12402382","","Bank Polska Kasa Opieki Spółka Akcyjna","Polish bank register (plewiba.xml)"
"PL","12402395","PKOPPLPWXXX","12402395","","Bank Polska Kasa Opieki Spółka Akcyjna","Polish bank register (plewiba.xml)"
"PL","12402409","PKOPPLPWXXX","12402409","","Bank Polska Kasa Opieki Spółka Akcyjna","Polish bank register (plewiba.xml)"
"PL","12402412","PKOPPLPWXXX","12402412","","Bank Polska Kasa Opieki Spółka Akcyjna","Polish bank register (plewiba.xml)"
"PL","12402425","PKOPPLPWXXX","12402425","","Bank Polska Kasa Opieki Spółka Akcyjna","Polish bank register (plewiba.xml)"
"PL","12402438","PKOPPLPWXXX","12402438","","Bank Polska Kasa Opieki Spółka Akcyjna","Polish bank register (plewiba.xml)"
"PL","12402441","PKOPPLPWXXX","12402441","","Bank Polska Kasa Opieki Spółka Akcyjna","Polish bank register (plewiba.xml)"
"PL","12402454","PKOPPLPWXXX","12402454","","Bank Polska Kasa Opieki Spółka Akcyjna","Polish bank register (plewiba.xml)"
"PL","12402467","PKOPPLPWXXX","12402467","","Bank Polska Kasa Opieki Spółka Akcyjna","Polish bank register (plewiba.xml)"
"PL","12402470","PKOPPLPWXXX","12402470","","Bank Polska Kasa Opieki Spółka Akcyjna","Polish bank register (plewiba.xml)"
"PL","12402483","PKOPPLPWXXX","12402483","","Bank Polska Kasa Opieki Spółka Akcyjna","Polish bank register (plewiba.xml)"
"PL","12402496","PKOPPLPWXXX","12402496","","Bank Polska Kasa Opieki Spółka Akcyjna","Polish bank register (plewiba.xml)"
"PL","12402500","PKOPPLPWXXX","12402500","","Bank Polska Kasa Opieki Spółka Akcyjna","Polish bank register (plewiba.xml)"
"PL","12402513","PKOPPLPWXXX","12402513","","Bank Polska Kasa Opieki Spółka Akcyjna","Polish bank register (plewiba.xml)"
"PL","12402526","PKOPPLPWXXX","12402526","","Bank Polska Kasa Opieki Spółka Akcyjna","Polish bank register (plewiba.xml)"
"PL","12402539","PKOPPLPWXXX","12402539","","Bank Polska Kasa Opieki Spółka Akcyjna","Polish bank register (plewiba.xml)"
"PL","12402542","PKOPPLPWXXX","12402542","","Bank Polska Kasa Opieki Spółka Akcyjna","Polish bank register (plewiba.xml)"
"PL","12402555","PKOPPLPWXXX","12402555","","Bank Polska Kasa Opieki Spółka Akcyjna","Polish bank register (plewiba.xml)"
"PL","12402568","PKOPPLPWXXX","12402568","","Bank Polska Kasa Opieki Spółka Akcyjna","Polish bank register (plewiba.xml)"
"PL","12402571","PKOPPLPWXXX","12402571","","Bank Polska Kasa Opieki Spółka Akcyjna","Polish bank register (plewiba.xml)"
"PL","12402584","PKOPPLPWXXX","12402584","","Bank Polska Kasa Opieki Spółka Akcyjna","Polish bank register (plewiba.xml)"
"PL","12402597","PKOPPLPWXXX","12402597","","Bank Polska Kasa Opieki Spółka Akcyjna","Polish bank register (plewiba.xml)"
"PL","12402601","PKOPPLPWXXX","12402601","","Bank Polska Kasa Opieki Spółka Akcyjna","Polish bank register (plewiba.xml)"
"PL","12402614","PKOPPLPWXXX","12402614","","Bank Polska Kasa Opieki Spółka Akcyjna","Polish bank register (plewiba.xml)"
"PL","12402627","PKOPPLPWXXX","12402627","","Bank Polska Kasa Opieki Spółka Akcyjna","Polish bank register (plewiba.xml)"
"PL","12402630","PKOPPLPWXXX","12402630","","Bank Polska Kasa Opieki Spółka Akcyjna","Polish bank register (plewiba.xml)"
"PL","12402643","PKOPPLPWXXX","12402643","","Bank Polska Kasa Opieki Spółka Akcyjna","Polish bank register (plewiba.xml)"
"PL","12402656","PKOPPLPWXXX","12402656","","Bank Polska Kasa Opieki Spółka Akcyjna","Polish bank register (plewiba.xml)"
"PL","12402669","PKOPPLPWXXX","12402669","","Bank Polska Kasa Opieki Spółka Akcyjna","Polish bank register (plewiba.xml)"
"PL","12402672","PKOPPLPWXXX","12402672","","Bank Polska Kasa Opieki Spółka Akcyjna","Polish bank register (plewiba.xml)"
"PL","12402685","PKOPPLPWXXX","12402685","","Bank Polska Kasa Opieki Spółka Akcyjna","Polish bank register (plewiba.xml)"
"PL","12402698","PKOPPLPWXXX","12402698","","Bank Polska Kasa Opieki Spółka Akcyjna","Polish bank register (plewiba.xml)"
"PL","12402702","PKOPPLPWXXX","12402702","","Bank Polska Kasa Opieki Spółka Akcyjna","Polish bank register (plewiba.xml)"
"PL","12402715","PKOPPLPWXXX","12402715","","Bank Polska Kasa Opieki Spółka Akcyjna","Polish bank register (plewiba.xml)"
"PL","12402728","PKOPPLPWXXX","12402728","","Bank Polska Kasa Opieki Spółka Akcyjna","Polish bank register (plewiba.xml)"
"PL","12402731","PKOPPLPWXXX","12402731","","Bank Polska Kasa Opieki Spółka Akcyjna","Polish bank register (plewiba.xml)"
"PL","12402744","PKOPPLPWXXX","12402744","","Bank Polska Kasa Opieki Spółka Akcyjna","Polish bank register (plewiba.xml)"
"PL","12402757","PKOPPLPWXXX","12402757","","Bank Polska Kasa Opieki Spółka Akcyjna","Polish bank register (plewiba.xml)"
"PL","12402760","PKOPPLPWXXX","12402760","","Bank Polska Kasa Opieki Spółka Akcyjna","Polish bank register (plewiba.xml)"
"PL","12402773","PKOPPLPWXXX","12402773","","Bank Polska Kasa Opieki Spółka Akcyjna","Polish bank register (plewiba.xml)"
"PL","12402786","PKOPPLPWXXX","12402786","","Bank Polska Kasa Opieki Spółka Akcyjna","Polish bank register (plewiba.xml)"
"PL","12402799","PKOPPLPWXXX","12402799","","Bank Polska Kasa Opieki Spółka Akcyjna","Polish bank register (plewiba.xml)"
"PL","12402803","PKOPPLPWXXX","12402803","","Bank Polska Kasa Opieki Spółka Akcyjna","Polish bank register (plewiba.xml)"
"PL","12402816","PKOPPLPWXXX","12402816","","Bank Polska Kasa Opieki Spółka Akcyjna","Polish bank register (plewiba.xml)"
"PL","12402829","PKOPPLPWXXX","12402829","","Bank Polska Kasa Opieki Spółka Akcyjna","Polish bank register (plewiba.xml)"
"PL","12402832","PKOPPLPWXXX","12402832","","Bank Polska Kasa Opieki Spółka Akcyjna","Polish bank register (plewiba.xml)"
"PL","12402845","PKOPPLPWXXX","12402845","","Bank Polska Kasa Opieki Spółka Akcyjna","Polish bank register (plewiba.xml)"
"PL","12402858","PKOPPLPWXXX","12402858","","Bank Polska Kasa Opieki Spółka Akcyjna","Polish bank register (plewiba.xml)"
"PL","12402861","PKOPPLPWXXX","12402861","","Bank Polska Kasa Opieki Spółka Akcyjna","Polish bank register (plewiba.xml)"
"PL","12402874","PKOPPLPWXXX","12402874","","Bank Polska Kasa Opieki Spółka Akcyjna","Polish bank register (plewiba.xml)"
"PL","12402887","PKOPPLPWXXX","12402887","","Bank Polska Kasa Opieki Spółka Akcyjna","Polish bank register (plewiba.xml)"
"PL","12402890","PKOPPLPWXXX","12402890","","Bank Polska Kasa Opieki Spółka Akcyjna","Polish bank register (plewiba.xml)"
"PL","12402904","PKOPPLPWXXX","12402904","","Bank Polska Kasa Opieki Spółka Akcyjna","Polish bank register (plewiba.xml)"
"PL","12402917","PKOPPLPWXXX","12402917","","Bank Polska Kasa Opieki Spółka Akcyjna","Polish bank register (plewiba.xml)"
"PL","12402920","PKOPPLPWXXX","12402920","","Bank Polska Kasa Opieki Spółka Akcyjna","Polish bank register (plewiba.xml)"
"PL","12402933","PKOPPLPWXXX","12402933","","Bank Polska Kasa Opieki Spółka Akcyjna","Polish bank register (plewiba.xml)"
"PL","12402946","PKOPPLPWXXX","12402946","","Bank Polska Kasa Opieki Spółka Akcyjna","Polish bank register (plewiba.xml)"
"PL","12402959","PKOPPLPWXXX","12402959","","Bank Polska Kasa Opieki Spółka Akcyjna","Polish bank register (plewiba.xml)"
"PL","12402962","PKOPPLPWXXX","12402962","","Bank Polska Kasa Opieki Spółka Akcyjna","Polish bank register (plewiba.xml)"
"PL","12402975","PKOPPLPWXXX","12402975","","Bank Polska Kasa Opieki Spółka Akcyjna","Polish bank register (plewiba.xml)"
"PL","12402988","PKOPPLPWXXX","12402988","","Bank Polska Kasa Opieki Spółka Akcyjna","Polish bank register (plewiba.xml)"
"PL","12402991","PKOPPLPWXXX","12402991","","Bank Polska Kasa Opieki Spółka Akcyjna","Polish bank register (plewiba.xml)"
"PL","12403002","PKOPPLPWXXX","12403002","","Bank Polska Kasa Opieki Spółka Akcyjna","Polish bank register (plewiba.xml)"
"PL","12403015","PKOPPLPWXXX","12403015","","Bank Polska Kasa Opieki Spółka Akcyjna","Polish bank register (plewiba.xml)"
"PL","12403028","PKOPPLPWXXX","12403028","","Bank Polska Kasa Opieki Spółka Akcyjna","Polish bank register (plewiba.xml)"
"PL","12403031","PKOPPLPWXXX","12403031","","Bank Polska Kasa Opieki Spółka Akcyjna","Polish bank register (plewiba.xml)"
"PL","12403044","PKOPPLPWXXX","12403044","","Bank Polska Kasa Opieki Spółka Akcyjna","Polish bank register (plewiba.xml)"
"PL","12403057","PKOPPLPWXXX","12403057","","Bank Polska Kasa Opieki Spółka Akcyjna","Polish bank register (plewiba.xml)"
"PL","12403060","PKOPPLPWXXX","12403060","","Bank Polska Kasa Opieki Spółka Akcyjna","Polish bank register (plewiba.xml)"
"PL","12403073","PKOPPLPWXXX","12403073","","Bank Polska Kasa Opieki Spółka Akcyjna","Polish bank register (plewiba.xml)"
"PL","12403086","PKOPPLPWXXX","12403086","","Bank Polska Kasa Opieki Spółka Akcyjna","Polish bank register (plewiba.xml)"
"PL","12403099","PKOPPLPWXXX","12403099","","Bank Polska Kasa Opieki Spółka Akcyjna","Polish bank register (plewiba.xml)"
"PL","12403103","PKOPPLPWXXX","12403103","","Bank Polska Kasa Opieki Spółka Akcyjna","Polish bank register (plewiba.xml)"
"PL","12403116","PKOPPLPWXXX","12403116","","Bank Polska Kasa Opieki Spółka Akcyjna","Polish bank register (plewiba.xml)"
"PL","12403129","PKOPPLPWXXX","12403129","","Bank Polska Kasa Opieki Spółka Akcyjna","Polish bank register (plewiba.xml)"
"PL","12403132","PKOPPLPWXXX","12403132","","Bank Polska Kasa Opieki Spółka Akcyjna","Polish bank register (plewiba.xml)"
"PL","12403145","PKOPPLPWXXX","12403145","","Bank Polska Kasa Opieki Spółka Akcyjna","Polish bank register (plewiba.xml)"
"PL","12403158","PKOPPLPWXXX","12403158","","Bank Polska Kasa Opieki Spółka Akcyjna","Polish bank register (plewiba.xml)"
"PL","12403161","PKOPPLPWXXX","12403161","","Bank Polska Kasa Opieki Spółka Akcyjna","Polish bank register (plewiba.xml)"
"PL","12403174","PKOPPLPWXXX","12403174","","Bank Polska Kasa Opieki Spółka Akcyjna","Polish bank register (plewiba.xml)"
"PL","12403187","PKOPPLPWXXX","12403187","","Bank Polska Kasa Opieki Spółka Akcyjna","Polish bank register (plewiba.xml)"
"PL","12403190","PKOPPLPWXXX","12403190","","Bank Polska Kasa Opieki Spółka Akcyjna","Polish bank register (plewiba.xml)"
"PL","12403204","PKOPPLPWXXX","12403204","","Bank Polska Kasa Opieki Spółka Akcyjna","Polish bank register (plewiba.xml)"
"PL","12403217","PKOPPLPWXXX","12403217","","Bank Polska Kasa Opieki Spółka Akcyjna","Polish bank register (plewiba.xml)"
"PL","12403220","PKOPPLPWXXX","12403220","","Bank Polska Kasa Opieki Spółka Akcyjna","Polish bank register (plewiba.xml)"
"PL","12403233","PKOPPLPWXXX","12403233","","Bank Polska Kasa Opieki Spółka Akcyjna","Polish bank register (plewiba.xml)"
"PL","12403246","PKOPPLPWXXX","12403246","","Bank Polska Kasa Opieki Spółka Akcyjna","Polish bank register (plewiba.xml)"
"PL","12403259","PKOPPLPWXXX","12403259","","Bank Polska Kasa Opieki Spółka Akcyjna","Polish bank register (plewiba.xml)"
"PL","12403262","PKOPPLPWXXX","12403262","","Bank Polska Kasa Opieki Spółka Akcyjna","Polish bank register (plewiba.xml)"
"PL","12403275","PKOPPLPWXXX","12403275","","Bank Polska Kasa Opieki Spółka Akcyjna","Polish bank register (plewiba.xml)"
"PL","12403288","PKOPPLPWXXX","12403288","","Bank Polska Kasa Opieki Spółka Akcyjna","Polish bank register (plewiba.xml)"
"PL","12403291","PKOPPLPWXXX","12403291","","Bank Polska Kasa Opieki Spółka Akcyjna","Polish bank register (plewiba.xml)"
"PL","12403305","PKOPPLPWXXX","12403305","","Bank Polska Kasa Opieki Spółka Akcyjna","Polish bank register (plewiba.xml)"
"PL","12403318","PKOPPLPWXXX","12403318","","Bank Polska Kasa Opieki Spółka Akcyjna","Polish bank register (plewiba.xml)"
"PL","12403321","PKOPPLPWXXX","12403321","","Bank Polska Kasa Opieki Spółka Akcyjna","Polish bank register (plewiba.xml)"
"PL","12403334","PKOPPLPWXXX","12403334","","Bank Polska Kasa Opieki Spółka Akcyjna","Polish bank register (plewiba.xml)"
"PL","12403347","PKOPPLPWXXX","12403347","","Bank Polska Kasa Opieki Spółka Akcyjna","Polish bank register (plewiba.xml)"
"PL","12403350","PKOPPLPWXXX","12403350","","Bank Polska Kasa Opieki Spółka Akcyjna","Polish bank register (plewiba.xml)"
"PL","12403363","PKOPPLPWXXX","12403363","","Bank Polska Kasa Opieki Spółka Akcyjna","Polish bank register (plewiba.xml)"
"PL","12403376","PKOPPLPWXXX","12403376","","Bank Polska Kasa Opieki Spółka Akcyjna","Polish bank register (plewiba.xml)"
"PL","12403389","PKOPPLPWXXX","12403389","","Bank Polska Kasa Opieki Spółka Akcyjna","Polish bank register (plewiba.xml)"
"PL","12403392","PKOPPLPWXXX","12403392","","Bank Polska Kasa Opieki Spółka Akcyjna","Polish bank register (plewiba.xml)"
"PL","12403406","PKOPPLPWXXX","12403406","","Bank Polska Kasa Opieki Spółka Akcyjna","Polish bank register (plewiba.xml)"
"PL","12403419","PKOPPLPWXXX","12403419","","Bank Polska Kasa Opieki Spółka Akcyjna","Polish bank register (plewiba.xml)"
"PL","12403422","PKOPPLPWXXX","12403422","","Bank Polska Kasa Opieki Spółka Akcyjna","Polish bank register (plewiba.xml)"
"PL","12403435","PKOPPLPWXXX","12403435","","Bank Polska Kasa Opieki Spółka Akcyjna","Polish bank register (plewiba.xml)"
"PL","12403448","PKOPPLPWXXX","12403448","","Bank Polska Kasa Opieki Spółka Akcyjna","Polish bank register (plewiba.xml)"
"PL","12403451","PKOPPLPWXXX","12403451","","Bank Polska Kasa Opieki Spółka Akcyjna","Polish bank register (plewiba.xml)"
"PL","12403464","PKOPPLPWXXX","12403464","","Bank Polska Kasa Opieki Spółka Akcyjna","Polish bank register (plewiba.xml)"
"PL","12403477","PKOPPLPWXXX","12403477","","Bank Polska Kasa Opieki Spółka Akcyjna","Polish bank register (plewiba.xml)"
"PL","12403480","PKOPPLPWXXX","12403480","","Bank Polska Kasa Opieki Spółka Akcyjna","Polish bank register (plewiba.xml)"
"PL","12403493","PKOPPLPWXXX","12403493","","Bank Polska Kasa Opieki Spółka Akcyjna","Polish bank register (plewiba.xml)"
"PL","12403507","PKOPPLPWXXX","12403507","","Bank Polska Kasa Opieki Spółka Akcyjna","Polish bank register (plewiba.xml)"
"PL","12403510","PKOPPLPWXXX","12403510","","Bank Polska Kasa Opieki Spółka Akcyjna","Polish bank register (plewiba.xml)"
"PL","12403523","PKOPPLPWXXX","12403523","","Bank Polska Kasa Opieki Spółka Akcyjna","Polish bank register (plewiba.xml)"
"PL","12403536","PKOPPLPWXXX","12403536","","Bank Polska Kasa Opieki Spółka Akcyjna","Polish bank register (plewiba.xml)"
"PL","12403549","PKOPPLPWXXX","12403549","","Bank Polska Kasa Opieki Spółka Akcyjna","Polish bank register (plewiba.xml)"
"PL","12403552","PKOPPLPWXXX","12403552","","Bank Polska Kasa Opieki Spółka Akcyjna","Polish bank register (plewiba.xml)"
"PL","12403565","PKOPPLPWXXX","12403565","","Bank Polska Kasa Opieki Spółka Akcyjna","Polish bank register (plewiba.xml)"
"PL","12403578","PKOPPLPWXXX","12403578","","Bank Polska Kasa Opieki Spółka Akcyjna","Polish bank register (plewiba.xml)"
"PL","12403581","PKOPPLPWXXX","12403581","","Bank Polska Kasa Opieki Spółka Akcyjna","Polish bank register (plewiba.xml)"
"PL","12403594","PKOPPLPWXXX","12403594","","Bank Polska Kasa Opieki Spółka Akcyjna","Polish bank register (plewiba.xml)"
"PL","12403608","PKOPPLPWXXX","12403608","","Bank Polska Kasa Opieki Spółka Akcyjna","Polish bank register (plewiba.xml)"
"PL","12403611","PKOPPLPWXXX","12403611","","Bank Polska Kasa Opieki Spółka Akcyjna","Polish bank register (plewiba.xml)"
"PL","12403624","PKOPPLPWXXX","12403624","","Bank Polska Kasa Opieki Spółka Akcyjna","Polish bank register (plewiba.xml)"
"PL","12403637","PKOPPLPWXXX","12403637","","Bank Polska Kasa Opieki Spółka Akcyjna","Polish bank register (plewiba.xml)"
"PL","12403640","PKOPPLPWXXX","12403640","","Bank Polska Kasa Opieki Spółka Akcyjna","Polish bank register (plewiba.xml)"
"PL","12403653","PKOPPLPWXXX","12403653","","Bank Polska Kasa Opieki Spółka Akcyjna","Polish bank register (plewiba.xml)"
"PL","12403666","PKOPPLPWXXX","12403666","","Bank Polska Kasa Opieki Spółka Akcyjna","Polish bank register (plewiba.xml)"
"PL","12403679","PKOPPLPWXXX","12403679","","Bank Polska Kasa Opieki Spółka Akcyjna","Polish bank register (plewiba.xml)"
"PL","12403682","PKOPPLPWXXX","12403682","","Bank Polska Kasa Opieki Spółka Akcyjna","Polish bank register (plewiba.xml)"
"PL","12403695","PKOPPLPWXXX","12403695","","Bank Polska Kasa Opieki Spółka Akcyjna","Polish bank register (plewiba.xml)"
"PL","12403709","PKOPPLPWXXX","12403709","","Bank Polska Kasa Opieki Spółka Akcyjna","Polish bank register (plewiba.xml)"
"PL","12403712","PKOPPLPWXXX","12403712","","Bank Polska Kasa Opieki Spółka Akcyjna","Polish bank register (plewiba.xml)"
"PL","12403725","PKOPPLPWXXX","12403725","","Bank Polska Kasa Opieki Spółka Akcyjna","Polish bank register (plewiba.xml)"
"PL","12403738","PKOPPLPWXXX","12403738","","Bank Polska Kasa Opieki Spółka Akcyjna","Polish bank register (plewiba.xml)"
"PL","12403741","PKOPPLPWXXX","12403741","","Bank Polska Kasa Opieki Spółka Akcyjna","Polish bank register (plewiba.xml)"
"PL","12403754","PKOPPLPWXXX","12403754","","Bank Polska Kasa Opieki Spółka Akcyjna","Polish bank register (plewiba.xml)"
"PL","12403767","PKOPPLPWXXX","12403767","","Bank Polska Kasa Opieki Spółka Akcyjna","Polish bank register (plewiba.xml)"
"PL","12403770","PKOPPLPWXXX","12403770","","Bank Polska Kasa Opieki Spółka Akcyjna","Polish bank register (plewiba.xml)"
"PL","12403783","PKOPPLPWXXX","12403783","","Bank Polska Kasa Opieki Spółka Akcyjna","Polish bank register (plewiba.xml)"
"PL","12403796","PKOPPLPWXXX","12403796","","Bank Polska Kasa Opieki Spółka Akcyjna","Polish bank register (plewiba.xml)"
"PL","12403800","PKOPPLPWXXX","12403800","","Bank Polska Kasa Opieki Spółka Akcyjna","Polish bank register (plewiba.xml)"
"PL","12403813","PKOPPLPWXXX","12403813","","Bank Polska Kasa Opieki Spółka Akcyjna","Polish bank register (plewiba.xml)"
"PL","12403826","PKOPPLPWXXX","12403826","","Bank Polska Kasa Opieki Spółka Akcyjna","Polish bank register (plewiba.xml)"
"PL","12403839","PKOPPLPWXXX","12403839","","Bank Polska Kasa Opieki Spółka Akcyjna","Polish bank register (plewiba.xml)"
"PL","12403842","PKOPPLPWXXX","12403842","","Bank Polska Kasa Opieki Spółka Akcyjna","Polish bank register (plewiba.xml)"
"PL","12403855","PKOPPLPWXXX","12403855","","Bank Polska Kasa Opieki Spółka Akcyjna","Polish bank register (plewiba.xml)"
"PL","12403868","PKOPPLPWXXX","12403868","","Bank Polska Kasa Opieki Spółka Akcyjna","Polish bank register (plewiba.xml)"
"PL","12403871","PKOPPLPWXXX","12403871","","Bank Polska Kasa Opieki Spółka Akcyjna","Polish bank register (plewiba.xml)"
"PL","12403884","PKOPPLPWXXX","12403884","","Bank Polska Kasa Opieki Spółka Akcyjna","Polish bank register (plewiba.xml)"
"PL","12403897","PKOPPLPWXXX","12403897","","Bank Polska Kasa Opieki Spółka Akcyjna","Polish bank register (plewiba.xml)"
"PL","12403901","PKOPPLPWXXX","12403901","","Bank Polska Kasa Opieki Spółka Akcyjna","Polish bank register (plewiba.xml)"
"PL","12403914","PKOPPLPWXXX","12403914","","Bank Polska Kasa Opieki Spółka Akcyjna","Polish bank register (plewiba.xml)"
"PL","12403927","PKOPPLPWXXX","12403927","","Bank Polska Kasa Opieki Spółka Akcyjna","Polish bank register (plewiba.xml)"
"PL","12403930","PKOPPLPWXXX","12403930","","Bank Polska Kasa Opieki Spółka Akcyjna","Polish bank register (plewiba.xml)"
"PL","12403943","PKOPPLPWXXX","12403943","","Bank Polska Kasa Opieki Spółka Akcyjna","Polish bank register (plewiba.xml)"
"PL","12403956","PKOPPLPWXXX","12403956","","Bank Polska Kasa Opieki Spółka Akcyjna","Polish bank register (plewiba.xml)"
"PL","12403969","PKOPPLPWXXX","12403969","","Bank Polska Kasa Opieki Spółka Akcyjna","Polish bank register (plewiba.xml)"
"PL","12403972","PKOPPLPWXXX","12403972","","Bank Polska Kasa Opieki Spółka Akcyjna","Polish bank register (plewiba.xml)"
"PL","12403985","PKOPPLPWXXX","12403985","","Bank Polska Kasa Opieki Spółka Akcyjna","Polish bank register (plewiba.xml)"
"PL","12403998","PKOPPLPWXXX","12403998","","Bank Polska Kasa Opieki Spółka Akcyjna","Polish bank register (plewiba.xml)"
"PL","12404009","PKOPPLPWXXX","12404009","","Bank Polska Kasa Opieki Spółka Akcyjna","Polish bank register (plewiba.xml)"
"PL","12404012","PKOPPLPWXXX","12404012","","Bank Polska Kasa Opieki Spółka Akcyjna","Polish bank register (plewiba.xml)"
"PL","12404025","PKOPPLPWXXX","12404025","","Bank Polska Kasa Opieki Spółka Akcyjna","Polish bank register (plewiba.xml)"
"PL","12404038","PKOPPLPWXXX","12404038","","Bank Polska Kasa Opieki Spółka Akcyjna","Polish bank register (plewiba.xml)"
"PL","12404083","PKOPPLPWXXX","12404083","","Bank Polska Kasa Opieki Spółka Akcyjna","Polish bank register (plewiba.xml)"
"PL","12404096","PKOPPLPWXXX","12404096","","Bank Polska Kasa Opieki Spółka Akcyjna","Polish bank register (plewiba.xml)"
"PL","12404100","PKOPPLPWXXX","12404100","","Bank Polska Kasa Opieki Spółka Akcyjna","Polish bank register (plewiba.xml)"
"PL","12404113","PKOPPLPWXXX","12404113","","Bank Polska Kasa Opieki Spółka Akcyjna","Polish bank register (plewiba.xml)"
"PL","12404126","PKOPPLPWXXX","12404126","","Bank Polska Kasa Opieki Spółka Akcyjna","Polish bank register (plewiba.xml)"
"PL","12404139","PKOPPLPWXXX","12404139","","Bank Polska Kasa Opieki Spółka Akcyjna","Polish bank register (plewiba.xml)"
"PL","12404142","PKOPPLPWXXX","12404142","","Bank Polska Kasa Opieki Spółka Akcyjna","Polish bank register (plewiba.xml)"
"PL","12404155","PKOPPLPWXXX","12404155","","Bank Polska Kasa Opieki Spółka Akcyjna","Polish bank register (plewiba.xml)"
"PL","12404168","PKOPPLPWXXX","12404168","","Bank Polska Kasa Opieki Spółka Akcyjna","Polish bank register (plewiba.xml)"
"PL","12404171","PKOPPLPWXXX","12404171","","Bank Polska Kasa Opieki Spółka Akcyjna","Polish bank register (plewiba.xml)"
"PL","12404184","PKOPPLPWXXX","12404184","","Bank Polska Kasa Opieki Spółka Akcyjna","Polish bank register (plewiba.xml)"
"PL","12404197","PKOPPLPWXXX","12404197","","Bank Polska Kasa Opieki Spółka Akcyjna","Polish bank register (plewiba.xml)"
"PL","12404201","PKOPPLPWXXX","12404201","","Bank Polska Kasa Opieki Spółka Akcyjna","Polish bank register (plewiba.xml)"
"PL","12404214","PKOPPLPWXXX","12404214","","Bank Polska Kasa Opieki Spółka Akcyjna","Polish bank register (plewiba.xml)"
"PL","12404227","PKOPPLPWXXX","12404227","","Bank Polska Kasa Opieki Spółka Akcyjna","Polish bank register (plewiba.xml)"
"PL","12404230","PKOPPLPWXXX","12404230","","Bank Polska Kasa Opieki Spółka Akcyjna","Polish bank register (plewiba.xml)"
"PL","12404243","PKOPPLPWXXX","12404243","","Bank Polska Kasa Opieki Spółka Akcyjna","Polish bank register (plewiba.xml)"
"PL","12404256","PKOPPLPWXXX","12404256","","Bank Polska Kasa Opieki Spółka Akcyjna","Polish bank register (plewiba.xml)"
"PL","12404269","PKOPPLPWXXX","12404269","","Bank Polska Kasa Opieki Spółka Akcyjna","Polish bank register (plewiba.xml)"
"PL","12404272","PKOPPLPWXXX","12404272","","Bank Polska Kasa Opieki Spółka Akcyjna","Polish bank register (plewiba.xml)"
"PL","12404285","PKOPPLPWXXX","12404285","","Bank Polska Kasa Opieki Spółka Akcyjna","Polish bank register (plewiba.xml)"
"PL","12404298","PKOPPLPWXXX","12404298","","Bank Polska Kasa Opieki Spółka Akcyjna","Polish bank register (plewiba.xml)"
"PL","12404302","PKOPPLPWXXX","12404302","","Bank Polska Kasa Opieki Spółka Akcyjna","Polish bank register (plewiba.xml)"
"PL","12404315","PKOPPLPWXXX","12404315","","Bank Polska Kasa Opieki Spółka Akcyjna","Polish bank register (plewiba.xml)"
"PL","12404331","PKOPPLPWXXX","12404331","","Bank Polska Kasa Opieki Spółka Akcyjna","Polish bank register (plewiba.xml)"
"PL","12404344","PKOPPLPWXXX","12404344","","Bank Polska Kasa Opieki Spółka Akcyjna","Polish bank register (plewiba.xml)"
"PL","12404357","PKOPPLPWXXX","12404357","","Bank Polska Kasa Opieki Spółka Akcyjna","Polish bank register (plewiba.xml)"
"PL","12404360","PKOPPLPWXXX","12404360","","Bank Polska Kasa Opieki Spółka Akcyjna","Polish bank register (plewiba.xml)"
"PL","12404373","PKOPPLPWXXX","12404373","","Bank Polska Kasa Opieki Spółka Akcyjna","Polish bank register (plewiba.xml)"
"PL","12404386","PKOPPLPWXXX","12404386","","Bank Polska Kasa Opieki Spółka Akcyjna","Polish bank register (plewiba.xml)"
"PL","12404399","PKOPPLPWXXX","12404399","","Bank Polska Kasa Opieki Spółka Akcyjna","Polish bank register (plewiba.xml)"
"PL","12404403","PKOPPLPWXXX","12404403","","Bank Polska Kasa Opieki Spółka Akcyjna","Polish bank register (plewiba.xml)"
"PL","12404416","PKOPPLPWXXX","12404416","","Bank Polska Kasa Opieki Spółka Akcyjna","Polish bank register (plewiba.xml)"
"PL","12404432","PKOPPLPWXXX","12404432","","Bank Polska Kasa Opieki Spółka Akcyjna","Polish bank register (plewiba.xml)"
"PL","12404445","PKOPPLPWXXX","12404445","","Bank Polska Kasa Opieki Spółka Akcyjna","Polish bank register (plewiba.xml)"
"PL","12404458","PKOPPLPWXXX","12404458","","Bank Polska Kasa Opieki Spółka Akcyjna","Polish bank register (plewiba.xml)"
"PL","12404461","PKOPPLPWXXX","12404461","","Bank Polska Kasa Opieki Spółka Akcyjna","Polish bank register (plewiba.xml)"
"PL","12404474","PKOPPLPWXXX","12404474","","Bank Polska Kasa Opieki Spółka Akcyjna","Polish bank register (plewiba.xml)"
"PL","12404487","PKOPPLPWXXX","12404487","","Bank Polska Kasa Opieki Spółka Akcyjna","Polish bank register (plewiba.xml)"
"PL","12404504","PKOPPLPWXXX","12404504","","Bank Polska Kasa Opieki Spółka Akcyjna","Polish bank register (plewiba.xml)"
"PL","12404517","PKOPPLPWXXX","12404517","","Bank Polska Kasa Opieki Spółka Akcyjna","Polish bank register (plewiba.xml)"
"PL","12404520","PKOPPLPWXXX","12404520","","Bank Polska Kasa Opieki Spółka Akcyjna","Polish bank register (plewiba.xml)"
"PL","12404533","PKOPPLPWXXX","12404533","","Bank Polska Kasa Opieki Spółka Akcyjna","Polish bank register (plewiba.xml)"
"PL","12404546","PKOPPLPWXXX","12404546","","Bank Polska Kasa Opieki Spółka Akcyjna","Polish bank register (plewiba.xml)"
"PL","12404559","PKOPPLPWXXX","12404559","","Bank Polska Kasa Opieki Spółka Akcyjna","Polish bank register (plewiba.xml)"
"PL","12404562","PKOPPLPWXXX","12404562","","Bank Polska Kasa Opieki Spółka Akcyjna","Polish bank register (plewiba.xml)"
"PL","12404575","PKOPPLPWXXX","12404575","","Bank Polska Kasa Opieki Spółka Akcyjna","Polish bank register (plewiba.xml)"
"PL","12404588","PKOPPLPWXXX","12404588","","Bank Polska Kasa Opieki Spółka Akcyjna","Polish bank register (plewiba.xml)"
"PL","12404591","PKOPPLPWXXX","12404591","","Bank Polska Kasa Opieki Spółka Akcyjna","Polish bank register (plewiba.xml)"
"PL","12404605","PKOPPLPWXXX","12404605","","Bank Polska Kasa Opieki Spółka Akcyjna","Polish bank register (plewiba.xml)"
"PL","12404618","PKOPPLPWXXX","12404618","","Bank Polska Kasa Opieki Spółka Akcyjna","Polish bank register (plewiba.xml)"
"PL","12404621","PKOPPLPWXXX","12404621","","Bank Polska Kasa Opieki Spółka Akcyjna","Polish bank register (plewiba.xml)"
"PL","12404634","PKOPPLPWXXX","12404634","","Bank Polska Kasa Opieki Spółka Akcyjna","Polish bank register (plewiba.xml)"
"PL","12404647","PKOPPLPWXXX","12404647","","Bank Polska Kasa Opieki Spółka Akcyjna","Polish bank register (plewiba.xml)"
"PL","12404650","PKOPPLPWXXX","12404650","","Bank Polska Kasa Opieki Spółka Akcyjna","Polish bank register (plewiba.xml)"
"PL","12404663","PKOPPLPWXXX","12404663","","Bank Polska Kasa Opieki Spółka Akcyjna","Polish bank register (plewiba.xml)"
"PL","12404676","PKOPPLPWXXX","12404676","","Bank Polska Kasa Opieki Spółka Akcyjna","Polish bank register (plewiba.xml)"
"PL","12404689","PKOPPLPWXXX","12404689","","Bank Polska Kasa Opieki Spółka Akcyjna","Polish bank register (plewiba.xml)"
"PL","12404692","PKOPPLPWXXX","12404692","","Bank Polska Kasa Opieki Spółka Akcyjna","Polish bank register (plewiba.xml)"
"PL","12404706","PKOPPLPWXXX","12404706","","Bank Polska Kasa Opieki Spółka Akcyjna","Polish bank register (plewiba.xml)"
"PL","12404719","PKOPPLPWXXX","12404719","","Bank Polska Kasa Opieki Spółka Akcyjna","Polish bank register (plewiba.xml)"
"PL","12404722","PKOPPLPWXXX","12404722","","Bank Polska Kasa Opieki Spółka Akcyjna","Polish bank register (plewiba.xml)"
"PL","12404735","PKOPPLPWXXX","12404735","","Bank Polska Kasa Opieki Spółka Akcyjna","Polish bank register (plewiba.xml)"
"PL","12404748","PKOPPLPWXXX","12404748","","Bank Polska Kasa Opieki Spółka Akcyjna","Polish bank register (plewiba.xml)"
"PL","12404751","PKOPPLPWXXX","12404751","","Bank Polska Kasa Opieki Spółka Akcyjna","Polish bank register (plewiba.xml)"
"PL","12404764","PKOPPLPWXXX","12404764","","Bank Polska Kasa Opieki Spółka Akcyjna","Polish bank register (plewiba.xml)"
"PL","12404777","PKOPPLPWXXX","12404777","","Bank Polska Kasa Opieki Spółka Akcyjna","Polish bank register (plewiba.xml)"
"PL","12404793","PKOPPLPWXXX","12404793","","Bank Polska Kasa Opieki Spółka Akcyjna","Polish bank register (plewiba.xml)"
"PL","12404807","PKOPPLPWXXX","12404807","","Bank Polska Kasa Opieki Spółka Akcyjna","Polish bank register (plewiba.xml)"
"PL","12404810","PKOPPLPWXXX","12404810","","Bank Polska Kasa Opieki Spółka Akcyjna","Polish bank register (plewiba.xml)"
"PL","12404823","PKOPPLPWXXX","12404823","","Bank Polska Kasa Opieki Spółka Akcyjna","Polish bank register (plewiba.xml)"
"PL","12404836","PKOPPLPWXXX","12404836","","Bank Polska Kasa Opieki Spółka Akcyjna","Polish bank register (plewiba.xml)"
"PL","12404849","PKOPPLPWXXX","12404849","","Bank Polska Kasa Opieki Spółka Akcyjna","Polish bank register (plewiba.xml)"
"PL","12404852","PKOPPLPWXXX","12404852","","Bank Polska Kasa Opieki Spółka Akcyjna","Polish bank register (plewiba.xml)"
"PL","12404865","PKOPPLPWXXX","12404865","","Bank Polska Kasa Opieki Spółka Akcyjna","Polish bank register (plewiba.xml)"
"PL","12404878","PKOPPLPWXXX","12404878","","Bank Polska Kasa Opieki Spółka Akcyjna","Polish bank register (plewiba.xml)"
"PL","12404881","PKOPPLPWXXX","12404881","","Bank Polska Kasa Opieki Spółka Akcyjna","Polish bank register (plewiba.xml)"
"PL","12404894","PKOPPLPWXXX","12404894","","Bank Polska Kasa Opieki Spółka Akcyjna","Polish bank register (plewiba.xml)"
"PL","12404908","PKOPPLPWXXX","12404908","","Bank Polska Kasa Opieki Spółka Akcyjna","Polish bank register (plewiba.xml)"
"PL","12404911","PKOPPLPWXXX","12404911","","Bank Polska Kasa Opieki Spółka Akcyjna","Polish bank register (plewiba.xml)"
"PL","12404924","PKOPPLPWXXX","12404924","","Bank Polska Kasa Opieki Spółka Akcyjna","Polish bank register (plewiba.xml)"
"PL","12404937","PKOPPLPWXXX","12404937","","Bank Polska Kasa Opieki Spółka Akcyjna","Polish bank register (plewiba.xml)"
"PL","12404940","PKOPPLPWXXX","12404940","","Bank Polska Kasa Opieki Spółka Akcyjna","Polish bank register (plewiba.xml)"
"PL","12404953","PKOPPLPWXXX","12404953","","Bank Polska Kasa Opieki Spółka Akcyjna","Polish bank register (plewiba.xml)"
"PL","12404966","PKOPPLPWXXX","12404966","","Bank Polska Kasa Opieki Spółka Akcyjna","Polish bank register (plewiba.xml)"
"PL","12404979","PKOPPLPWXXX","12404979","","Bank Polska Kasa Opieki Spółka Akcyjna","Polish bank register (plewiba.xml)"
"PL","12404982","PKOPPLPWXXX","12404982","","Bank Polska Kasa Opieki Spółka Akcyjna","Polish bank register (plewiba.xml)"
"PL","12404995","PKOPPLPWXXX","12404995","","Bank Polska Kasa Opieki Spółka Akcyjna","Polish bank register (plewiba.xml)"
"PL","12405006","PKOPPLPWXXX","12405006","","Bank Polska Kasa Opieki Spółka Akcyjna","Polish bank register (plewiba.xml)"
"PL","12405019","PKOPPLPWXXX","12405019","","Bank Polska Kasa Opieki Spółka Akcyjna","Polish bank register (plewiba.xml)"
"PL","12405035","PKOPPLPWXXX","12405035","","Bank Polska Kasa Opieki Spółka Akcyjna","Polish bank register (plewiba.xml)"
"PL","12405048","PKOPPLPWXXX","12405048","","Bank Polska Kasa Opieki Spółka Akcyjna","Polish bank register (plewiba.xml)"
"PL","12405051","PKOPPLPWXXX","12405051","","Bank Polska Kasa Opieki Spółka Akcyjna","Polish bank register (plewiba.xml)"
"PL","12405064","PKOPPLPWXXX","12405064","","Bank Polska Kasa Opieki Spółka Akcyjna","Polish bank register (plewiba.xml)"
"PL","12405077","PKOPPLPWXXX","12405077","","Bank Polska Kasa Opieki Spółka Akcyjna","Polish bank register (plewiba.xml)"
"PL","12405080","PKOPPLPWXXX","12405080","","Bank Polska Kasa Opieki Spółka Akcyjna","Polish bank register (plewiba.xml)"
"PL","12405107","PKOPPLPWXXX","12405107","","Bank Polska Kasa Opieki Spółka Akcyjna","Polish bank register (plewiba.xml)"
"PL","12405110","PKOPPLPWXXX","12405110","","Bank Polska Kasa Opieki Spółka Akcyjna","Polish bank register (plewiba.xml)"
"PL","12405123","PKOPPLPWXXX","12405123","","Bank Polska Kasa Opieki Spółka Akcyjna","Polish bank register (plewiba.xml)"
"PL","12405136","PKOPPLPWXXX","12405136","","Bank Polska Kasa Opieki Spółka Akcyjna","Polish bank register (plewiba.xml)"
"PL","12405149","PKOPPLPWXXX","12405149","","Bank Polska Kasa Opieki Spółka Akcyjna","Polish bank register (plewiba.xml)"
"PL","12405152","PKOPPLPWXXX","12405152","","Bank Polska Kasa Opieki Spółka Akcyjna","Polish bank register (plewiba.xml)"
"PL","12405165","PKOPPLPWXXX","12405165","","Bank Polska Kasa Opieki Spółka Akcyjna","Polish bank register (plewiba.xml)"
"PL","12405178","PKOPPLPWXXX","12405178","","Bank Polska Kasa Opieki Spółka Akcyjna","Polish bank register (plewiba.xml)"
"PL","12405181","PKOPPLPWXXX","12405181","","Bank Polska Kasa Opieki Spółka Akcyjna","Polish bank register (plewiba.xml)"
"PL","12405194","PKOPPLPWXXX","12405194","","Bank Polska Kasa Opieki Spółka Akcyjna","Polish bank register (plewiba.xml)"
"PL","12405208","PKOPPLPWXXX","12405208","","Bank Polska Kasa Opieki Spółka Akcyjna","Polish bank register (plewiba.xml)"
"PL","12405211","PKOPPLPWXXX","12405211","","Bank Polska Kasa Opieki Spółka Akcyjna","Polish bank register (plewiba.xml)"
"PL","12405224","PKOPPLPWXXX","12405224","","Bank Polska Kasa Opieki Spółka Akcyjna","Polish bank register (plewiba.xml)"
"PL","12405237","PKOPPLPWXXX","12405237","","Bank Polska Kasa Opieki Spółka Akcyjna","Polish bank register (plewiba.xml)"
"PL","12405240","PKOPPLPWXXX","12405240","","Bank Polska Kasa Opieki Spółka Akcyjna","Polish bank register (plewiba.xml)"
"PL","12405253","PKOPPLPWXXX","12405253","","Bank Polska Kasa Opieki Spółka Akcyjna","Polish bank register (plewiba.xml)"
"PL","12405266","PKOPPLPWXXX","12405266","","Bank Polska Kasa Opieki Spółka Akcyjna","Polish bank register (plewiba.xml)"
"PL","12405279","PKOPPLPWXXX","12405279","","Bank Polska Kasa Opieki Spółka Akcyjna","Polish bank register (plewiba.xml)"
"PL","12405282","PKOPPLPWXXX","12405282","","Bank Polska Kasa Opieki Spółka Akcyjna","Polish bank register (plewiba.xml)"
"PL","12405295","PKOPPLPWXXX","12405295","","Bank Polska Kasa Opieki Spółka Akcyjna","Polish bank register (plewiba.xml)"
"PL","12405309","PKOPPLPWXXX","12405309","","Bank Polska Kasa Opieki Spółka Akcyjna","Polish bank register (plewiba.xml)"
"PL","12405312","PKOPPLPWXXX","12405312","","Bank Polska Kasa Opieki Spółka Akcyjna","Polish bank register (plewiba.xml)"
"PL","12405325","PKOPPLPWXXX","12405325","","Bank Polska Kasa Opieki Spółka Akcyjna","Polish bank register (plewiba.xml)"
"PL","12405338","PKOPPLPWXXX","12405338","","Bank Polska Kasa Opieki Spółka Akcyjna","Polish bank register (plewiba.xml)"
"PL","12405341","PKOPPLPWXXX","12405341","","Bank Polska Kasa Opieki Spółka Akcyjna","Polish bank register (plewiba.xml)"
"PL","12405354","PKOPPLPWXXX","12405354","","Bank Polska Kasa Opieki Spółka Akcyjna","Polish bank register (plewiba.xml)"
"PL","12405367","PKOPPLPWXXX","12405367","","Bank Polska Kasa Opieki Spółka Akcyjna","Polish bank register (plewiba.xml)"
"PL","12405370","PKOPPLPWXXX","12405370","","Bank Polska Kasa Opieki Spółka Akcyjna","Polish bank register (plewiba.xml)"
"PL","12405383","PKOPPLPWXXX","12405383","","Bank Polska Kasa Opieki Spółka Akcyjna","Polish bank register (plewiba.xml)"
"PL","12405396","PKOPPLPWXXX","12405396","","Bank Polska Kasa Opieki Spółka Akcyjna","Polish bank register (plewiba.xml)"
"PL","12405400","PKOPPLPWXXX","12405400","","Bank Polska Kasa Opieki Spółka Akcyjna","Polish bank register (plewiba.xml)"
"PL","12405413","PKOPPLPWXXX","12405413","","Bank Polska Kasa Opieki Spółka Akcyjna","Polish bank register (plewiba.xml)"
"PL","12405426","PKOPPLPWXXX","12405426","","Bank Polska Kasa Opieki Spółka Akcyjna","Polish bank register (plewiba.xml)"
"PL","12405439","PKOPPLPWXXX","12405439","","Bank Polska Kasa Opieki Spółka Akcyjna","Polish bank register (plewiba.xml)"
"PL","12405442","PKOPPLPWXXX","12405442","","Bank Polska Kasa Opieki Spółka Akcyjna","Polish bank register (plewiba.xml)"
"PL","12405455","PKOPPLPWXXX","12405455","","Bank Polska Kasa Opieki Spółka Akcyjna","Polish bank register (plewiba.xml)"
"PL","12405468","PKOPPLPWXXX","12405468","","Bank Polska Kasa Opieki Spółka Akcyjna","Polish bank register (plewiba.xml)"
"PL","12405471","PKOPPLPWXXX","12405471","","Bank Polska Kasa Opieki Spółka Akcyjna","Polish bank register (plewiba.xml)"
"PL","12405484","PKOPPLPWXXX","12405484","","Bank Polska Kasa Opieki Spółka Akcyjna","Polish bank register (plewiba.xml)"
"PL","12405497","PKOPPLPWXXX","12405497","","Bank Polska Kasa Opieki Spółka Akcyjna","Polish bank register (plewiba.xml)"
"PL","12405501","PKOPPLPWXXX","12405501","","Bank Polska Kasa Opieki Spółka Akcyjna","Polish bank register (plewiba.xml)"
"PL","12405514","PKOPPLPWXXX","12405514","","Bank Polska Kasa Opieki Spółka Akcyjna","Polish bank register (plewiba.xml)"
"PL","12405527","PKOPPLPWXXX","12405527","","Bank Polska Kasa Opieki Spółka Akcyjna","Polish bank register (plewiba.xml)"
"PL","12405530","PKOPPLPWXXX","12405530","","Bank Polska Kasa Opieki Spółka Akcyjna","Polish bank register (plewiba.xml)"
"PL","12405543","PKOPPLPWXXX","12405543","","Bank Polska Kasa Opieki Spółka Akcyjna","Polish bank register (plewiba.xml)"
"PL","12405556","PKOPPLPWXXX","12405556","","Bank Polska Kasa Opieki Spółka Akcyjna","Polish bank register (plewiba.xml)"
"PL","12405569","PKOPPLPWXXX","12405569","","Bank Polska Kasa Opieki Spółka Akcyjna","Polish bank register (plewiba.xml)"
"PL","12405572","PKOPPLPWXXX","12405572","","Bank Polska Kasa Opieki Spółka Akcyjna","Polish bank register (plewiba.xml)"
"PL","12405585","PKOPPLPWXXX","12405585","","Bank Polska Kasa Opieki Spółka Akcyjna","Polish bank register (plewiba.xml)"
"PL","12405598","PKOPPLPWXXX","12405598","","Bank Polska Kasa Opieki Spółka Akcyjna","Polish bank register (plewiba.xml)"
"PL","12405602","PKOPPLPWXXX","12405602","","Bank Polska Kasa Opieki Spółka Akcyjna","Polish bank register (plewiba.xml)"
"PL","12405615","PKOPPLPWXXX","12405615","","Bank Polska Kasa Opieki Spółka Akcyjna","Polish bank register (plewiba.xml)"
"PL","12405628","PKOPPLPWXXX","12405628","","Bank Polska Kasa Opieki Spółka Akcyjna","Polish bank register (plewiba.xml)"
"PL","12405631","PKOPPLPWXXX","12405631","","Bank Polska Kasa Opieki Spółka Akcyjna","Polish bank register (plewiba.xml)"
"PL","12405644","PKOPPLPWXXX","12405644","","Bank Polska Kasa Opieki Spółka Akcyjna","Polish bank register (plewiba.xml)"
"PL","12405657","PKOPPLPWXXX","12405657","","Bank Polska Kasa Opieki Spółka Akcyjna","Polish bank register (plewiba.xml)"
"PL","12405660","PKOPPLPWXXX","12405660","","Bank Polska Kasa Opieki Spółka Akcyjna","Polish bank register (plewiba.xml)"
"PL","12405673","PKOPPLPWXXX","12405673","","Bank Polska Kasa Opieki Spółka Akcyjna","Polish bank register (plewiba.xml)"
"PL","12405686","PKOPPLPWXXX","12405686","","Bank Polska Kasa Opieki Spółka Akcyjna","Polish bank register (plewiba.xml)"
"PL","12405699","PKOPPLPWXXX","12405699","","Bank Polska Kasa Opieki Spółka Akcyjna","Polish bank register (plewiba.xml)"
"PL","12405703","PKOPPLPWXXX","12405703","","Bank Polska Kasa Opieki Spółka Akcyjna","Polish bank register (plewiba.xml)"
"PL","12405716","PKOPPLPWXXX","12405716","","Bank Polska Kasa Opieki Spółka Akcyjna","Polish bank register (plewiba.xml)"
"PL","12405729","PKOPPLPWXXX","12405729","","Bank Polska Kasa Opieki Spółka Akcyjna","Polish bank register (plewiba.xml)"
"PL","12405732","PKOPPLPWXXX","12405732","","Bank Polska Kasa Opieki Spółka Akcyjna","Polish bank register (plewiba.xml)"
"PL","12405745","PKOPPLPWXXX","12405745","","Bank Polska Kasa Opieki Spółka Akcyjna","Polish bank register (plewiba.xml)"
"PL","12405758","PKOPPLPWXXX","12405758","","Bank Polska Kasa Opieki Spółka Akcyjna","Polish bank register (plewiba.xml)"
"PL","12405761","PKOPPLPWXXX","12405761","","Bank Polska Kasa Opieki Spółka Akcyjna","Polish bank register (plewiba.xml)"
"PL","12405774","PKOPPLPWXXX","12405774","","Bank Polska Kasa Opieki Spółka Akcyjna","Polish bank register (plewiba.xml)"
"PL","12405787","PKOPPLPWXXX","12405787","","Bank Polska Kasa Opieki Spółka Akcyjna","Polish bank register (plewiba.xml)"
"PL","12405790","PKOPPLPWXXX","12405790","","Bank Polska Kasa Opieki Spółka Akcyjna","Polish bank register (plewiba.xml)"
"PL","12405804","PKOPPLPWXXX","12405804","","Bank Polska Kasa Opieki Spółka Akcyjna","Polish bank register (plewiba.xml)"
"PL","12405817","PKOPPLPWXXX","12405817","","Bank Polska Kasa Opieki Spółka Akcyjna","Polish bank register (plewiba.xml)"
"PL","12405820","PKOPPLPWXXX","12405820","","Bank Polska Kasa Opieki Spółka Akcyjna","Polish bank register (plewiba.xml)"
"PL","12405833","PKOPPLPWXXX","12405833","","Bank Polska Kasa Opieki Spółka Akcyjna","Polish bank register (plewiba.xml)"
"PL","12405846","PKOPPLPWXXX","12405846","","Bank Polska Kasa Opieki Spółka Akcyjna","Polish bank register (plewiba.xml)"
"PL","12405859","PKOPPLPWXXX","12405859","","Bank Polska Kasa Opieki Spółka Akcyjna","Polish bank register (plewiba.xml)"
"PL","12405862","PKOPPLPWXXX","12405862","","Bank Polska Kasa Opieki Spółka Akcyjna","Polish bank register (plewiba.xml)"
"PL","12405875","PKOPPLPWXXX","12405875","","Bank Polska Kasa Opieki Spółka Akcyjna","Polish bank register (plewiba.xml)"
"PL","12405888","PKOPPLPWXXX","12405888","","Bank Polska Kasa Opieki Spółka Akcyjna","Polish bank register (plewiba.xml)"
"PL","12405891","PKOPPLPWXXX","12405891","","Bank Polska Kasa Opieki Spółka Akcyjna","Polish bank register (plewiba.xml)"
"PL","12405905","PKOPPLPWXXX","12405905","","Bank Polska Kasa Opieki Spółka Akcyjna","Polish bank register (plewiba.xml)"
"PL","12405918","PKOPPLPWXXX","12405918","","Bank Polska Kasa Opieki Spółka Akcyjna","Polish bank register (plewiba.xml)"
"PL","12405921","PKOPPLPWXXX","12405921","","Bank Polska Kasa Opieki Spółka Akcyjna","Polish bank register (plewiba.xml)"
"PL","12405934","PKOPPLPWXXX","12405934","","Bank Polska Kasa Opieki Spółka Akcyjna","Polish bank register (plewiba.xml)"
"PL","12405947","PKOPPLPWXXX","12405947","","Bank Polska Kasa Opieki Spółka Akcyjna","Polish bank register (plewiba.xml)"
"PL","12405950","PKOPPLPWXXX","12405950","","Bank Polska Kasa Opieki Spółka Akcyjna","Polish bank register (plewiba.xml)"
"PL","12405963","PKOPPLPWXXX","12405963","","Bank Polska Kasa Opieki Spółka Akcyjna","Polish bank register (plewiba.xml)"
"PL","12405976","PKOPPLPWXXX","12405976","","Bank Polska Kasa Opieki Spółka Akcyjna","Polish bank register (plewiba.xml)"
"PL","12405989","PKOPPLPWXXX","12405989","","Bank Polska Kasa Opieki Spółka Akcyjna","Polish bank register (plewiba.xml)"
"PL","12405992","PKOPPLPWXXX","12405992","","Bank Polska Kasa Opieki Spółka Akcyjna","Polish bank register (plewiba.xml)"
"PL","12406003","PKOPPLPWXXX","12406003","","Bank Polska Kasa Opieki Spółka Akcyjna","Polish bank register (plewiba.xml)"
"PL","12406016","PKOPPLPWXXX","12406016","","Bank Polska Kasa Opieki Spółka Akcyjna","Polish bank register (plewiba.xml)"
"PL","12406029","PKOPPLPWXXX","12406029","","Bank Polska Kasa Opieki Spółka Akcyjna","Polish bank register (plewiba.xml)"
"PL","12406045","PKOPPLPWXXX","12406045","","Bank Polska Kasa Opieki Spółka Akcyjna","Polish bank register (plewiba.xml)"
"PL","12406058","PKOPPLPWXXX","12406058","","Bank Polska Kasa Opieki Spółka Akcyjna","Polish bank register (plewiba.xml)"
"PL","12406061","PKOPPLPWXXX","12406061","","Bank Polska Kasa Opieki Spółka Akcyjna","Polish bank register (plewiba.xml)"
"PL","12406074","PKOPPLPWXXX","12406074","","Bank Polska Kasa Opieki Spółka Akcyjna","Polish bank register (plewiba.xml)"
"PL","12406087","PKOPPLPWXXX","12406087","","Bank Polska Kasa Opieki Spółka Akcyjna","Polish bank register (plewiba.xml)"
"PL","12406090","PKOPPLPWXXX","12406090","","Bank Polska Kasa Opieki Spółka Akcyjna","Polish bank register (plewiba.xml)"
"PL","12406104","PKOPPLPWXXX","12406104","","Bank Polska Kasa Opieki Spółka Akcyjna","Polish bank register (plewiba.xml)"
"PL","12406117","PKOPPLPWXXX","12406117","","Bank Polska Kasa Opieki Spółka Akcyjna","Polish bank register (plewiba.xml)"
"PL","12406120","PKOPPLPWXXX","12406120","","Bank Polska Kasa Opieki Spółka Akcyjna","Polish bank register (plewiba.xml)"
"PL","12406133","PKOPPLPWXXX","12406133","","Bank Polska Kasa Opieki Spółka Akcyjna","Polish bank register (plewiba.xml)"
"PL","12406146","PKOPPLPWXXX","12406146","","Bank Polska Kasa Opieki Spółka Akcyjna","Polish bank register (plewiba.xml)"
"PL","12406159","PKOPPLPWXXX","12406159","","Bank Polska Kasa Opieki Spółka Akcyjna","Polish bank register (plewiba.xml)"
"PL","12406162","PKOPPLPWXXX","12406162","","Bank Polska Kasa Opieki Spółka Akcyjna","Polish bank register (plewiba.xml)"
"PL","12406175","PKOPPLPWXXX","12406175","","Bank Polska Kasa Opieki Spółka Akcyjna","Polish bank register (plewiba.xml)"
"PL","12406188","PKOPPLPWXXX","12406188","","Bank Polska Kasa Opieki Spółka Akcyjna","Polish bank register (plewiba.xml)"
"PL","12406191","PKOPPLPWXXX","12406191","","Bank Polska Kasa Opieki Spółka Akcyjna","Polish bank register (plewiba.xml)"
"PL","12406205","PKOPPLPWXXX","12406205","","Bank Polska Kasa Opieki Spółka Akcyjna","Polish bank register (plewiba.xml)"
"PL","12406218","PKOPPLPWXXX","12406218","","Bank Polska Kasa Opieki Spółka Akcyjna","Polish bank register (plewiba.xml)"
"PL","12406221","PKOPPLPWXXX","12406221","","Bank Polska Kasa Opieki Spółka Akcyjna","Polish bank register (plewiba.xml)"
"PL","12406234","PKOPPLPWXXX","12406234","","Bank Polska Kasa Opieki Spółka Akcyjna","Polish bank register (plewiba.xml)"
"PL","12406247","PKOPPLPWXXX","12406247","","Bank Polska Kasa Opieki Spółka Akcyjna","Polish bank register (plewiba.xml)"
"PL","12406250","PKOPPLPWXXX","12406250","","Bank Polska Kasa Opieki Spółka Akcyjna","Polish bank register (plewiba.xml)"
"PL","12406263","PKOPPLPWXXX","12406263","","Bank Polska Kasa Opieki Spółka Akcyjna","Polish bank register (plewiba.xml)"
"PL","12406276","PKOPPLPWXXX","12406276","","Bank Polska Kasa Opieki Spółka Akcyjna","Polish bank register (plewiba.xml)"
"PL","12406289","PKOPPLPWXXX","12406289","","Bank Polska Kasa Opieki Spółka Akcyjna","Polish bank register (plewiba.xml)"
"PL","12406292","PKOPPLPWXXX","12406292","","Bank Polska Kasa Opieki Spółka Akcyjna","Polish bank register (plewiba.xml)"
"PL","12406306","PKOPPLPWXXX","12406306","","Bank Polska Kasa Opieki Spółka Akcyjna","Polish bank register (plewiba.xml)"
"PL","12406319","PKOPPLPWXXX","12406319","","Bank Polska Kasa Opieki Spółka Akcyjna","Polish bank register (plewiba.xml)"
"PL","12406322","PKOPPLPWXXX","12406322","","Bank Polska Kasa Opieki Spółka Akcyjna","Polish bank register (plewiba.xml)"
"PL","12406335","PKOPPLPWXXX","12406335","","Bank Polska Kasa Opieki Spółka Akcyjna","Polish bank register (plewiba.xml)"
"PL","12406348","PKOPPLPWXXX","12406348","","Bank Polska Kasa Opieki Spółka Akcyjna","Polish bank register (plewiba.xml)"
"PL","12406351","PKOPPLPWXXX","12406351","","Bank Polska Kasa Opieki Spółka Akcyjna","Polish bank register (plewiba.xml)"
"PL","12406364","PKOPPLPWXXX","12406364","","Bank Polska Kasa Opieki Spółka Akcyjna","Polish bank register (plewiba.xml)"
"PL","12406377","PKOPPLPWXXX","12406377","","Bank Polska Kasa Opieki Spółka Akcyjna","Polish bank register (plewiba.xml)"
"PL","12406380","PKOPPLPWXXX","12406380","","Bank Polska Kasa Opieki Spółka Akcyjna","Polish bank register (plewiba.xml)"
"PL","12406393","PKOPPLPWXXX","12406393","","Bank Polska Kasa Opieki Spółka Akcyjna","Polish bank register (plewiba.xml)"
"PL","12406407","PKOPPLPWXXX","12406407","","Bank Polska Kasa Opieki Spółka Akcyjna","Polish bank register (plewiba.xml)"
"PL","12406410","PKOPPLPWXXX","12406410","","Bank Polska Kasa Opieki Spółka Akcyjna","Polish bank register (plewiba.xml)"
"PL","12406423","PKOPPLPWXXX","12406423","","Bank Polska Kasa Opieki Spółka Akcyjna","Polish bank register (plewiba.xml)"
"PL","12406436","PKOPPLPWXXX","12406436","","Bank Polska Kasa Opieki Spółka Akcyjna","Polish bank register (plewiba.xml)"
"PL","12406449","PKOPPLPWXXX","12406449","","Bank Polska Kasa Opieki Spółka Akcyjna","Polish bank register (plewiba.xml)"
"PL","12406452","PKOPPLPWXXX","12406452","","Bank Polska Kasa Opieki Spółka Akcyjna","Polish bank register (plewiba.xml)"
"PL","12406465","PKOPPLPWXXX","12406465","","Bank Polska Kasa Opieki Spółka Akcyjna","Polish bank register (plewiba.xml)"
"PL","12406478","PKOPPLPWXXX","12406478","","Bank Polska Kasa Opieki Spółka Akcyjna","Polish bank register (plewiba.xml)"
"PL","12406481","PKOPPLPWXXX","12406481","","Bank Polska Kasa Opieki Spółka Akcyjna","Polish bank register (plewiba.xml)"
"PL","12406494","PKOPPLPWXXX","12406494","","Bank Polska Kasa Opieki Spółka Akcyjna","Polish bank register (plewiba.xml)"
"PL","12406508","PKOPPLPWXXX","12406508","","Bank Polska Kasa Opieki Spółka Akcyjna","Polish bank register (plewiba.xml)"
"PL","12406511","PKOPPLPWXXX","12406511","","Bank Polska Kasa Opieki Spółka Akcyjna","Polish bank register (plewiba.xml)"
"PL","12406524","PKOPPLPWXXX","12406524","","Bank Polska Kasa Opieki Spółka Akcyjna","Polish bank register (plewiba.xml)"
"PL","12406537","PKOPPLPWXXX","12406537","","Bank Polska Kasa Opieki Spółka Akcyjna","Polish bank register (plewiba.xml)"
"PL","12406540","PKOPPLPWXXX","12406540","","Bank Polska Kasa Opieki Spółka Akcyjna","Polish bank register (plewiba.xml)"
"PL","12406553","PKOPPLPWXXX","12406553","","Bank Polska Kasa Opieki Spółka Akcyjna","Polish bank register (plewiba.xml)"
"PL","12406566","PKOPPLPWXXX","12406566","","Bank Polska Kasa Opieki Spółka Akcyjna","Polish bank register (plewiba.xml)"
"PL","12406579","PKOPPLPWXXX","12406579","","Bank Polska Kasa Opieki Spółka Akcyjna","Polish bank register (plewiba.xml)"
"PL","12406582","PKOPPLPWXXX","12406582","","Bank Polska Kasa Opieki Spółka Akcyjna","Polish bank register (plewiba.xml)"
"PL","12406595","PKOPPLPWXXX","12406595","","Bank Polska Kasa Opieki Spółka Akcyjna","Polish bank register (plewiba.xml)"
"PL","12406609","PKOPPLPWXXX","12406609","","Bank Polska Kasa Opieki Spółka Akcyjna","Polish bank register (plewiba.xml)"
"PL","12406612","PKOPPLPWXXX","12406612","","Bank Polska Kasa Opieki Spółka Akcyjna","Polish bank register (plewiba.xml)"
"PL","12406625","PKOPPLPWXXX","12406625","","Bank Polska Kasa Opieki Spółka Akcyjna","Polish bank register (plewiba.xml)"
"PL","12406638","PKOPPLPWXXX","12406638","","Bank Polska Kasa Opieki Spółka Akcyjna","Polish bank register (plewiba.xml)"
"PL","12406641","PKOPPLPWXXX","12406641","","Bank Polska Kasa Opieki Spółka Akcyjna","Polish bank register (plewiba.xml)"
"PL","12406654","PKOPPLPWXXX","12406654","","Bank Polska Kasa Opieki Spółka Akcyjna","Polish bank register (plewiba.xml)"
"PL","12406667","PKOPPLPWXXX","12406667","","Bank Polska Kasa Opieki Spółka Akcyjna","Polish bank register (plewiba.xml)"
"PL","12406670","PKOPPLPWXXX","12406670","","Bank Polska Kasa Opieki Spółka Akcyjna","Polish bank register (plewiba.xml)"
"PL","12406683","PKOPPLPWXXX","12406683","","Bank Polska Kasa Opieki Spółka Akcyjna","Polish bank register (plewiba.xml)"
"PL","12406696","PKOPPLPWXXX","12406696","","Bank Polska Kasa Opieki Spółka Akcyjna","Polish bank register (plewiba.xml)"
"PL","12406700","PKOPPLPWXXX","12406700","","Bank Polska Kasa Opieki Spółka Akcyjna","Polish bank register (plewiba.xml)"
"PL","12406713","PKOPPLPWXXX","12406713","","Bank Polska Kasa Opieki Spółka Akcyjna","Polish bank register (plewiba.xml)"
"PL","12406726","PKOPPLPWXXX","12406726","","Bank Polska Kasa Opieki Spółka Akcyjna","Polish bank register (plewiba.xml)"
"PL","12406739","PKOPPLPWXXX","12406739","","Bank Polska Kasa Opieki Spółka Akcyjna","Polish bank register (plewiba.xml)"
"PL","12406742","PKOPPLPWXXX","12406742","","Bank Polska Kasa Opieki Spółka Akcyjna","Polish bank register (plewiba.xml)"
"PL","12406755","PKOPPLPWXXX","12406755","","Bank Polska Kasa Opieki Spółka Akcyjna","Polish bank register (plewiba.xml)"
"PL","12406768","PKOPPLPWXXX","12406768","","Bank Polska Kasa Opieki Spółka Akcyjna","Polish bank register (plewiba.xml)"
"PL","12406771","PKOPPLPWXXX","12406771","","Bank Polska Kasa Opieki Spółka Akcyjna","Polish bank register (plewiba.xml)"
"PL","12406784","PKOPPLPWXXX","12406784","","Bank Polska Kasa Opieki Spółka Akcyjna","Polish bank register (plewiba.xml)"
"PL","12406797","PKOPPLPWXXX","12406797","","Bank Polska Kasa Opieki Spółka Akcyjna","Polish bank register (plewiba.xml)"
"PL","12406801","PKOPPLPWXXX","12406801","","Bank Polska Kasa Opieki Spółka Akcyjna","Polish bank register (plewiba.xml)"
"PL","12406814","PKOPPLPWXXX","12406814","","Bank Polska Kasa Opieki Spółka Akcyjna","Polish bank register (plewiba.xml)"
"PL","12406827","PKOPPLPWXXX","12406827","","Bank Polska Kasa Opieki Spółka Akcyjna","Polish bank register (plewiba.xml)"
"PL","12406830","PKOPPLPWXXX","12406830","","Bank Polska Kasa Opieki Spółka Akcyjna","Polish bank register (plewiba.xml)"
"PL","12406843","PKOPPLPWXXX","12406843","","Bank Polska Kasa Opieki Spółka Akcyjna","Polish bank register (plewiba.xml)"
"PL","12406856","PKOPPLPWXXX","12406856","","Bank Polska Kasa Opieki Spółka Akcyjna","Polish bank register (plewiba.xml)"
"PL","12406869","PKOPPLPWXXX","12406869","","Bank Polska Kasa Opieki Spółka Akcyjna","Polish bank register (plewiba.xml)"
"PL","12406872","PKOPPLPWXXX","12406872","","Bank Polska Kasa Opieki Spółka Akcyjna","Polish bank register (plewiba.xml)"
"PL","12406885","PKOPPLPWXXX","12406885","","Bank Polska Kasa Opieki Spółka Akcyjna","Polish bank register (plewiba.xml)"
"PL","12406898","PKOPPLPWXXX","12406898","","Bank Polska Kasa Opieki Spółka Akcyjna","Polish bank register (plewiba.xml)"
"PL","12406902","PKOPPLPWXXX","12406902","","Bank Polska Kasa Opieki Spółka Akcyjna","Polish bank register (plewiba.xml)"
"PL","12406915","PKOPPLPWXXX","12406915","","Bank Polska Kasa Opieki Spółka Akcyjna","Polish bank register (plewiba.xml)"
"PL","12406928","PKOPPLPWXXX","12406928","","Bank Polska Kasa Opieki Spółka Akcyjna","Polish bank register (plewiba.xml)"
"PL","12406931","PKOPPLPWXXX","12406931","","Bank Polska Kasa Opieki Spółka Akcyjna","Polish bank register (plewiba.xml)"
"PL","12406944","PKOPPLPWXXX","12406944","","Bank Polska Kasa Opieki Spółka Akcyjna","Polish bank register (plewiba.xml)"
"PL","12406957","PKOPPLPWXXX","12406957","","Bank Polska Kasa Opieki Spółka Akcyjna","Polish bank register (plewiba.xml)"
"PL","12406960","PKOPPLPWXXX","12406960","","Bank Polska Kasa Opieki Spółka Akcyjna","Polish bank register (plewiba.xml)"
"PL","12406973","PKOPPLPWXXX","12406973","","Bank Polska Kasa Opieki Spółka Akcyjna","Polish bank register (plewiba.xml)"
"PL","12406986","PKOPPLPWXXX","12406986","","Bank Polska Kasa Opieki Spółka Akcyjna","Polish bank register (plewiba.xml)"
"PL","12800003","HSBCPLPWXXX","12800003","","HSBC Continental Europe (Spółka Akcyjna) Oddział w Polsce","Polish bank register (plewiba.xml)"
"PL","13000000","ALBPPLPWXXX","13000000","","Alior Bank Spółka Akcyjna","Polish bank register (plewiba.xml)"
"PL","13001010","ALBPPLPWXXX","13001010","","Alior Bank Spółka Akcyjna","Polish bank register (plewiba.xml)"
"PL","13001023","ALBPPLPWXXX","13001023","","Alior Bank Spółka Akcyjna","Polish bank register (plewiba.xml)"
"PL","13001036","ALBPPLPWXXX","13001036","","Alior Bank Spółka Akcyjna","Polish bank register (plewiba.xml)"
"PL","13001049","ALBPPLPWXXX","13001049","","Alior Bank Spółka Akcyjna","Polish bank register (plewiba.xml)"
"PL","13001065","ALBPPLPWXXX","13001065","","Alior Bank Spółka Akcyjna","Polish bank register (plewiba.xml)"
"PL","13001078","ALBPPLPWXXX","13001078","","Alior Bank Spółka Akcyjna","Polish bank register (plewiba.xml)"
"PL","13200006","POCZPLP4XXX","13200006","","Bank Pocztowy Spółka Akcyjna","Polish bank register (plewiba.xml)"
"PL","13200019","POCZPLP4XXX","13200019","","Bank Pocztowy Spółka Akcyjna","Polish bank register (plewiba.xml)"
"PL","13200022","POCZPLP4XXX","13200022","","Bank Pocztowy Spółka Akcyjna","Polish bank register (plewiba.xml)"
"PL","13200035","POCZPLP4XXX","13200035","","Bank Pocztowy Spółka Akcyjna","Polish bank register (plewiba.xml)"
"PL","13200048","POCZPLP4XXX","13200048","","Bank Pocztowy Spółka Akcyjna","Polish bank register (plewiba.xml)"
"PL","13201016","POCZPLP4XXX","13201016","","Bank Pocztowy Spółka Akcyjna","Polish bank register (plewiba.xml)"
"PL","13201104","POCZPLP4XXX","13201104","","Bank Pocztowy Spółka Akcyjna","Polish bank register (plewiba.xml)"
"PL","13201117","POCZPLP4XXX","13201117","","Bank Pocztowy Spółka Akcyjna","Polish bank register (plewiba.xml)"
"PL","13201120","POCZPLP4XXX","13201120","","Bank Pocztowy Spółka Akcyjna","Polish bank register (plewiba.xml)"
"PL","13201221","POCZPLP4XXX","13201221","","Bank Pocztowy Spółka Akcyjna","Polish bank register (plewiba.xml)"
"PL","13201263","POCZPLP4XXX","13201263","","Bank Pocztowy Spółka Akcyjna","Polish bank register (plewiba.xml)"
"PL","13201319","POCZPLP4XXX","13201319","","Bank Pocztowy Spółka Akcyjna","Polish bank register (plewiba.xml)"
"PL","13201351","POCZPLP4XXX","13201351","","Bank Pocztowy Spółka Akcyjna","Polish bank register (plewiba.xml)"
"PL","13201423","POCZPLP4XXX","13201423","","Bank Pocztowy Spółka Akcyjna","Polish bank register (plewiba.xml)"
"PL","13201449","POCZPLP4XXX","13201449","","Bank Pocztowy Spółka Akcyjna","Polish bank register (plewiba.xml)"
"PL","13201452","POCZPLP4XXX","13201452","","Bank Pocztowy Spółka Akcyjna","Polish bank register (plewiba.xml)"
"PL","13201465","POCZPLP4XXX","13201465","","Bank Pocztowy Spółka Akcyjna","Polish bank register (plewiba.xml)"
"PL","13201478","POCZPLP4XXX","13201478","","Bank Pocztowy Spółka Akcyjna","Polish bank register (plewiba.xml)"
"PL","13201537","POCZPLP4XXX","13201537","","Bank Pocztowy Spółka Akcyjna","Polish bank register (plewiba.xml)"
"PL","13201641","POCZPLP4XXX","13201641","","Bank Pocztowy Spółka Akcyjna","Polish bank register (plewiba.xml)"
"PL","13201784","POCZPLP4XXX","13201784","","Bank Pocztowy Spółka Akcyjna","Polish bank register (plewiba.xml)"
"PL","13201797","POCZPLP4XXX","13201797","","Bank Pocztowy Spółka Akcyjna","Polish bank register (plewiba.xml)"
"PL","13201830","POCZPLP4XXX","13201830","","Bank Pocztowy Spółka Akcyjna","Polish bank register (plewiba.xml)"
"PL","13201856","POCZPLP4XXX","13201856","","Bank Pocztowy Spółka Akcyjna","Polish bank register (plewiba.xml)"
"PL","13201999","POCZPLP4XXX","13201999","","Bank Pocztowy Spółka Akcyjna","Polish bank register (plewiba.xml)"
"PL","13202071","POCZPLP4XXX","13202071","","Bank Pocztowy Spółka Akcyjna","Polish bank register (plewiba.xml)"
"PL","13202387","POCZPLP4XXX","13202387","","Bank Pocztowy Spółka Akcyjna","Polish bank register (plewiba.xml)"
"PL","13202417","POCZPLP4XXX","13202417","","Bank Pocztowy Spółka Akcyjna","Polish bank register (plewiba.xml)"
"PL","13202547","POCZPLP4XXX","13202547","","Bank Pocztowy Spółka Akcyjna","Polish bank register (plewiba.xml)"
"PL","13202550","POCZPLP4XXX","13202550","","Bank Pocztowy Spółka Akcyjna","Polish bank register (plewiba.xml)"
"PL","13700001","MHBFPLPWXXX","13700001","","DNB Bank Polska Spółka Akcyjna","Polish bank register (plewiba.xml)"
"PL","13701011","MHBFPLPWXXX","13701011","","DNB Bank Polska Spółka Akcyjna","Polish bank register (plewiba.xml)"
"PL","13701037","MHBFPLPWXXX","13701037","","DNB Bank Polska Spółka Akcyjna","Polish bank register (plewiba.xml)"
"PL","13701040","MHBFPLPWXXX","13701040","","DNB Bank Polska Spółka Akcyjna","Polish bank register (plewiba.xml)"
"PL","13701053","MHBFPLPWXXX","13701053","","DNB Bank Polska Spółka Akcyjna","Polish bank register (plewiba.xml)"
"PL","13701066","MHBFPLPWXXX","13701066","","DNB Bank Polska Spółka Akcyjna","Polish bank register (plewiba.xml)"
"PL","13701079","MHBFPLPWXXX","13701079","","DNB Bank Polska Spółka Akcyjna","Polish bank register (plewiba.xml)"
"PL","13701082","MHBFPLPWXXX","13701082","","DNB Bank Polska Spółka Akcyjna","Polish bank register (plewiba.xml)"
"PL","13701095","MHBFPLPWXXX","13701095","","DNB Bank Polska Spółka Akcyjna","Polish bank register (plewiba.xml)"
"PL","13701109","MHBFPLPWXXX","13701109","","DNB Bank Polska Spółka Akcyjna","Polish bank register (plewiba.xml)"
"PL","13701112","MHBFPLPWXXX","13701112","","DNB Bank Polska Spółka Akcyjna","Polish bank register (plewiba.xml)"
"PL","13701125","MHBFPLPWXXX","13701125","","DNB Bank Polska Spółka Akcyjna","Polish bank register (plewiba.xml)"
"PL","13701138","MHBFPLPWXXX","13701138","","DNB Bank Polska Spółka Akcyjna","Polish bank register (plewiba.xml)"
"PL","13701141","MHBFPLPWXXX","13701141","","DNB Bank Polska Spółka Akcyjna","Polish bank register (plewiba.xml)"
"PL","13701154","MHBFPLPWXXX","13701154","","DNB Bank Polska Spółka Akcyjna","Polish bank register (plewiba.xml)"
"PL","13701170","MHBFPLPWXXX","13701170","","DNB Bank Polska Spółka Akcyjna","Polish bank register (plewiba.xml)"
"PL","13701183","MHBFPLPWXXX","13701183","","DNB Bank Polska Spółka Akcyjna","Polish bank register (plewiba.xml)"
"PL","13701196","MHBFPLPWXXX","13701196","","DNB Bank Polska Spółka Akcyjna","Polish bank register (plewiba.xml)"
"PL","13701200","MHBFPLPWXXX","13701200","","DNB Bank Polska Spółka Akcyjna","Polish bank register (plewiba.xml)"
"PL","13701213","MHBFPLPWXXX","13701213","","DNB Bank Polska Spółka Akcyjna","Polish bank register (plewiba.xml)"
"PL","13701226","MHBFPLPWXXX","13701226","","DNB Bank Polska Spółka Akcyjna","Polish bank register (plewiba.xml)"
"PL","13701242","MHBFPLPWXXX","13701242","","DNB Bank Polska Spółka Akcyjna","Polish bank register (plewiba.xml)"
"PL","13701255","MHBFPLPWXXX","13701255","","DNB Bank Polska Spółka Akcyjna","Polish bank register (plewiba.xml)"
"PL","13701268","MHBFPLPWXXX","13701268","","DNB Bank Polska Spółka Akcyjna","Polish bank register (plewiba.xml)"
"PL","13701271","MHBFPLPWXXX","13701271","","DNB Bank Polska Spółka Akcyjna","Polish bank register (plewiba.xml)"
"PL","13701284","MHBFPLPWXXX","13701284","","DNB Bank Polska Spółka Akcyjna","Polish bank register (plewiba.xml)"
"PL","13701301","MHBFPLPWXXX","13701301","","DNB Bank Polska Spółka Akcyjna","Polish bank register (plewiba.xml)"
"PL","13701314","MHBFPLPWXXX","13701314","","DNB Bank Polska Spółka Akcyjna","Polish bank register (plewiba.xml)"
"PL","13701327","MHBFPLPWXXX","13701327","","DNB Bank Polska Spółka Akcyjna","Polish bank register (plewiba.xml)"
"PL","13701330","MHBFPLPWXXX","13701330","","DNB Bank Polska Spółka Akcyjna","Polish bank register (plewiba.xml)"
"PL","13701343","MHBFPLPWXXX","13701343","","DNB Bank Polska Spółka Akcyjna","Polish bank register (plewiba.xml)"
"PL","13701356","MHBFPLPWXXX","13701356","","DNB Bank Polska Spółka Akcyjna","Polish bank register (plewiba.xml)"
"PL","13701369","MHBFPLPWXXX","13701369","","DNB Bank Polska Spółka Akcyjna","Polish bank register (plewiba.xml)"
"PL","13701372","MHBFPLPWXXX","13701372","","DNB Bank Polska Spółka Akcyjna","Polish bank register (plewiba.xml)"
"PL","13701385","MHBFPLPWXXX","13701385","","DNB Bank Polska Spółka Akcyjna","Polish bank register (plewiba.xml)"
"PL","13701398","MHBFPLPWXXX","13701398","","DNB Bank Polska Spółka Akcyjna","Polish bank register (plewiba.xml)"
"PL","14400003","BPKOPLPWXXX","14400003","","Powszechna Kasa Oszczędności Bank Polski Spółka Akcyjna","Polish bank register (plewiba.xml)"
"PL","14401013","BPKOPLPWXXX","14401013","","Powszechna Kasa Oszczędności Bank Polski Spółka Akcyjna","Polish bank register (plewiba.xml)"
"PL","14401026","BPKOPLPWXXX","14401026","","Powszechna Kasa Oszczędności Bank Polski Spółka Akcyjna","Polish bank register (plewiba.xml)"
"PL","14401039","BPKOPLPWXXX","14401039","","Powszechna Kasa Oszczędności Bank Polski Spółka Akcyjna","Polish bank register (plewiba.xml)"
"PL","14401042","BPKOPLPWXXX","14401042","","Powszechna Kasa Oszczędności Bank Polski Spółka Akcyjna","Polish bank register (plewiba.xml)"
"PL","14401055","BPKOPLPWXXX","14401055","","Powszechna Kasa Oszczędności Bank Polski Spółka Akcyjna","Polish bank register (plewiba.xml)"
"PL","14401068","BPKOPLPWXXX","14401068","","Powszechna Kasa Oszczędności Bank Polski Spółka Akcyjna","Polish bank register (plewiba.xml)"
"PL","14401071","BPKOPLPWXXX","14401071","","Powszechna Kasa Oszczędności Bank Polski Spółka Akcyjna","Polish bank register (plewiba.xml)"
"PL","14401084","BPKOPLPWXXX","14401084","","Powszechna Kasa Oszczędności Bank Polski Spółka Akcyjna","Polish bank register (plewiba.xml)"
"PL","14401097","BPKOPLPWXXX","14401097","","Powszechna Kasa Oszczędności Bank Polski Spółka Akcyjna","Polish bank register (plewiba.xml)"
"PL","14401101","BPKOPLPWXXX","14401101","","Powszechna Kasa Oszczędności Bank Polski Spółka Akcyjna","Polish bank register (plewiba.xml)"
"PL","14401127","BPKOPLPWXXX","14401127","","Powszechna Kasa Oszczędności Bank Polski Spółka Akcyjna","Polish bank register (plewiba.xml)"
"PL","14401130","BPKOPLPWXXX","14401130","","Powszechna Kasa Oszczędności Bank Polski Spółka Akcyjna","Polish bank register (plewiba.xml)"
"PL","14401143","BPKOPLPWXXX","14401143","","Powszechna Kasa Oszczędności Bank Polski Spółka Akcyjna","Polish bank register (plewiba.xml)"
"PL","14401156","BPKOPLPWXXX","14401156","","Powszechna Kasa Oszczędności Bank Polski Spółka Akcyjna","Polish bank register (plewiba.xml)"
"PL","14401169","BPKOPLPWXXX","14401169","","Powszechna Kasa Oszczędności Bank Polski Spółka Akcyjna","Polish bank register (plewiba.xml)"
"PL","14401172","BPKOPLPWXXX","14401172","","Powszechna Kasa Oszczędności Bank Polski Spółka Akcyjna","Polish bank register (plewiba.xml)"
"PL","14401185","BPKOPLPWXXX","14401185","","Powszechna Kasa Oszczędności Bank Polski Spółka Akcyjna","Polish bank register (plewiba.xml)"
"PL","14401198","BPKOPLPWXXX","14401198","","Powszechna Kasa Oszczędności Bank Polski Spółka Akcyjna","Polish bank register (plewiba.xml)"
"PL","14401202","BPKOPLPWXXX","14401202","","Powszechna Kasa Oszczędności Bank Polski Spółka Akcyjna","Polish bank register (plewiba.xml)"
"PL","14401215","BPKOPLPWXXX","14401215","","Powszechna Kasa Oszczędności Bank Polski Spółka Akcyjna","Polish bank register (plewiba.xml)"
"PL","14401228","BPKOPLPWXXX","14401228","","Powszechna Kasa Oszczędności Bank Polski Spółka Akcyjna","Polish bank register (plewiba.xml)"
"PL","14401231","BPKOPLPWXXX","14401231","","Powszechna Kasa Oszczędności Bank Polski Spółka Akcyjna","Polish bank register (plewiba.xml)"
"PL","14401244","BPKOPLPWXXX","14401244","","Powszechna Kasa Oszczędności Bank Polski Spółka Akcyjna","Polish bank register (plewiba.xml)"
"PL","14401257","BPKOPLPWXXX","14401257","","Powszechna Kasa Oszczędności Bank Polski Spółka Akcyjna","Polish bank register (plewiba.xml)"
"PL","14401260","BPKOPLPWXXX","14401260","","Powszechna Kasa Oszczędności Bank Polski Spółka Akcyjna","Polish bank register (plewiba.xml)"
"PL","14401273","BPKOPLPWXXX","14401273","","Powszechna Kasa Oszczędności Bank Polski Spółka Akcyjna","Polish bank register (plewiba.xml)"
"PL","14401286","BPKOPLPWXXX","14401286","","Powszechna Kasa Oszczędności Bank Polski Spółka Akcyjna","Polish bank register (plewiba.xml)"
"PL","14401299","BPKOPLPWXXX","14401299","","Powszechna Kasa Oszczędności Bank Polski Spółka Akcyjna","Polish bank register (plewiba.xml)"
"PL","14401332","BPKOPLPWXXX","14401332","","Powszechna Kasa Oszczędności Bank Polski Spółka Akcyjna","Polish bank register (plewiba.xml)"
"PL","14401345","BPKOPLPWXXX","14401345","","Powszechna Kasa Oszczędności Bank Polski Spółka Akcyjna","Polish bank register (plewiba.xml)"
"PL","14401358","BPKOPLPWXXX","14401358","","Powszechna Kasa Oszczędności Bank Polski Spółka Akcyjna","Polish bank register (plewiba.xml)"
"PL","14401361","BPKOPLPWXXX","14401361","","Powszechna Kasa Oszczędności Bank Polski Spółka Akcyjna","Polish bank register (plewiba.xml)"
"PL","14401387","BPKOPLPWXXX","14401387","","Powszechna Kasa Oszczędności Bank Polski Spółka Akcyjna","Polish bank register (plewiba.xml)"
"PL","14401390","BPKOPLPWXXX","14401390","","Powszechna Kasa Oszczędności Bank Polski Spółka Akcyjna","Polish bank register (plewiba.xml)"
"PL","14600009","GBGCPLPKXXX","14600009","","VeloBank Spółka Akcyjna","Polish bank register (plewiba.xml)"
"PL","14601181","GBGCPLPKXXX","14601181","","VeloBank Spółka Akcyjna","Polish bank register (plewiba.xml)"
"PL","14601240","GBGCPLPKXXX","14601240","","VeloBank Spółka Akcyjna","Polish bank register (plewiba.xml)"
"PL","14700002","BIGBPLPWXXX","14700002","","Bank Millennium Spółka Akcyjna","Polish bank register (plewiba.xml)"
"PL","14701012","BIGBPLPWXXX","14701012","","Bank Millennium Spółka Akcyjna","Polish bank register (plewiba.xml)"
"PL","14701025","BIGBPLPWXXX","14701025","","Bank Millennium Spółka Akcyjna","Polish bank register (plewiba.xml)"
"PL","14701038","BIGBPLPWXXX","14701038","","Bank Millennium Spółka Akcyjna","Polish bank register (plewiba.xml)"
"PL","14701041","BIGBPLPWXXX","14701041","","Bank Millennium Spółka Akcyjna","Polish bank register (plewiba.xml)"
"PL","14701054","BIGBPLPWXXX","14701054","","Bank Millennium Spółka Akcyjna","Polish bank register (plewiba.xml)"
"PL","14701067","BIGBPLPWXXX","14701067","","Bank Millennium Spółka Akcyjna","Polish bank register (plewiba.xml)"
"PL","14701083","BIGBPLPWXXX","14701083","","Bank Millennium Spółka Akcyjna","Polish bank register (plewiba.xml)"
"PL","15000002","WBKPPLPPXXX","15000002","","Erste Bank Polska Spółka Akcyjna","Polish bank register (plewiba.xml)"
"PL","15000028","WBKPPLPPXXX","15000028","","Erste Bank Polska Spółka Akcyjna","Polish bank register (plewiba.xml)"
"PL","15000031","WBKPPLPPXXX","15000031","","Erste Bank Polska Spółka Akcyjna","Polish bank register (plewiba.xml)"
"PL","15000044","WBKPPLPPXXX","15000044","","Erste Bank Polska Spółka Akcyjna","Polish bank register (plewiba.xml)"
"PL","15000057","WBKPPLPPXXX","15000057","","Erste Bank Polska Spółka Akcyjna","Polish bank register (plewiba.xml)"
"PL","15000060","WBKPPLPPXXX","15000060","","Erste Bank Polska Spółka Akcyjna","Polish bank register (plewiba.xml)"
"PL","15000073","WNKPPLPPXXX","15000073","","Erste Bank Polska Spółka Akcyjna","Polish bank register (plewiba.xml)"
"PL","15001012","WBKPPLPPXXX","15001012","","Erste Bank Polska Spółka Akcyjna","Polish bank register (plewiba.xml)"
"PL","15001025","WBKPPLPPXXX","15001025","","Erste Bank Polska Spółka Akcyjna","Polish bank register (plewiba.xml)"
"PL","15001038","WBKPPLPPXXX","15001038","","Erste Bank Polska Spółka Akcyjna","Polish bank register (plewiba.xml)"
"PL","15001041","WBKPPLPPXXX","15001041","","Erste Bank Polska Spółka Akcyjna","Polish bank register (plewiba.xml)"
"PL","15001054","WBKPPLPPXXX","15001054","","Erste Bank Polska Spółka Akcyjna","Polish bank register (plewiba.xml)"
"PL","15001067","WBKPPLPPXXX","15001067","","Erste Bank Polska Spółka Akcyjna","Polish bank register (plewiba.xml)"
"PL","15001070","WBKPPLPPXXX","15001070","","Erste Bank Polska Spółka Akcyjna","Polish bank register (plewiba.xml)"
"PL","15001083","WBKPPLPPXXX","15001083","","Erste Bank Polska Spółka Akcyjna","Polish bank register (plewiba.xml)"
"PL","15001096","WBKPPLPPXXX","15001096","","Erste Bank Polska Spółka Akcyjna","Polish bank register (plewiba.xml)"
"PL","15001100","WBKPPLPPXXX","15001100","","Erste Bank Polska Spółka Akcyjna","Polish bank register (plewiba.xml)"
"PL","15001113","WBKPPLPPXXX","15001113","","Erste Bank Polska Spółka Akcyjna","Polish bank register (plewiba.xml)"
"PL","15001126","WBKPPLPPXXX","15001126","","Erste Bank Polska Spółka Akcyjna","Polish bank register (plewiba.xml)"
"PL","15001139","WBKPPLPPXXX","15001139","","Erste Bank Polska Spółka Akcyjna","Polish bank register (plewiba.xml)"
"PL","15001142","WBKPPLPPXXX","15001142","","Erste Bank Polska Spółka Akcyjna","Polish bank register (plewiba.xml)"
"PL","15001155","WBKPPLPPXXX","15001155","","Erste Bank Polska Spółka Akcyjna","Polish bank register (plewiba.xml)"
"PL","15001168","WBKPPLPPXXX","15001168","","Erste Bank Polska Spółka Akcyjna","Polish bank register (plewiba.xml)"
"PL","15001171","WBKPPLPPXXX","15001171","","Erste Bank Polska Spółka Akcyjna","Polish bank register (plewiba.xml)"
"PL","15001197","WBKPPLPPXXX","15001197","","Erste Bank Polska Spółka Akcyjna","Polish bank register (plewiba.xml)"
"PL","15001201","WBKPPLPPXXX","15001201","","Erste Bank Polska Spółka Akcyjna","Polish bank register (plewiba.xml)"
"PL","15001214","WBKPPLPPXXX","15001214","","Erste Bank Polska Spółka Akcyjna","Polish bank register (plewiba.xml)"
"PL","15001272","WBKPPLPPXXX","15001272","","Erste Bank Polska Spółka Akcyjna","Polish bank register (plewiba.xml)"
"PL","15001298","WBKPPLPPXXX","15001298","","Erste Bank Polska Spółka Akcyjna","Polish bank register (plewiba.xml)"
"PL","15001331","WBKPPLPPXXX","15001331","","Erste Bank Polska Spółka Akcyjna","Polish bank register (plewiba.xml)"
"PL","15001344","WBKPPLPPXXX","15001344","","Erste Bank Polska Spółka Akcyjna","Polish bank register (plewiba.xml)"
"PL","15001357","WBKPPLPPXXX","15001357","","Erste Bank Polska Spółka Akcyjna","Polish bank register (plewiba.xml)"
"PL","15001360","WBKPPLPPXXX","15001360","","Erste Bank Polska Spółka Akcyjna","Polish bank register (plewiba.xml)"
"PL","15001373","WBKPPLPPXXX","15001373","","Erste Bank Polska Spółka Akcyjna","Polish bank register (plewiba.xml)"
"PL","15001386","WBKPPLPPXXX","15001386","","Erste Bank Polska Spółka Akcyjna","Polish bank register (plewiba.xml)"
"PL","15001399","WBKPPLPPXXX","15001399","","Erste Bank Polska Spółka Akcyjna","Polish bank register (plewiba.xml)"
"PL","15001416","WBKPPLPPXXX","15001416","","Erste Bank Polska Spółka Akcyjna","Polish bank register (plewiba.xml)"
"PL","15001429","WBKPPLPPXXX","15001429","","Erste Bank Polska Spółka Akcyjna","Polish bank register (plewiba.xml)"
"PL","15001432","WBKPPLPPXXX","15001432","","Erste Bank Polska Spółka Akcyjna","Polish bank register (plewiba.xml)"
"PL","15001445","WBKPPLPPXXX","15001445","","Erste Bank Polska Spółka Akcyjna","Polish bank register (plewiba.xml)"
"PL","15001458","WBKPPLPPXXX","15001458","","Erste Bank Polska Spółka Akcyjna","Polish bank register (plewiba.xml)"
"PL","15001487","WBKPPLPPXXX","15001487","","Erste Bank Polska Spółka Akcyjna","Polish bank register (plewiba.xml)"
"PL","15001490","WBKPPLPPXXX","15001490","","Erste Bank Polska Spółka Akcyjna","Polish bank register (plewiba.xml)"
"PL","15001504","WBKPPLPPXXX","15001504","","Erste Bank Polska Spółka Akcyjna","Polish bank register (plewiba.xml)"
"PL","15001517","WBKPPLPPXXX","15001517","","Erste Bank Polska Spółka Akcyjna","Polish bank register (plewiba.xml)"
"PL","15001520","WBKPPLPPXXX","15001520","","Erste Bank Polska Spółka Akcyjna","Polish bank register (plewiba.xml)"
"PL","15001533","WBKPPLPPXXX","15001533","","Erste Bank Polska Spółka Akcyjna","Polish bank register (plewiba.xml)"
"PL","15001546","WBKPPLPPXXX","15001546","","Erste Bank Polska Spółka Akcyjna","Polish bank register (plewiba.xml)"
"PL","15001559","WBKPPLPPXXX","15001559","","Erste Bank Polska Spółka Akcyjna","Polish bank register (plewiba.xml)"
"PL","15001562","WBKPPLPPXXX","15001562","","Erste Bank Polska Spółka Akcyjna","Polish bank register (plewiba.xml)"
"PL","15001575","WBKPPLPPXXX","15001575","","Erste Bank Polska Spółka Akcyjna","Polish bank register (plewiba.xml)"
"PL","15001588","WBKPPLPPXXX","15001588","","Erste Bank Polska Spółka Akcyjna","Polish bank register (plewiba.xml)"
"PL","15001605","WBKPPLPPXXX","15001605","","Erste Bank Polska Spółka Akcyjna","Polish bank register (plewiba.xml)"
"PL","15001618","WBKPPLPPXXX","15001618","","Erste Bank Polska Spółka Akcyjna","Polish bank register (plewiba.xml)"
"PL","15001621","WBKPPLPPXXX","15001621","","Erste Bank Polska Spółka Akcyjna","Polish bank register (plewiba.xml)"
"PL","15001634","WBKPPLPPXXX","15001634","","Erste Bank Polska Spółka Akcyjna","Polish bank register (plewiba.xml)"
"PL","15001647","WBKPPLPPXXX","15001647","","Erste Bank Polska Spółka Akcyjna","Polish bank register (plewiba.xml)"
"PL","15001663","WBKPPLPPXXX","15001663","","Erste Bank Polska Spółka Akcyjna","Polish bank register (plewiba.xml)"
"PL","15001676","WBKPPLPPXXX","15001676","","Erste Bank Polska Spółka Akcyjna","Polish bank register (plewiba.xml)"
"PL","15001689","WBKPPLPPXXX","15001689","","Erste Bank Polska Spółka Akcyjna","Polish bank register (plewiba.xml)"
"PL","15001692","WBKPPLPPXXX","15001692","","Erste Bank Polska Spółka Akcyjna","Polish bank register (plewiba.xml)"
"PL","15001706","WBKPPLPPXXX","15001706","","Erste Bank Polska Spółka Akcyjna","Polish bank register (plewiba.xml)"
"PL","15001719","WBKPPLPPXXX","15001719","","Erste Bank Polska Spółka Akcyjna","Polish bank register (plewiba.xml)"
"PL","15001722","WBKPPLPPXXX","15001722","","Erste Bank Polska Spółka Akcyjna","Polish bank register (plewiba.xml)"
"PL","15001735","WBKPPLPPXXX","15001735","","Erste Bank Polska Spółka Akcyjna","Polish bank register (plewiba.xml)"
"PL","15001748","WBKPPLPPXXX","15001748","","Erste Bank Polska Spółka Akcyjna","Polish bank register (plewiba.xml)"
"PL","15001751","WBKPPLPPXXX","15001751","","Erste Bank Polska Spółka Akcyjna","Polish bank register (plewiba.xml)"
"PL","15001764","WBKPPLPPXXX","15001764","","Erste Bank Polska Spółka Akcyjna","Polish bank register (plewiba.xml)"
"PL","15001777","WBKPPLPPXXX","15001777","","Erste Bank Polska Spółka Akcyjna","Polish bank register (plewiba.xml)"
"PL","15001780","WBKPPLPPXXX","15001780","","Erste Bank Polska Spółka Akcyjna","Polish bank register (plewiba.xml)"
"PL","15001793","WBKPPLPPXXX","15001793","","Erste Bank Polska Spółka Akcyjna","Polish bank register (plewiba.xml)"
"PL","15001807","WBKPPLPPXXX","15001807","","Erste Bank Polska Spółka Akcyjna","Polish bank register (plewiba.xml)"
"PL","15001810","WBKPPLPPXXX","15001810","","Erste Bank Polska Spółka Akcyjna","Polish bank register (plewiba.xml)"
"PL","15001865","WBKPPLPPXXX","15001865","","Erste Bank Polska Spółka Akcyjna","Polish bank register (plewiba.xml)"
"PL","15001878","WBKPPLPPXXX","15001878","","Erste Bank Polska Spółka Akcyjna","Polish bank register (plewiba.xml)"
"PL","15001881","WBKPPLPPXXX","15001881","","Erste Bank Polska Spółka Akcyjna","Polish bank register (plewiba.xml)"
"PL","15001894","WBKPPLPPXXX","15001894","","Erste Bank Polska Spółka Akcyjna","Polish bank register (plewiba.xml)"
"PL","15001911","WBKPPLPPXXX","15001911","","Erste Bank Polska Spółka Akcyjna","Polish bank register (plewiba.xml)"
"PL","15001979","WBKPPLPPXXX","15001979","","Erste Bank Polska Spółka Akcyjna","Polish bank register (plewiba.xml)"
"PL","15001982","WBKPPLPPXXX","15001982","","Erste Bank Polska Spółka Akcyjna","Polish bank register (plewiba.xml)"
"PL","15002006","WBKPPLPPXXX","15002006","","Erste Bank Polska Spółka Akcyjna","Polish bank register (plewiba.xml)"
"PL","15002022","WBKPPLPPXXX","15002022","","Erste Bank Polska Spółka Akcyjna","Polish bank register (plewiba.xml)"
"PL","15002051","WBKPPLPPXXX","15002051","","Erste Bank Polska Spółka Akcyjna","Polish bank register (plewiba.xml)"
"PL","15002080","WBKPPLPPXXX","15002080","","Erste Bank Polska Spółka Akcyjna","Polish bank register (plewiba.xml)"
"PL","15002110","WBKPPLPPXXX","15002110","","Erste Bank Polska Spółka Akcyjna","Polish bank register (plewiba.xml)"
"PL","15002149","WBKPPLPPXXX","15002149","","Erste Bank Polska Spółka Akcyjna","Polish bank register (plewiba.xml)"
"PL","15002152","WBKPPLPPXXX","15002152","","Erste Bank Polska Spółka Akcyjna","Polish bank register (plewiba.xml)"
"PL","15002165","WBKPPLPPXXX","15002165","","Erste Bank Polska Spółka Akcyjna","Polish bank register (plewiba.xml)"
"PL","15002178","WBKPPLPPXXX","15002178","","Erste Bank Polska Spółka Akcyjna","Polish bank register (plewiba.xml)"
"PL","15002181","WBKPPLPPXXX","15002181","","Erste Bank Polska Spółka Akcyjna","Polish bank register (plewiba.xml)"
"PL","15002194","WBKPPLPPXXX","15002194","","Erste Bank Polska Spółka Akcyjna","Polish bank register (plewiba.xml)"
"PL","15002208","WBKPPLPPXXX","15002208","","Erste Bank Polska Spółka Akcyjna","Polish bank register (plewiba.xml)"
"PL","15002211","WBKPPLPPXXX","15002211","","Erste Bank Polska Spółka Akcyjna","Polish bank register (plewiba.xml)"
"PL","15002224","WBKPPLPPXXX","15002224","","Erste Bank Polska Spółka Akcyjna","Polish bank register (plewiba.xml)"
"PL","15002237","WBKPPLPPXXX","15002237","","Erste Bank Polska Spółka Akcyjna","Polish bank register (plewiba.xml)"
"PL","15002253","WBKPPLPPXXX","15002253","","Erste Bank Polska Spółka Akcyjna","Polish bank register (plewiba.xml)"
"PL","15002266","WBKPPLPPXXX","15002266","","Erste Bank Polska Spółka Akcyjna","Polish bank register (plewiba.xml)"
"PL","15002279","WBKPPLPPXXX","15002279","","Erste Bank Polska Spółka Akcyjna","Polish bank register (plewiba.xml)"
"PL","15002282","WBKPPLPPXXX","15002282","","Erste Bank Polska Spółka Akcyjna","Polish bank register (plewiba.xml)"
"PL","15002295","WBKPPLPPXXX","15002295","","Erste Bank Polska Spółka Akcyjna","Polish bank register (plewiba.xml)"
"PL","15002309","WBKPPLPPXXX","15002309","","Erste Bank Polska Spółka Akcyjna","Polish bank register (plewiba.xml)"
"PL","15002325","WBKPPLPPXXX","15002325","","Erste Bank Polska Spółka Akcyjna","Polish bank register (plewiba.xml)"
"PL","15002338","WBKPPLPPXXX","15002338","","Erste Bank Polska Spółka Akcyjna","Polish bank register (plewiba.xml)"
"PL","15002354","WBKPPLPPXXX","15002354","","Erste Bank Polska Spółka Akcyjna","Polish bank register (plewiba.xml)"
"PL","15002367","WBKPPLPPXXX","15002367","","Erste Bank Polska Spółka Akcyjna","Polish bank register (plewiba.xml)"
"PL","15002370","WBKPPLPPXXX","15002370","","Erste Bank Polska Spółka Akcyjna","Polish bank register (plewiba.xml)"
"PL","15002383","WBKPPLPPXXX","15002383","","Erste Bank Polska Spółka Akcyjna","Polish bank register (plewiba.xml)"
"PL","15400004","EBOSPLPWXXX","15400004","","Bank Ochrony Środowiska Spółka Akcyjna","Polish bank register (plewiba.xml)"
"PL","15400017","EBOSPLPWXXX","15400017","","Bank Ochrony Środowiska Spółka Akcyjna","Polish bank register (plewiba.xml)"
"PL","15401014","EBOSPLPWXXX","15401014","","Bank Ochrony Środowiska Spółka Akcyjna","Polish bank register (plewiba.xml)"
"PL","15401027","EBOSPLPWXXX","15401027","","Bank Ochrony Środowiska Spółka Akcyjna","Polish bank register (plewiba.xml)"
"PL","15401030","EBOSPLPWXXX","15401030","","Bank Ochrony Środowiska Spółka Akcyjna","Polish bank register (plewiba.xml)"
"PL","15401056","EBOSPLPWXXX","15401056","","Bank Ochrony Środowiska Spółka Akcyjna","Polish bank register (plewiba.xml)"
"PL","15401069","EBOSPLPWXXX","15401069","","Bank Ochrony Środowiska Spółka Akcyjna","Polish bank register (plewiba.xml)"
"PL","15401072","EBOSPLPWXXX","15401072","","Bank Ochrony Środowiska Spółka Akcyjna","Polish bank register (plewiba.xml)"
"PL","15401098","EBOSPLPWXXX","15401098","","Bank Ochrony Środowiska Spółka Akcyjna","Polish bank register (plewiba.xml)"
"PL","15401102","EBOSPLPWXXX","15401102","","Bank Ochrony Środowiska Spółka Akcyjna","Polish bank register (plewiba.xml)"
"PL","15401128","EBOSPLPWXXX","15401128","","Bank Ochrony Środowiska Spółka Akcyjna","Polish bank register (plewiba.xml)"
"PL","15401131","EBOSPLPWXXX","15401131","","Bank Ochrony Środowiska Spółka Akcyjna","Polish bank register (plewiba.xml)"
"PL","15401144","EBOSPLPWXXX","15401144","","Bank Ochrony Środowiska Spółka Akcyjna","Polish bank register (plewiba.xml)"
"PL","15401157","EBOSPLPWXXX","15401157","","Bank Ochrony Środowiska Spółka Akcyjna","Polish bank register (plewiba.xml)"
"PL","15401160","EBOSPLPWXXX","15401160","","Bank Ochrony Środowiska Spółka Akcyjna","Polish bank register (plewiba.xml)"
"PL","15401173","EBOSPLPWXXX","15401173","","Bank Ochrony Środowiska Spółka Akcyjna","Polish bank register (plewiba.xml)"
"PL","15401199","EBOSPLPWXXX","15401199","","Bank Ochrony Środowiska Spółka Akcyjna","Polish bank register (plewiba.xml)"
"PL","15401203","EBOSPLPWXXX","15401203","","Bank Ochrony Środowiska Spółka Akcyjna","Polish bank register (plewiba.xml)"
"PL","15401216","EBOSPLPWXXX","15401216","","Bank Ochrony Środowiska Spółka Akcyjna","Polish bank register (plewiba.xml)"
"PL","15401229","EBOSPLPWXXX","15401229","","Bank Ochrony Środowiska Spółka Akcyjna","Polish bank register (plewiba.xml)"
"PL","15401232","EBOSPLPWXXX","15401232","","Bank Ochrony Środowiska Spółka Akcyjna","Polish bank register (plewiba.xml)"
"PL","15401245","EBOSPLPWXXX","15401245","","Bank Ochrony Środowiska Spółka Akcyjna","Polish bank register (plewiba.xml)"
"PL","15401258","EBOSPLPWXXX","15401258","","Bank Ochrony Środowiska Spółka Akcyjna","Polish bank register (plewiba.xml)"
"PL","15401261","EBOSPLPWXXX","15401261","","Bank Ochrony Środowiska Spółka Akcyjna","Polish bank register (plewiba.xml)"
"PL","15401274","EBOSPLPWXXX","15401274","","Bank Ochrony Środowiska Spółka Akcyjna","Polish bank register (plewiba.xml)"
"PL","15401287","EBOSPLPWXXX","15401287","","Bank Ochrony Środowiska Spółka Akcyjna","Polish bank register (plewiba.xml)"
"PL","15401290","EBOSPLPWXXX","15401290","","Bank Ochrony Środowiska Spółka Akcyjna","Polish bank register (plewiba.xml)"
"PL","15401304","EBOSPLPWXXX","15401304","","Bank Ochrony Środowiska Spółka Akcyjna","Polish bank register (plewiba.xml)"
"PL","15600013","GBGCPLPKXXX","15600013","","VeloBank Spółka Akcyjna","Polish bank register (plewiba.xml)"
"PL","15601010","GBGCPLPKXXX","15601010","","VeloBank Spółka Akcyjna","Polish bank register (plewiba.xml)"
"PL","15601023","GBGCPLPKXXX","15601023","","VeloBank Spółka Akcyjna","Polish bank register (plewiba.xml)"
"PL","15601049","GBGCPLPKXXX","15601049","","VeloBank Spółka Akcyjna","Polish bank register (plewiba.xml)"
"PL","15601081","GBGCPLPKXXX","15601081","","VeloBank Spółka Akcyjna","Polish bank register (plewiba.xml)"
"PL","15601094","GBGCPLPKXXX","15601094","","VeloBank Spółka Akcyjna","Polish bank register (plewiba.xml)"
"PL","15601108","GBGCPLPKXXX","15601108","","VeloBank Spółka Akcyjna","Polish bank register (plewiba.xml)"
"PL","15601111","GBGCPLPKXXX","15601111","","VeloBank Spółka Akcyjna","Polish bank register (plewiba.xml)"
"PL","15601137","GBGCPLPKXXX","15601137","","VeloBank Spółka Akcyjna","Polish bank register (plewiba.xml)"
"PL","15601140","GBGCPLPKXXX","15601140","","VeloBank Spółka Akcyjna","Polish bank register (plewiba.xml)"
"PL","15601166","GBGCPLPKXXX","15601166","","VeloBank Spółka Akcyjna","Polish bank register (plewiba.xml)"
"PL","15601195","GBGCPLPKXXX","15601195","","VeloBank Spółka Akcyjna","Polish bank register (plewiba.xml)"
"PL","16000003","PPABPLPKXXX","16000003","","BNP Paribas Bank Polska Spółka Akcyjna","Polish bank register (plewiba.xml)"
"PL","16000016","PPABPLPKXXX","16000016","","BNP Paribas Bank Polska Spółka Akcyjna","Polish bank register (plewiba.xml)"
"PL","16000029","PPABPLPKXXX","16000029","","BNP Paribas Bank Polska Spółka Akcyjna","Polish bank register (plewiba.xml)"
"PL","16000032","PPABPLPKXXX","16000032","","BNP Paribas Bank Polska Spółka Akcyjna","Polish bank register (plewiba.xml)"
"PL","16000045","PPABPLPKXXX","16000045","","BNP Paribas Bank Polska Spółka Akcyjna","Polish bank register (plewiba.xml)"
"PL","16000058","PPABPLPKXXX","16000058","","BNP Paribas Bank Polska Spółka Akcyjna","Polish bank register (plewiba.xml)"
"PL","16000087","PPABPLPKXXX","16000087","","BNP Paribas Bank Polska Spółka Akcyjna","Polish bank register (plewiba.xml)"
"PL","16001013","PPABPLPKXXX","16001013","","BNP Paribas Bank Polska Spółka Akcyjna","Polish bank register (plewiba.xml)"
"PL","16001039","PPABPLPKXXX","16001039","","BNP Paribas Bank Polska Spółka Akcyjna","Polish bank register (plewiba.xml)"
"PL","16001042","PPABPLPKXXX","16001042","","BNP Paribas Bank Polska Spółka Akcyjna","Polish bank register (plewiba.xml)"
"PL","16001055","PPABPLPKXXX","16001055","","BNP Paribas Bank Polska Spółka Akcyjna","Polish bank register (plewiba.xml)"
"PL","16001071","PPABPLPKXXX","16001071","","BNP Paribas Bank Polska Spółka Akcyjna","Polish bank register (plewiba.xml)"
"PL","16001084","PPABPLPKXXX","16001084","","BNP Paribas Bank Polska Spółka Akcyjna","Polish bank register (plewiba.xml)"
"PL","16001097","PPABPLPKXXX","16001097","","BNP Paribas Bank Polska Spółka Akcyjna","Polish bank register (plewiba.xml)"
"PL","16001101","PPABPLPKXXX","16001101","","BNP Paribas Bank Polska Spółka Akcyjna","Polish bank register (plewiba.xml)"
"PL","16001114","PPABPLPKXXX","16001114","","BNP Paribas Bank Polska Spółka Akcyjna","Polish bank register (plewiba.xml)"
"PL","16001127","PPABPLPKXXX","16001127","","BNP Paribas Bank Polska Spółka Akcyjna","Polish bank register (plewiba.xml)"
"PL","16001143","PPABPLPKXXX","16001143","","BNP Paribas Bank Polska Spółka Akcyjna","Polish bank register (plewiba.xml)"
"PL","16001169","PPABPLPKXXX","16001169","","BNP Paribas Bank Polska Spółka Akcyjna","Polish bank register (plewiba.xml)"
"PL","16001172","PPABPLPKXXX","16001172","","BNP Paribas Bank Polska Spółka Akcyjna","Polish bank register (plewiba.xml)"
"PL","16001185","PPABPLPKXXX","16001185","","BNP Paribas Bank Polska Spółka Akcyjna","Polish bank register (plewiba.xml)"
"PL","16001198","PPABPLPKXXX","16001198","","BNP Paribas Bank Polska Spółka Akcyjna","Polish bank register (plewiba.xml)"
"PL","16001202","PPABPLPKXXX","16001202","","BNP Paribas Bank Polska Spółka Akcyjna","Polish bank register (plewiba.xml)"
"PL","16001215","PPABPLPKXXX","16001215","","BNP Paribas Bank Polska Spółka Akcyjna","Polish bank register (plewiba.xml)"
"PL","16001228","PPABPLPKXXX","16001228","","BNP Paribas Bank Polska Spółka Akcyjna","Polish bank register (plewiba.xml)"
"PL","16001231","PPABPLPKXXX","16001231","","BNP Paribas Bank Polska Spółka Akcyjna","Polish bank register (plewiba.xml)"
"PL","16001244","PPABPLPKXXX","16001244","","BNP Paribas Bank Polska Spółka Akcyjna","Polish bank register (plewiba.xml)"
"PL","16001257","PPABPLPKXXX","16001257","","BNP Paribas Bank Polska Spółka Akcyjna","Polish bank register (plewiba.xml)"
"PL","16001260","PPABPLPKXXX","16001260","","BNP Paribas Bank Polska Spółka Akcyjna","Polish bank register (plewiba.xml)"
"PL","16001273","PPABPLPKXXX","16001273","","BNP Paribas Bank Polska Spółka Akcyjna","Polish bank register (plewiba.xml)"
"PL","16001286","PPABPLPKXXX","16001286","","BNP Paribas Bank Polska Spółka Akcyjna","Polish bank register (plewiba.xml)"
"PL","16001299","PPABPLPKXXX","16001299","","BNP Paribas Bank Polska Spółka Akcyjna","Polish bank register (plewiba.xml)"
"PL","16001303","PPABPLPKXXX","16001303","","BNP Paribas Bank Polska Spółka Akcyjna","Polish bank register (plewiba.xml)"
"PL","16001316","PPABPLPKXXX","16001316","","BNP Paribas Bank Polska Spółka Akcyjna","Polish bank register (plewiba.xml)"
"PL","16001329","PPABPLPKXXX","16001329","","BNP Paribas Bank Polska Spółka Akcyjna","Polish bank register (plewiba.xml)"
"PL","16001332","PPABPLPKXXX","16001332","","BNP Paribas Bank Polska Spółka Akcyjna","Polish bank register (plewiba.xml)"
"PL","16001345","PPABPLPKXXX","16001345","","BNP Paribas Bank Polska Spółka Akcyjna","Polish bank register (plewiba.xml)"
"PL","16001358","PPABPLPKXXX","16001358","","BNP Paribas Bank Polska Spółka Akcyjna","Polish bank register (plewiba.xml)"
"PL","16001361","PPABPLPKXXX","16001361","","BNP Paribas Bank Polska Spółka Akcyjna","Polish bank register (plewiba.xml)"
"PL","16001387","PPABPLPKXXX","16001387","","BNP Paribas Bank Polska Spółka Akcyjna","Polish bank register (plewiba.xml)"
"PL","16001390","PPABPLPKXXX","16001390","","BNP Paribas Bank Polska Spółka Akcyjna","Polish bank register (plewiba.xml)"
"PL","16001404","PPABPLPKXXX","16001404","","BNP Paribas Bank Polska Spółka Akcyjna","Polish bank register (plewiba.xml)"
"PL","16001417","PPABPLPKXXX","16001417","","BNP Paribas Bank Polska Spółka Akcyjna","Polish bank register (plewiba.xml)"
"PL","16001420","PPABPLPKXXX","16001420","","BNP Paribas Bank Polska Spółka Akcyjna","Polish bank register (plewiba.xml)"
"PL","16001433","PPABPLPKXXX","16001433","","BNP Paribas Bank Polska Spółka Akcyjna","Polish bank register (plewiba.xml)"
"PL","16001446","PPABPLPKXXX","16001446","","BNP Paribas Bank Polska Spółka Akcyjna","Polish bank register (plewiba.xml)"
"PL","16001459","PPABPLPKXXX","16001459","","BNP Paribas Bank Polska Spółka Akcyjna","Polish bank register (plewiba.xml)"
"PL","16001462","PPABPLPKXXX","16001462","","BNP Paribas Bank Polska Spółka Akcyjna","Polish bank register (plewiba.xml)"
"PL","16001475","PPABPLPKXXX","16001475","","BNP Paribas Bank Polska Spółka Akcyjna","Polish bank register (plewiba.xml)"
"PL","16001488","PPABPLPKXXX","16001488","","BNP Paribas Bank Polska Spółka Akcyjna","Polish bank register (plewiba.xml)"
"PL","16001491","PPABPLPKXXX","16001491","","BNP Paribas Bank Polska Spółka Akcyjna","Polish bank register (plewiba.xml)"
"PL","16001505","PPABPLPKXXX","16001505","","BNP Paribas Bank Polska Spółka Akcyjna","Polish bank register (plewiba.xml)"
"PL","16100006","GBWCPLPPXXX","16100006","","SGB-Bank Spółka Akcyjna","Polish bank register (plewiba.xml)"
"PL","16100048","GBWCPLPPXXX","16100048","","SGB-Bank Spółka Akcyjna","Polish bank register (plewiba.xml)"
"PL","16101016","GBWCPLPPXXX","16101016","","SGB-Bank Spółka Akcyjna","Polish bank register (plewiba.xml)"
"PL","16101032","GBWCPLPPXXX","16101032","","SGB-Bank Spółka Akcyjna","Polish bank register (plewiba.xml)"
"PL","16101045","GBWCPLPPXXX","16101045","","SGB-Bank Spółka Akcyjna","Polish bank register (plewiba.xml)"
"PL","16101087","GBWCPLPPXXX","16101087","","SGB-Bank Spółka Akcyjna","Polish bank register (plewiba.xml)"
"PL","16101090","GBWCPLPPXXX","16101090","","SGB-Bank Spółka Akcyjna","Polish bank register (plewiba.xml)"
"PL","16101120","GBWCPLPPXXX","16101120","","SGB-Bank Spółka Akcyjna","Polish bank register (plewiba.xml)"
"PL","16101133","GBWCPLPPXXX","16101133","","SGB-Bank Spółka Akcyjna","Polish bank register (plewiba.xml)"
"PL","16101146","GBWCPLPPXXX","16101146","","SGB-Bank Spółka Akcyjna","Polish bank register (plewiba.xml)"
"PL","16101159","GBWCPLPPXXX","16101159","","SGB-Bank Spółka Akcyjna","Polish bank register (plewiba.xml)"
"PL","16101162","GBWCPLPPXXX","16101162","","SGB-Bank Spółka Akcyjna","Polish bank register (plewiba.xml)"
"PL","16101175","GBWCPLPPXXX","16101175","","SGB-Bank Spółka Akcyjna","Polish bank register (plewiba.xml)"
"PL","16101191","GBWCPLPPXXX","16101191","","SGB-Bank Spółka Akcyjna","Polish bank register (plewiba.xml)"
"PL","16101205","GBWCPLPPXXX","16101205","","SGB-Bank Spółka Akcyjna","Polish bank register (plewiba.xml)"
"PL","16101234","GBWCPLPPXXX","16101234","","SGB-Bank Spółka Akcyjna","Polish bank register (plewiba.xml)"
"PL","16101247","GBWCPLPPXXX","16101247","","SGB-Bank Spółka Akcyjna","Polish bank register (plewiba.xml)"
"PL","16101250","GBWCPLPPXXX","16101250","","SGB-Bank Spółka Akcyjna","Polish bank register (plewiba.xml)"
"PL","16101306","GBWCPLPPXXX","16101306","","SGB-Bank Spółka Akcyjna","Polish bank register (plewiba.xml)"
"PL","16101319","GBWCPLPPXXX","16101319","","SGB-Bank Spółka Akcyjna","Polish bank register (plewiba.xml)"
"PL","16101322","GBWCPLPPXXX","16101322","","SGB-Bank Spółka Akcyjna","Polish bank register (plewiba.xml)"
"PL","16101335","GBWCPLPPXXX","16101335","","SGB-Bank Spółka Akcyjna","Polish bank register (plewiba.xml)"
"PL","16101348","GBWCPLPPXXX","16101348","","SGB-Bank Spółka Akcyjna","Polish bank register (plewiba.xml)"
"PL","16101351","GBWCPLPPXXX","16101351","","SGB-Bank Spółka Akcyjna","Polish bank register (plewiba.xml)"
"PL","16101364","GBWCPLPPXXX","16101364","","SGB-Bank Spółka Akcyjna","Polish bank register (plewiba.xml)"
"PL","16800007","IVSEPLPPXXX","16800007","","PLUS BANK Spółka Akcyjna","Polish bank register (plewiba.xml)"
"PL","16800010","IVSEPLPPXXX","16800010","","PLUS BANK Spółka Akcyjna","Polish bank register (plewiba.xml)"
"PL","16800023","IVSEPLPPXXX","16800023","","PLUS BANK Spółka Akcyjna","Polish bank register (plewiba.xml)"
"PL","16800049","IVSEPLPPXXX","16800049","","PLUS BANK Spółka Akcyjna","Polish bank register (plewiba.xml)"
"PL","16801017","IVSEPLPPXXX","16801017","","PLUS BANK Spółka Akcyjna","Polish bank register (plewiba.xml)"
"PL","16801046","IVSEPLPPXXX","16801046","","PLUS BANK Spółka Akcyjna","Polish bank register (plewiba.xml)"
"PL","16801062","IVSEPLPPXXX","16801062","","PLUS BANK Spółka Akcyjna","Polish bank register (plewiba.xml)"
"PL","16801088","IVSEPLPPXXX","16801088","","PLUS BANK Spółka Akcyjna","Polish bank register (plewiba.xml)"
"PL","16801105","IVSEPLPPXXX","16801105","","PLUS BANK Spółka Akcyjna","Polish bank register (plewiba.xml)"
"PL","16801206","IVSEPLPPXXX","16801206","","PLUS BANK Spółka Akcyjna","Polish bank register (plewiba.xml)"
"PL","16801235","IVSEPLPPXXX","16801235","","PLUS BANK Spółka Akcyjna","Polish bank register (plewiba.xml)"
"PL","16801248","IVSEPLPPXXX","16801248","","PLUS BANK Spółka Akcyjna","Polish bank register (plewiba.xml)"
"PL","16801277","IVSEPLPPXXX","16801277","","PLUS BANK Spółka Akcyjna","Polish bank register (plewiba.xml)"
"PL","16801310","IVSEPLPPXXX","16801310","","PLUS BANK Spółka Akcyjna","Polish bank register (plewiba.xml)"
"PL","16801323","IVSEPLPPXXX","16801323","","PLUS BANK Spółka Akcyjna","Polish bank register (plewiba.xml)"
"PL","17100007","ALBPPLPWXXX","17100007","","Alior Bank Spółka Akcyjna","Polish bank register (plewiba.xml)"
"PL","17500009","PPABPLPKXXX","17500009","","BNP Paribas Bank Polska Spółka Akcyjna","Polish bank register (plewiba.xml)"
"PL","17500012","PPABPLPKXXX","17500012","","BNP Paribas Bank Polska Spółka Akcyjna","Polish bank register (plewiba.xml)"
"PL","17500025","PPABPLPKXXX","17500025","","BNP Paribas Bank Polska Spółka Akcyjna","Polish bank register (plewiba.xml)"
"PL","17500038","PPABPLPKXXX","17500038","","BNP Paribas Bank Polska Spółka Akcyjna","Polish bank register (plewiba.xml)"
"PL","17500054","PPABPLPKXXX","17500054","","BNP Paribas Bank Polska Spółka Akcyjna","Polish bank register (plewiba.xml)"
"PL","17500067","PPABPLPKXXX","17500067","","BNP Paribas Bank Polska Spółka Akcyjna","Polish bank register (plewiba.xml)"
"PL","17500070","PPABPLPKXXX","17500070","","BNP Paribas Bank Polska Spółka Akcyjna","Polish bank register (plewiba.xml)"
"PL","17500100","PPABPLPKXXX","17500100","","BNP Paribas Bank Polska Spółka Akcyjna","Polish bank register (plewiba.xml)"
"PL","17500113","PPABPLPKXXX","17500113","","BNP Paribas Bank Polska Spółka Akcyjna","Polish bank register (plewiba.xml)"
"PL","17500126","PPABPLPKXXX","17500126","","BNP Paribas Bank Polska Spółka Akcyjna","Polish bank register (plewiba.xml)"
"PL","17500139","PPABPLPKXXX","17500139","","BNP Paribas Bank Polska Spółka Akcyjna","Polish bank register (plewiba.xml)"
"PL","17501019","PPABPLPKXXX","17501019","","BNP Paribas Bank Polska Spółka Akcyjna","Polish bank register (plewiba.xml)"
"PL","17501022","PPABPLPKXXX","17501022","","BNP Paribas Bank Polska Spółka Akcyjna","Polish bank register (plewiba.xml)"
"PL","17501035","PPABPLPKXXX","17501035","","BNP Paribas Bank Polska Spółka Akcyjna","Polish bank register (plewiba.xml)"
"PL","17501048","PPABPLPKXXX","17501048","","BNP Paribas Bank Polska Spółka Akcyjna","Polish bank register (plewiba.xml)"
"PL","17501051","PPABPLPKXXX","17501051","","BNP Paribas Bank Polska Spółka Akcyjna","Polish bank register (plewiba.xml)"
"PL","17501064","PPABPLPKXXX","17501064","","BNP Paribas Bank Polska Spółka Akcyjna","Polish bank register (plewiba.xml)"
"PL","17501077","PPABPLPKXXX","17501077","","BNP Paribas Bank Polska Spółka Akcyjna","Polish bank register (plewiba.xml)"
"PL","17501080","PPABPLPKXXX","17501080","","BNP Paribas Bank Polska Spółka Akcyjna","Polish bank register (plewiba.xml)"
"PL","17501093","PPABPLPKXXX","17501093","","BNP Paribas Bank Polska Spółka Akcyjna","Polish bank register (plewiba.xml)"
"PL","17501107","PPABPLPKXXX","17501107","","BNP Paribas Bank Polska Spółka Akcyjna","Polish bank register (plewiba.xml)"
"PL","17501110","PPABPLPKXXX","17501110","","BNP Paribas Bank Polska Spółka Akcyjna","Polish bank register (plewiba.xml)"
"PL","17501123","PPABPLPKXXX","17501123","","BNP Paribas Bank Polska Spółka Akcyjna","Polish bank register (plewiba.xml)"
"PL","17501136","PPABPLPKXXX","17501136","","BNP Paribas Bank Polska Spółka Akcyjna","Polish bank register (plewiba.xml)"
"PL","17501149","PPABPLPKXXX","17501149","","BNP Paribas Bank Polska Spółka Akcyjna","Polish bank register (plewiba.xml)"
"PL","17501152","PPABPLPKXXX","17501152","","BNP Paribas Bank Polska Spółka Akcyjna","Polish bank register (plewiba.xml)"
"PL","17501165","PPABPLPKXXX","17501165","","BNP Paribas Bank Polska Spółka Akcyjna","Polish bank register (plewiba.xml)"
"PL","17501178","PPABPLPKXXX","17501178","","BNP Paribas Bank Polska Spółka Akcyjna","Polish bank register (plewiba.xml)"
"PL","17501181","PPABPLPKXXX","17501181","","BNP Paribas Bank Polska Spółka Akcyjna","Polish bank register (plewiba.xml)"
"PL","17501194","PPABPLPKXXX","17501194","","BNP Paribas Bank Polska Spółka Akcyjna","Polish bank register (plewiba.xml)"
"PL","17501208","PPABPLPKXXX","17501208","","BNP Paribas Bank Polska Spółka Akcyjna","Polish bank register (plewiba.xml)"
"PL","17501211","PPABPLPKXXX","17501211","","BNP Paribas Bank Polska Spółka Akcyjna","Polish bank register (plewiba.xml)"
"PL","17501224","PPABPLPKXXX","17501224","","BNP Paribas Bank Polska Spółka Akcyjna","Polish bank register (plewiba.xml)"
"PL","17501237","PPABPLPKXXX","17501237","","BNP Paribas Bank Polska Spółka Akcyjna","Polish bank register (plewiba.xml)"
"PL","17501240","PPABPLPKXXX","17501240","","BNP Paribas Bank Polska Spółka Akcyjna","Polish bank register (plewiba.xml)"
"PL","17501253","PPABPLPKXXX","17501253","","BNP Paribas Bank Polska Spółka Akcyjna","Polish bank register (plewiba.xml)"
"PL","17501266","PPABPLPKXXX","17501266","","BNP Paribas Bank Polska Spółka Akcyjna","Polish bank register (plewiba.xml)"
"PL","17501279","RCBWPLPWXXX","17501279","","BNP Paribas Bank Polska Spółka Akcyjna","Polish bank register (plewiba.xml)"
"PL","17501282","PPABPLPKXXX","17501282","","BNP Paribas Bank Polska Spółka Akcyjna","Polish bank register (plewiba.xml)"
"PL","17501295","PPABPLPKXXX","17501295","","BNP Paribas Bank Polska Spółka Akcyjna","Polish bank register (plewiba.xml)"
"PL","17501309","PPABPLPKXXX","17501309","","BNP Paribas Bank Polska Spółka Akcyjna","Polish bank register (plewiba.xml)"
"PL","17501312","PPABPLPKXXX","17501312","","BNP Paribas Bank Polska Spółka Akcyjna","Polish bank register (plewiba.xml)"
"PL","17501325","PPABPLPKXXX","17501325","","BNP Paribas Bank Polska Spółka Akcyjna","Polish bank register (plewiba.xml)"
"PL","17501338","PPABPLPKXXX","17501338","","BNP Paribas Bank Polska Spółka Akcyjna","Polish bank register (plewiba.xml)"
"PL","17501341","PPABPLPKXXX","17501341","","BNP Paribas Bank Polska Spółka Akcyjna","Polish bank register (plewiba.xml)"
"PL","17501354","PPABPLPKXXX","17501354","","BNP Paribas Bank Polska Spółka Akcyjna","Polish bank register (plewiba.xml)"
"PL","17501367","PPABPLPKXXX","17501367","","BNP Paribas Bank Polska Spółka Akcyjna","Polish bank register (plewiba.xml)"
"PL","17501370","PPABPLPKXXX","17501370","","BNP Paribas Bank Polska Spółka Akcyjna","Polish bank register (plewiba.xml)"
"PL","17501383","PPABPLPKXXX","17501383","","BNP Paribas Bank Polska Spółka Akcyjna","Polish bank register (plewiba.xml)"
"PL","17501396","PPABPLPKXXX","17501396","","BNP Paribas Bank Polska Spółka Akcyjna","Polish bank register (plewiba.xml)"
"PL","17501400","PPABPLPKXXX","17501400","","BNP Paribas Bank Polska Spółka Akcyjna","Polish bank register (plewiba.xml)"
"PL","17501413","PPABPLPKXXX","17501413","","BNP Paribas Bank Polska Spółka Akcyjna","Polish bank register (plewiba.xml)"
"PL","17501426","PPABPLPKXXX","17501426","","BNP Paribas Bank Polska Spółka Akcyjna","Polish bank register (plewiba.xml)"
"PL","17501439","PPABPLPKXXX","17501439","","BNP Paribas Bank Polska Spółka Akcyjna","Polish bank register (plewiba.xml)"
"PL","17501442","PPABPLPKXXX","17501442","","BNP Paribas Bank Polska Spółka Akcyjna","Polish bank register (plewiba.xml)"
"PL","17501455","PPABPLPKXXX","17501455","","BNP Paribas Bank Polska Spółka Akcyjna","Polish bank register (plewiba.xml)"
"PL","17501468","PPABPLPKXXX","17501468","","BNP Paribas Bank Polska Spółka Akcyjna","Polish bank register (plewiba.xml)"
"PL","17501471","PPABPLPKXXX","17501471","","BNP Paribas Bank Polska Spółka Akcyjna","Polish bank register (plewiba.xml)"
"PL","17501484","PPABPLPKXXX","17501484","","BNP Paribas Bank Polska Spółka Akcyjna","Polish bank register (plewiba.xml)"
"PL","17501497","PPABPLPKXXX","17501497","","BNP Paribas Bank Polska Spółka Akcyjna","Polish bank register (plewiba.xml)"
"PL","17501501","PPABPLPKXXX","17501501","","BNP Paribas Bank Polska Spółka Akcyjna","Polish bank register (plewiba.xml)"
"PL","17501514","PPABPLPKXXX","17501514","","BNP Paribas Bank Polska Spółka Akcyjna","Polish bank register (plewiba.xml)"
"PL","17501527","PPABPLPKXXX","17501527","","BNP Paribas Bank Polska Spółka Akcyjna","Polish bank register (plewiba.xml)"
"PL","18400007","SOGEPLPWXXX","18400007","","Société Générale Spółka Akcyjna Oddział w Polsce","Polish bank register (plewiba.xml)"
"PL","18700006","NESBPLPWXXX","18700006","","Nest Bank Spółka Akcyjna","Polish bank register (plewiba.xml)"
"PL","18701016","NESBPLPWXXX","18701016","","Nest Bank Spółka Akcyjna","Polish bank register (plewiba.xml)"
"PL","18701029","NESBPLPWXXX","18701029","","Nest Bank Spółka Akcyjna","Polish bank register (plewiba.xml)"
"PL","18701045","NESBPLPWXXX","18701045","","Nest Bank Spółka Akcyjna","Polish bank register (plewiba.xml)"
"PL","18701058","NESBPLPWXXX","18701058","","Nest Bank Spółka Akcyjna","Polish bank register (plewiba.xml)"
"PL","18800009","DEUTPLPXXXX","18800009","","Deutsche Bank Polska Spółka Akcyjna","Polish bank register (plewiba.xml)"
"PL","18801019","DEUTPLPXXXX","18801019","","Deutsche Bank Polska Spółka Akcyjna","Polish bank register (plewiba.xml)"
"PL","18801022","DEUTPLPXXXX","18801022","","Deutsche Bank Polska Spółka Akcyjna","Polish bank register (plewiba.xml)"
"PL","18900002","HYVEPLP2XXX","18900002","","Pekao Bank Hipoteczny Spółka Akcyjna","Polish bank register (plewiba.xml)"
"PL","19100009","WBKPPLPPXXX","19100009","","Erste Bank Polska Spółka Akcyjna","Polish bank register (plewiba.xml)"
"PL","19101019","WBKPPLPPXXX","19101019","","Erste Bank Polska Spółka Akcyjna","Polish bank register (plewiba.xml)"
"PL","19101048","WBKPPLPPXXX","19101048","","Erste Bank Polska Spółka Akcyjna","Polish bank register (plewiba.xml)"
"PL","19101064","WBKPPLPPXXX","19101064","","Erste Bank Polska Spółka Akcyjna","Polish bank register (plewiba.xml)"
"PL","19101123","WBKPPLPPXXX","19101123","","Erste Bank Polska Spółka Akcyjna","Polish bank register (plewiba.xml)"
"PL","19101136","WBKPPLPPXXX","19101136","","Erste Bank Polska Spółka Akcyjna","Polish bank register (plewiba.xml)"
"PL","19101152","WBKPPLPPXXX","19101152","","Erste Bank Polska Spółka Akcyjna","Polish bank register (plewiba.xml)"
"PL","19300005","POLUPLPRXXX","19300005","","BANK POLSKIEJ SPÓŁDZIELCZOŚCI SPÓŁKA AKCYJNA","Polish bank register (plewiba.xml)"
"PL","19301028","POLUPLPRXXX","19301028","","BANK POLSKIEJ SPÓŁDZIELCZOŚCI SPÓŁKA AKCYJNA","Polish bank register (plewiba.xml)"
"PL","19301031","POLUPLPRXXX","19301031","","BANK POLSKIEJ SPÓŁDZIELCZOŚCI SPÓŁKA AKCYJNA","Polish bank register (plewiba.xml)"
"PL","19301044","POLUPLPRXXX","19301044","","BANK POLSKIEJ SPÓŁDZIELCZOŚCI SPÓŁKA AKCYJNA","Polish bank register (plewiba.xml)"
"PL","19301060","POLUPLPRXXX","19301060","","BANK POLSKIEJ SPÓŁDZIELCZOŚCI SPÓŁKA AKCYJNA","Polish bank register (plewiba.xml)"
"PL","19301073","POLUPLPRXXX","19301073","","BANK POLSKIEJ SPÓŁDZIELCZOŚCI SPÓŁKA AKCYJNA","Polish bank register (plewiba.xml)"
"PL","19301086","POLUPLPRXXX","19301086","","BANK POLSKIEJ SPÓŁDZIELCZOŚCI SPÓŁKA AKCYJNA","Polish bank register (plewiba.xml)"
"PL","19301103","POLUPLPRXXX","19301103","","BANK POLSKIEJ SPÓŁDZIELCZOŚCI SPÓŁKA AKCYJNA","Polish bank register (plewiba.xml)"
"PL","19301129","POLUPLPRXXX","19301129","","BANK POLSKIEJ SPÓŁDZIELCZOŚCI SPÓŁKA AKCYJNA","Polish bank register (plewiba.xml)"
"PL","19301187","POLUPLPRXXX","19301187","","BANK POLSKIEJ SPÓŁDZIELCZOŚCI SPÓŁKA AKCYJNA","Polish bank register (plewiba.xml)"
"PL","19301190","POLUPLPRXXX","19301190","","BANK POLSKIEJ SPÓŁDZIELCZOŚCI SPÓŁKA AKCYJNA","Polish bank register (plewiba.xml)"
"PL","19301220","POLUPLPRXXX","19301220","","BANK POLSKIEJ SPÓŁDZIELCZOŚCI SPÓŁKA AKCYJNA","Polish bank register (plewiba.xml)"
"PL","19301233","POLUPLPRXXX","19301233","","BANK POLSKIEJ SPÓŁDZIELCZOŚCI SPÓŁKA AKCYJNA","Polish bank register (plewiba.xml)"
"PL","19301246","POLUPLPRXXX","19301246","","BANK POLSKIEJ SPÓŁDZIELCZOŚCI SPÓŁKA AKCYJNA","Polish bank register (plewiba.xml)"
"PL","19301262","POLUPLPRXXX","19301262","","BANK POLSKIEJ SPÓŁDZIELCZOŚCI SPÓŁKA AKCYJNA","Polish bank register (plewiba.xml)"
"PL","19301275","POLUPLPRXXX","19301275","","BANK POLSKIEJ SPÓŁDZIELCZOŚCI SPÓŁKA AKCYJNA","Polish bank register (plewiba.xml)"
"PL","19301288","POLUPLPRXXX","19301288","","BANK POLSKIEJ SPÓŁDZIELCZOŚCI SPÓŁKA AKCYJNA","Polish bank register (plewiba.xml)"
"PL","19301305","POLUPLPRXXX","19301305","","BANK POLSKIEJ SPÓŁDZIELCZOŚCI SPÓŁKA AKCYJNA","Polish bank register (plewiba.xml)"
"PL","19301318","POLUPLPRXXX","19301318","","BANK POLSKIEJ SPÓŁDZIELCZOŚCI SPÓŁKA AKCYJNA","Polish bank register (plewiba.xml)"
"PL","19301321","POLUPLPRXXX","19301321","","BANK POLSKIEJ SPÓŁDZIELCZOŚCI SPÓŁKA AKCYJNA","Polish bank register (plewiba.xml)"
"PL","19301334","POLUPLPRXXX","19301334","","BANK POLSKIEJ SPÓŁDZIELCZOŚCI SPÓŁKA AKCYJNA","Polish bank register (plewiba.xml)"
"PL","19301363","POLUPLPRXXX","19301363","","BANK POLSKIEJ SPÓŁDZIELCZOŚCI SPÓŁKA AKCYJNA","Polish bank register (plewiba.xml)"
"PL","19301376","POLUPLPRXXX","19301376","","BANK POLSKIEJ SPÓŁDZIELCZOŚCI SPÓŁKA AKCYJNA","Polish bank register (plewiba.xml)"
"PL","19301389","POLUPLPRXXX","19301389","","BANK POLSKIEJ SPÓŁDZIELCZOŚCI SPÓŁKA AKCYJNA","Polish bank register (plewiba.xml)"
"PL","19301419","POLUPLPRXXX","19301419","","BANK POLSKIEJ SPÓŁDZIELCZOŚCI SPÓŁKA AKCYJNA","Polish bank register (plewiba.xml)"
"PL","19301464","POLUPLPRXXX","19301464","","BANK POLSKIEJ SPÓŁDZIELCZOŚCI SPÓŁKA AKCYJNA","Polish bank register (plewiba.xml)"
"PL","19301523","POLUPLPRXXX","19301523","","BANK POLSKIEJ SPÓŁDZIELCZOŚCI SPÓŁKA AKCYJNA","Polish bank register (plewiba.xml)"
"PL","19301552","POLUPLPRXXX","19301552","","BANK POLSKIEJ SPÓŁDZIELCZOŚCI SPÓŁKA AKCYJNA","Polish bank register (plewiba.xml)"
"PL","19301611","POLUPLPRXXX","19301611","","BANK POLSKIEJ SPÓŁDZIELCZOŚCI SPÓŁKA AKCYJNA","Polish bank register (plewiba.xml)"
"PL","19301624","POLUPLPRXXX","19301624","","BANK POLSKIEJ SPÓŁDZIELCZOŚCI SPÓŁKA AKCYJNA","Polish bank register (plewiba.xml)"
"PL","19301637","POLUPLPRXXX","19301637","","BANK POLSKIEJ SPÓŁDZIELCZOŚCI SPÓŁKA AKCYJNA","Polish bank register (plewiba.xml)"
"PL","19301640","POLUPLPRXXX","19301640","","BANK POLSKIEJ SPÓŁDZIELCZOŚCI SPÓŁKA AKCYJNA","Polish bank register (plewiba.xml)"
"PL","19301666","POLUPLPRXXX","19301666","","BANK POLSKIEJ SPÓŁDZIELCZOŚCI SPÓŁKA AKCYJNA","Polish bank register (plewiba.xml)"
"PL","19301679","POLUPLPRXXX","19301679","","BANK POLSKIEJ SPÓŁDZIELCZOŚCI SPÓŁKA AKCYJNA","Polish bank register (plewiba.xml)"
"PL","19301682","POLUPLPRXXX","19301682","","BANK POLSKIEJ SPÓŁDZIELCZOŚCI SPÓŁKA AKCYJNA","Polish bank register (plewiba.xml)"
"PL","19301695","POLUPLPRXXX","19301695","","BANK POLSKIEJ SPÓŁDZIELCZOŚCI SPÓŁKA AKCYJNA","Polish bank register (plewiba.xml)"
"PL","19301712","POLUPLPRXXX","19301712","","BANK POLSKIEJ SPÓŁDZIELCZOŚCI SPÓŁKA AKCYJNA","Polish bank register (plewiba.xml)"
"PL","19301725","POLUPLPRXXX","19301725","","BANK POLSKIEJ SPÓŁDZIELCZOŚCI SPÓŁKA AKCYJNA","Polish bank register (plewiba.xml)"
"PL","19301738","POLUPLPRXXX","19301738","","BANK POLSKIEJ SPÓŁDZIELCZOŚCI SPÓŁKA AKCYJNA","Polish bank register (plewiba.xml)"
"PL","19301741","POLUPLPRXXX","19301741","","BANK POLSKIEJ SPÓŁDZIELCZOŚCI SPÓŁKA AKCYJNA","Polish bank register (plewiba.xml)"
"PL","19301754","POLUPLPRXXX","19301754","","BANK POLSKIEJ SPÓŁDZIELCZOŚCI SPÓŁKA AKCYJNA","Polish bank register (plewiba.xml)"
"PL","19301767","POLUPLPRXXX","19301767","","BANK POLSKIEJ SPÓŁDZIELCZOŚCI SPÓŁKA AKCYJNA","Polish bank register (plewiba.xml)"
"PL","19301770","POLUPLPRXXX","19301770","","BANK POLSKIEJ SPÓŁDZIELCZOŚCI SPÓŁKA AKCYJNA","Polish bank register (plewiba.xml)"
"PL","19301800","POLUPLPRXXX","19301800","","BANK POLSKIEJ SPÓŁDZIELCZOŚCI SPÓŁKA AKCYJNA","Polish bank register (plewiba.xml)"
"PL","19301826","POLUPLPRXXX","19301826","","BANK POLSKIEJ SPÓŁDZIELCZOŚCI SPÓŁKA AKCYJNA","Polish bank register (plewiba.xml)"
"PL","19301839","POLUPLPRXXX","19301839","","BANK POLSKIEJ SPÓŁDZIELCZOŚCI SPÓŁKA AKCYJNA","Polish bank register (plewiba.xml)"
"PL","19301855","POLUPLPRXXX","19301855","","BANK POLSKIEJ SPÓŁDZIELCZOŚCI SPÓŁKA AKCYJNA","Polish bank register (plewiba.xml)"
"PL","19301871","POLUPLPRXXX","19301871","","BANK POLSKIEJ SPÓŁDZIELCZOŚCI SPÓŁKA AKCYJNA","Polish bank register (plewiba.xml)"
"PL","19301884","POLUPLPRXXX","19301884","","BANK POLSKIEJ SPÓŁDZIELCZOŚCI SPÓŁKA AKCYJNA","Polish bank register (plewiba.xml)"
"PL","19301897","POLUPLPRXXX","19301897","","BANK POLSKIEJ SPÓŁDZIELCZOŚCI SPÓŁKA AKCYJNA","Polish bank register (plewiba.xml)"
"PL","19301901","POLUPLPRXXX","19301901","","BANK POLSKIEJ SPÓŁDZIELCZOŚCI SPÓŁKA AKCYJNA","Polish bank register (plewiba.xml)"
"PL","19301914","POLUPLPRXXX","19301914","","BANK POLSKIEJ SPÓŁDZIELCZOŚCI SPÓŁKA AKCYJNA","Polish bank register (plewiba.xml)"
"PL","19301927","POLUPLPRXXX","19301927","","BANK POLSKIEJ SPÓŁDZIELCZOŚCI SPÓŁKA AKCYJNA","Polish bank register (plewiba.xml)"
"PL","19301930","POLUPLPRXXX","19301930","","BANK POLSKIEJ SPÓŁDZIELCZOŚCI SPÓŁKA AKCYJNA","Polish bank register (plewiba.xml)"
"PL","19400008","AGRIPLPRXXX","19400008","","Credit Agricole Bank Polska Spółka Akcyjna","Polish bank register (plewiba.xml)"
"PL","19401018","AGRIPLPRXXX","19401018","","Credit Agricole Bank Polska Spółka Akcyjna","Polish bank register (plewiba.xml)"
"PL","19401063","AGRIPLPRXXX","19401063","","Credit Agricole Bank Polska Spółka Akcyjna","Polish bank register (plewiba.xml)"
"PL","19401076","AGRIPLPRXXX","19401076","","Credit Agricole Bank Polska Spółka Akcyjna","Polish bank register (plewiba.xml)"
"PL","19401177","AGRIPLPRXXX","19401177","","Credit Agricole Bank Polska Spółka Akcyjna","Polish bank register (plewiba.xml)"
"PL","19401180","AGRIPLPRXXX","19401180","","Credit Agricole Bank Polska Spółka Akcyjna","Polish bank register (plewiba.xml)"
"PL","19401193","AGRIPLPRXXX","19401193","","Credit Agricole Bank Polska Spółka Akcyjna","Polish bank register (plewiba.xml)"
"PL","19401207","AGRIPLPRXXX","19401207","","Credit Agricole Bank Polska Spółka Akcyjna","Polish bank register (plewiba.xml)"
"PL","19401210","AGRIPLPRXXX","19401210","","Credit Agricole Bank Polska Spółka Akcyjna","Polish bank register (plewiba.xml)"
"PL","19500001","PKOPPLPWXXX","19500001","","Bank Polska Kasa Opieki Spółka Akcyjna","Polish bank register (plewiba.xml)"
"PL","19501024","PKOPPLPWXXX","19501024","","Bank Polska Kasa Opieki Spółka Akcyjna","Polish bank register (plewiba.xml)"
"PL","20000004","PPABPLPKXXX","20000004","","BNP Paribas Bank Polska Spółka Akcyjna","Polish bank register (plewiba.xml)"
"PL","20000017","PPABPLPKXXX","20000017","","BNP Paribas Bank Polska Spółka Akcyjna","Polish bank register (plewiba.xml)"
"PL","20300003","PPABPLPKXXX","20300003","","BNP Paribas Bank Polska Spółka Akcyjna","Polish bank register (plewiba.xml)"
"PL","20300032","PPABPLPKXXX","20300032","","BNP Paribas Bank Polska Spółka Akcyjna","Polish bank register (plewiba.xml)"
"PL","20300045","PPABPLPKXXX","20300045","","BNP Paribas Bank Polska Spółka Akcyjna","Polish bank register (plewiba.xml)"
"PL","20300061","PPABPLPKXXX","20300061","","BNP Paribas Bank Polska Spółka Akcyjna","Polish bank register (plewiba.xml)"
"PL","20300074","PPABPLPKXXX","20300074","","BNP Paribas Bank Polska Spółka Akcyjna","Polish bank register (plewiba.xml)"
"PL","20302182","PPABPLPKXXX","20302182","","BNP Paribas Bank Polska Spółka Akcyjna","Polish bank register (plewiba.xml)"
"PL","20302254","PPABPLPKXXX","20302254","","BNP Paribas Bank Polska Spółka Akcyjna","Polish bank register (plewiba.xml)"
"PL","20302267","PPABPLPKXXX","20302267","","BNP Paribas Bank Polska Spółka Akcyjna","Polish bank register (plewiba.xml)"
"PL","21200001","SCFBPLPWXXX","21200001","","Santander Consumer Bank Spółka Akcyjna","Polish bank register (plewiba.xml)"
"PL","21400007","FBPLPLPWXXX","21400007","","CA Auto Bank S.p.A. Spółka Akcyjna Oddział w Polsce","Polish bank register (plewiba.xml)"
"PL","21500000","RHBHPLPWXXX","21500000","","mBank Hipoteczny Spółka Akcyjna","Polish bank register (plewiba.xml)"
"PL","21600003","TOBAPLPWXXX","21600003","","Toyota Bank Polska Spółka Akcyjna","Polish bank register (plewiba.xml)"
"PL","21900002","MHBFPLPWXXX","21900002","","DNB Bank Polska Spółka Akcyjna","Polish bank register (plewiba.xml)"
"PL","21901012","MHBFPLPWXXX","21901012","","DNB Bank Polska Spółka Akcyjna","Polish bank register (plewiba.xml)"
"PL","22600004","SOGEPLPWXXX","22600004","","RCI Banque Spółka Akcyjna Oddział w Polsce","Polish bank register (plewiba.xml)"
"PL","22700007","PPABPLPKXXX","22700007","","BNP Paribas Bank Polska Spółka Akcyjna","Polish bank register (plewiba.xml)"
"PL","22900003","GBGCPLPKXXX","22900003","","VeloBank Spółka Akcyjna","Polish bank register (plewiba.xml)"
"PL","23400009","PPABPLPKXXX","23400009","","BNP Paribas Bank Polska Spółka Akcyjna","Polish bank register (plewiba.xml)"
"PL","23400012","RCBWPLPWXXX","23400012","","BNP Paribas Bank Polska Spółka Akcyjna","Polish bank register (plewiba.xml)"
"PL","23400038","PPABPLPKXXX","23400038","","BNP Paribas Bank Polska Spółka Akcyjna","Polish bank register (plewiba.xml)"
"PL","23500002","BNPAPLPXXXX","23500002","","BNP Paribas S.A. Oddział w Polsce ","Polish bank register (plewiba.xml)"
"PL","23500015","BNPAPLPXXXX","23500015","","BNP Paribas S.A. Oddział w Polsce ","Polish bank register (plewiba.xml)"
"PL","23600005","DABAPLPWXXX","23600005","","Danske Bank A/S Spółka Akcyjna Oddział w Polsce","Polish bank register (plewiba.xml)"
"PL","23700008","ESSEPLPWXXX","23700008","","Skandinaviska Enskilda Banken AB (Spółka Akcyjna) - Oddział w Polsce","Polish bank register (plewiba.xml)"
"PL","23700011","ESSEPLPWXXX","23700011","","Skandinaviska Enskilda Banken AB (Spółka Akcyjna) - Oddział w Polsce","Polish bank register (plewiba.xml)"
"PL","23900004","CAIXPLPWXXX","23900004","","CAIXABANK, S.A. (SPÓŁKA AKCYJNA) ODDZIAŁ W POLSCE","Polish bank register (plewiba.xml)"
"PL","24100001","DEUTPLPXXXX","24100001","","U.S. Bank Europe Designated Activity Company (Spółka z o.o. o Wyznaczonym Przedmiocie Działalności) Oddział w Polsce","Polish bank register (plewiba.xml)"
"PL","24300007","PARBPLPXXXX","24300007","","BNP Paribas S.A. Oddział w Polsce ","Polish bank register (plewiba.xml)"
"PL","24700009","ESSIPLPXXXX","24700009","","HAITONG BANK, S.A. Spółka Akcyjna Oddział w Polsce","Polish bank register (plewiba.xml)"
"PL","24700012","ESSIPLPXXXX","24700012","","HAITONG BANK, S.A. Spółka Akcyjna Oddział w Polsce","Polish bank register (plewiba.xml)"
"PL","24800002","GBGCPLPKXXX","24800002","","VeloBank Spółka Akcyjna","Polish bank register (plewiba.xml)"
"PL","24801012","GBGCPLPKXXX","24801012","","VeloBank Spółka Akcyjna","Polish bank register (plewiba.xml)"
"PL","24801025","GBGCPLPKXXX","24801025","","VeloBank Spółka Akcyjna","Polish bank register (plewiba.xml)"
"PL","24801038","GBGCPLPKXXX","24801038","","VeloBank Spółka Akcyjna","Polish bank register (plewiba.xml)"
"PL","24811112","POLUPLPRXXX","24811112","","Getin Noble Bank Spółka Akcyjna w upadłości","Polish bank register (plewiba.xml)"
"PL","24900005","ALBPPLPWXXX","24900005","","Alior Bank Spółka Akcyjna","Polish bank register (plewiba.xml)"
"PL","24900018","ALBPPLPWXXX","24900018","","Alior Bank Spółka Akcyjna","Polish bank register (plewiba.xml)"
"PL","24900047","ALBPPLPWXXX","24900047","","Alior Bank Spółka Akcyjna","Polish bank register (plewiba.xml)"
"PL","24901015","ALBPPLPWXXX","24901015","","Alior Bank Spółka Akcyjna","Polish bank register (plewiba.xml)"
"PL","24901028","ALBPPLPWXXX","24901028","","Alior Bank Spółka Akcyjna","Polish bank register (plewiba.xml)"
"PL","24901031","ALBPPLPWXXX","24901031","","Alior Bank Spółka Akcyjna","Polish bank register (plewiba.xml)"
"PL","24901044","ALBPPLPWXXX","24901044","","Alior Bank Spółka Akcyjna","Polish bank register (plewiba.xml)"
"PL","24901057","ALBPPLPWXXX","24901057","","Alior Bank Spółka Akcyjna","Polish bank register (plewiba.xml)"
"PL","24901060","ALBPPLPWXXX","24901060","","Alior Bank Spółka Akcyjna","Polish bank register (plewiba.xml)"
"PL","24901073","ALBPPLPWXXX","24901073","","Alior Bank Spółka Akcyjna","Polish bank register (plewiba.xml)"
"PL","25300008","NESBPLPWXXX","25300008","","Nest Bank Spółka Akcyjna","Polish bank register (plewiba.xml)"
"PL","26200006","ICBKPLPWXXX","26200006","","Industrial and Commercial Bank of China (Europe) S.A. (Spółka Akcyjna) Oddział w Polsce","Polish bank register (plewiba.xml)"
"PL","26400002","SOGEPLPWXXX","26400002","","RCI Banque Spółka Akcyjna Oddział w Polsce","Polish bank register (plewiba.xml)"
"PL","26600008","BCITPLPWXXX","26600008","","Intesa Sanpaolo S.p.A. Spółka Akcyjna Oddział w Polsce","Polish bank register (plewiba.xml)"
"PL","26900007","BPKHPLPGXXX","26900007","","PKO Bank Hipoteczny Spółka Akcyjna","Polish bank register (plewiba.xml)"
"PL","27300000","PCBCPLPWXXX","27300000","","China Construction Bank (Europe) S.A. (Spółka Akcyjna) Oddział w Polsce","Polish bank register (plewiba.xml)"
"PL","27900008","RCBWPLPWXXX","27900008","","Raiffeisen Bank International AG (Spółka Akcyjna) Oddział w Polsce","Polish bank register (plewiba.xml)"
"PL","28700003","POLUPLPRXXX","28700003","","Bank Nowy Spółka Akcyjna","Polish bank register (plewiba.xml)"
"PL","29100006","BMPBPLPPXXX","29100006","","UniCredit S.A. Spółka Akcyjna Oddział w Polsce","Polish bank register (plewiba.xml)"
"PL","29100019","BMPBPLPPXXX","29100019","","UniCredit S.A. Spółka Akcyjna Oddział w Polsce","Polish bank register (plewiba.xml)"
"PL","29100022","BMPBPLPPXXX","29100022","","UniCredit S.A. Spółka Akcyjna Oddział w Polsce","Polish bank register (plewiba.xml)"
"PL","29100035","BMPBPLP2XXX","29100035","","UniCredit S.A. Spółka Akcyjna Oddział w Polsce","Polish bank register (plewiba.xml)"
"PL","29300002","GBGCPLPKXXX","29300002","","VeloBank Spółka Akcyjna","Polish bank register (plewiba.xml)"
"PL","29500008","KOEXPLPPXXX","29500008","","KEB Hana Bank (D) AG Spółka Akcyjna Oddział w Polsce","Polish bank register (plewiba.xml)"
"PL","29700004","IBKOPLPWXXX","29700004","","IBK Bank Polska Spółka Akcyjna","Polish bank register (plewiba.xml)"
"PL","60000002","NBPLPLPWXXX","60000002","","Zakład Ubezpieczeń Społecznych","Polish bank register (plewiba.xml)"
"PL","60700003","CNENPLP1XXX","60700003","","Currency One Spółka Akcyjna","Polish bank register (plewiba.xml)"
"PL","63000005","IGTRPLPWXXX","63000005","","Igoria Trade Spółka Akcyjna","Polish bank register (plewiba.xml)"
"PL","63600003","SSOPPLP2XXX","63600003","","SPEEDY AG spółka z ograniczoną odpowiedzialnością","Polish bank register (plewiba.xml)"
"PL","63600016","QICKPLP2XXX","63600016","","SPEEDY AG spółka z ograniczoną odpowiedzialnością","Polish bank register (plewiba.xml)"
"PL","70030006","SKOKPLPWXXX","70030006","","Spółdzielcza Kasa Oszczędnościowo-Kredytowa ENERGIA","Polish bank register (plewiba.xml)"
"PL","70050017","SKOKPLPWXXX","70050017","","Spółdzielcza Kasa Oszczędnościowo-Kredytowa „Szopienice” w Katowicach","Polish bank register (plewiba.xml)"
"PL","70110001","SKOKPLPWXXX","70110001","","Spółdzielcza Kasa Oszczędnościowo-Kredytowa im. Zygmunta Chmielewskiego","Polish bank register (plewiba.xml)"
"PL","70140008","SKOKPLPWXXX","70140008","","Spółdzielcza Kasa Oszczędnościowo-Kredytowa w Kostrzynie nad Odrą","Polish bank register (plewiba.xml)"
"PL","70370001","SKOKPLPWXXX","70370001","","Spółdzielcza Kasa Oszczędnościowo-Kredytowa Ziemi Rybnickiej","Polish bank register (plewiba.xml)"
"PL","70390009","SKOKPLPWXXX","70390009","","Spółdzielcza Kasa Oszczędnościowo-Kredytowa ""Boże Dary""","Polish bank register (plewiba.xml)"
"PL","70410000","SKOKPLPWXXX","70410000","","Spółdzielcza Kasa Oszczędnościowo-Kredytowa im. Zygmunta Chmielewskiego","Polish bank register (plewiba.xml)"
"PL","70420009","SKOKPLPWXXX","70420009","","Spółdzielcza Kasa Oszczędnościowo-Kredytowa im. Unii Lubelskiej w Lublinie","Polish bank register (plewiba.xml)"
"PL","70460005","SKOKPLPWXXX","70460005","","Spółdzielcza Kasa Oszczędnościowo-Kredytowa PROGRES","Polish bank register (plewiba.xml)"
"PL","70480003","SKOKPLPWXXX","70480003","","Spółdzielcza Kasa Oszczędnościowo-Kredytowa ""Śląsk"" z siedzibą w Rudzie Śląskiej","Polish bank register (plewiba.xml)"
"PL","70520002","SKOKPLPWXXX","70520002","","Spółdzielcza Kasa Oszczędnościowo-Kredytowa ""Wisła""","Polish bank register (plewiba.xml)"
"PL","70610006","SKOKPLPWXXX","70610006","","Spółdzielcza Kasa Oszczędnościowo-Kredytowa im. Zygmunta Chmielewskiego","Polish bank register (plewiba.xml)"
"PL","70650002","SKOKPLPWXXX","70650002","","Spółdzielcza Kasa Oszczędnościowo-Kredytowa im. Franciszka Stefczyka","Polish bank register (plewiba.xml)"
"PL","70790001","SKOKPLPWXXX","70790001","","Krakowska Spółdzielcza Kasa Oszczędnościowo-Kredytowa w Krakowie","Polish bank register (plewiba.xml)"
"PL","70890004","SKOKPLPWXXX","70890004","","Spółdzielcza Kasa Oszczędnościowo-Kredytowa „Szopienice” w Katowicach","Polish bank register (plewiba.xml)"
"PL","70990007","SKOKPLPWXXX","70990007","","Spółdzielcza Kasa Oszczędnościowo-Kredytowa ""Świdnik""","Polish bank register (plewiba.xml)"
"PL","71150008","SKOKPLPWXXX","71150008","","Spółdzielcza Kasa Oszczędnościowo-Kredytowa „Centrum”","Polish bank register (plewiba.xml)"
"PL","71180005","SKOKPLPWXXX","71180005","","Spółdzielcza Kasa Oszczędnościowo-Kredytowa im. Eugeniusza Kwiatkowskiego","Polish bank register (plewiba.xml)"
"PL","71440008","SKOKPLPWXXX","71440008","","Zachodniopomorska Spółdzielcza Kasa Oszczędnościowo-Kredytowa","Polish bank register (plewiba.xml)"
"PL","71890005","SKOKPLPWXXX","71890005","","Spółdzielcza Kasa Oszczędnościowo-Kredytowa ""Świdnik""","Polish bank register (plewiba.xml)"
"PL","71900007","SKOKPLPWXXX","71900007","","Regionalna Spółdzielcza Kasa Oszczędnościowo-Kredytowa im. św. Brata Alberta","Polish bank register (plewiba.xml)"
"PL","79999995","SKOKPLPWXXX","79999995","","Krajowa Spółdzielcza Kasa Oszczędnościowo-Kredytowa","Polish bank register (plewiba.xml)"
"PL","80010005","POLUPLPRXXX","80010005","","Bank Spółdzielczy w Otwocku","Polish bank register (plewiba.xml)"
"PL","80020004","POLUPLPRXXX","80020004","","Bank Spółdzielczy w Piasecznie","Polish bank register (plewiba.xml)"
"PL","80030003","POLUPLPRXXX","80030003","","Mazovia Bank Spółdzielczy","Polish bank register (plewiba.xml)"
"PL","80040002","POLUPLPRXXX","80040002","","Bank Spółdzielczy w Raszynie","Polish bank register (plewiba.xml)"
"PL","80060000","SKBBPLPWXXX","80060000","","Spółdzielczy Bank Rzemiosła i Rolnictwa w Wołominie w upadłości likwidacyjnej","Polish bank register (plewiba.xml)"
"PL","80080008","POLUPLPRXXX","80080008","","Bank Spółdzielczy w Tarczynie","Polish bank register (plewiba.xml)"
"PL","80081018","POLUPLPRXXX","80081018","","Bank Spółdzielczy w Tarczynie","Polish bank register (plewiba.xml)"
"PL","80090007","POLUPLPRXXX","80090007","","Mazowiecki Bank Spółdzielczy w Łomiankach","Polish bank register (plewiba.xml)"
"PL","80091017","POLUPLPRXXX","80091017","","Mazowiecki Bank Spółdzielczy w Łomiankach","Polish bank register (plewiba.xml)"
"PL","80091033","POLUPLPRXXX","80091033","","Mazowiecki Bank Spółdzielczy w Łomiankach","Polish bank register (plewiba.xml)"
"PL","80091046","POLUPLPRXXX","80091046","","Mazowiecki Bank Spółdzielczy w Łomiankach","Polish bank register (plewiba.xml)"
"PL","80091059","POLUPLPRXXX","80091059","","Mazowiecki Bank Spółdzielczy w Łomiankach","Polish bank register (plewiba.xml)"
"PL","80091062","MAPNPLP1XXX","80091062","","Mazowiecki Bank Spółdzielczy w Łomiankach","Polish bank register (plewiba.xml)"
"PL","80110008","POLUPLPRXXX","80110008","","Bank Spółdzielczy w Nowym Dworze Mazowieckim","Polish bank register (plewiba.xml)"
"PL","80130006","POLUPLPRXXX","80130006","","Bank Spółdzielczy w Legionowie","Polish bank register (plewiba.xml)"
"PL","80131016","POLUPLPRXXX","80131016","","Bank Spółdzielczy w Legionowie","Polish bank register (plewiba.xml)"
"PL","80131029","POLUPLPRXXX","80131029","","Bank Spółdzielczy w Legionowie","Polish bank register (plewiba.xml)"
"PL","80150004","POLUPLPRXXX","80150004","","Warszawski Bank Spółdzielczy","Polish bank register (plewiba.xml)"
"PL","80170002","GBWCPLPPXXX","80170002","","Bank Spółdzielczy w Nadarzynie w upadłości","Polish bank register (plewiba.xml)"
"PL","80171012","GBWCPLPPXXX","80171012","","Bank Spółdzielczy w Nadarzynie w upadłości","Polish bank register (plewiba.xml)"
"PL","80190000","GBWCPLPPXXX","80190000","","Bank Spółdzielczy w Halinowie","Polish bank register (plewiba.xml)"
"PL","80191010","GBWCPLPPXXX","80191010","","Bank Spółdzielczy w Halinowie","Polish bank register (plewiba.xml)"
"PL","80191036","GBWCPLPPXXX","80191036","","Bank Spółdzielczy w Halinowie","Polish bank register (plewiba.xml)"
"PL","80220000","GBWCPLPPXXX","80220000","","Bank Spółdzielczy Ziemi Łowickiej w Łowiczu","Polish bank register (plewiba.xml)"
"PL","80230009","POLUPLPRXXX","80230009","","Bank Spółdzielczy w Karczewie","Polish bank register (plewiba.xml)"
"PL","80250007","POLUPLPRXXX","80250007","","Bank Spółdzielczy w Białej Podlaskiej","Polish bank register (plewiba.xml)"
"PL","80350000","POLUPLPRXXX","80350000","","Bank Spółdzielczy w Łosicach","Polish bank register (plewiba.xml)"
"PL","80370008","POLUPLPRXXX","80370008","","Bank Spółdzielczy w Łomazach","Polish bank register (plewiba.xml)"
"PL","80371021","POLUPLPRXXX","80371021","","Bank Spółdzielczy w Łomazach","Polish bank register (plewiba.xml)"
"PL","80380007","POLUPLPRXXX","80380007","","Bank Spółdzielczy w Łosicach","Polish bank register (plewiba.xml)"
"PL","80390006","SPMSPLP1XXX","80390006","","Bank Spółdzielczy w Międzyrzecu Podlaskim","Polish bank register (plewiba.xml)"
"PL","80420006","POLUPLPRXXX","80420006","","Bank Spółdzielczy w Parczewie","Polish bank register (plewiba.xml)"
"PL","80440004","POLUPLPRXXX","80440004","","Bank Spółdzielczy w Łosicach","Polish bank register (plewiba.xml)"
"PL","80460002","POLUPLPRXXX","80460002","","Bank Spółdzielczy w Radzyniu Podlaskim","Polish bank register (plewiba.xml)"
"PL","80461012","POLUPLPRXXX","80461012","","Bank Spółdzielczy w Radzyniu Podlaskim","Polish bank register (plewiba.xml)"
"PL","80461025","POLUPLPRXXX","80461025","","Bank Spółdzielczy w Radzyniu Podlaskim","Polish bank register (plewiba.xml)"
"PL","80461038","POLUPLPRXXX","80461038","","Bank Spółdzielczy w Radzyniu Podlaskim","Polish bank register (plewiba.xml)"
"PL","80461041","POLUPLPRXXX","80461041","","Bank Spółdzielczy w Radzyniu Podlaskim","Polish bank register (plewiba.xml)"
"PL","80461054","POLUPLPRXXX","80461054","","Bank Spółdzielczy w Radzyniu Podlaskim","Polish bank register (plewiba.xml)"
"PL","80461067","POLUPLPRXXX","80461067","","Bank Spółdzielczy w Radzyniu Podlaskim","Polish bank register (plewiba.xml)"
"PL","80461070","POLUPLPRXXX","80461070","","Bank Spółdzielczy w Radzyniu Podlaskim","Polish bank register (plewiba.xml)"
"PL","80480000","POLUPLPRXXX","80480000","","Bank Spółdzielczy w Łosicach","Polish bank register (plewiba.xml)"
"PL","80550006","POLUPLPRXXX","80550006","","Wschodni Bank Spółdzielczy w Chełmie","Polish bank register (plewiba.xml)"
"PL","80600004","GBWCPLPPXXX","80600004","","Bank Spółdzielczy w Białymstoku","Polish bank register (plewiba.xml)"
"PL","80610003","POLUPLPRXXX","80610003","","Bank Spółdzielczy w Bielsku Podlaskim","Polish bank register (plewiba.xml)"
"PL","80630001","POLUPLPRXXX","80630001","","Bank Spółdzielczy w Brańsku","Polish bank register (plewiba.xml)"
"PL","80710006","POLUPLPRXXX","80710006","","Bank Spółdzielczy w Hajnówce","Polish bank register (plewiba.xml)"
"PL","80740003","POLUPLPRXXX","80740003","","Bank Spółdzielczy w Juchnowcu Górnym","Polish bank register (plewiba.xml)"
"PL","80760001","POLUPLPRXXX","80760001","","Podlaski Bank Spółdzielczy w Knyszynie","Polish bank register (plewiba.xml)"
"PL","80770000","POLUPLPRXXX","80770000","","Bank Spółdzielczy w Korycinie","Polish bank register (plewiba.xml)"
"PL","80810009","POLUPLPRXXX","80810009","","Bank Spółdzielczy w Łapach","Polish bank register (plewiba.xml)"
"PL","80850005","POLUPLPRXXX","80850005","","Bank Spółdzielczy w Mońkach","Polish bank register (plewiba.xml)"
"PL","80860004","POLUPLPRXXX","80860004","","Bank Spółdzielczy w Narwi","Polish bank register (plewiba.xml)"
"PL","80920001","POLUPLPRXXX","80920001","","Bank Spółdzielczy w Siemiatyczach","Polish bank register (plewiba.xml)"
"PL","80930000","POLUPLPRXXX","80930000","","Bank Spółdzielczy w Sokółce","Polish bank register (plewiba.xml)"
"PL","80940009","POLUPLPRXXX","80940009","","Bank Spółdzielczy w Suchowoli","Polish bank register (plewiba.xml)"
"PL","80990004","POLUPLPRXXX","80990004","","Podlasko-Mazurski Bank Spółdzielczy  w Zabłudowie","Polish bank register (plewiba.xml)"
"PL","81100000","POLUPLPRXXX","81100000","","ABS Bank Spółdzielczy","Polish bank register (plewiba.xml)"
"PL","81101010","POLUPLPRXXX","81101010","","ABS Bank Spółdzielczy","Polish bank register (plewiba.xml)"
"PL","81101023","POLUPLPRXXX","81101023","","ABS Bank Spółdzielczy","Polish bank register (plewiba.xml)"
"PL","81110009","POLUPLPRXXX","81110009","","Beskidzki Bank Spółdzielczy","Polish bank register (plewiba.xml)"
"PL","81111019","POLUPLPRXXX","81111019","","Beskidzki Bank Spółdzielczy","Polish bank register (plewiba.xml)"
"PL","81120008","POLUPLPRXXX","81120008","","Bank Spółdzielczy w Brzeźnicy","Polish bank register (plewiba.xml)"
"PL","81130007","POLUPLPRXXX","81130007","","Bank Spółdzielczy w Cieszynie","Polish bank register (plewiba.xml)"
"PL","81131017","POLUPLPRXXX","81131017","","Bank Spółdzielczy w Cieszynie","Polish bank register (plewiba.xml)"
"PL","81131020","POLUPLPRXXX","81131020","","Bank Spółdzielczy w Cieszynie","Polish bank register (plewiba.xml)"
"PL","81170003","POLUPLPRXXX","81170003","","Bank Spółdzielczy w Jasienicy","Polish bank register (plewiba.xml)"
"PL","81180002","POLUPLPRXXX","81180002","","Bank Spółdzielczy w Jeleśni","Polish bank register (plewiba.xml)"
"PL","81190001","POLUPLPRXXX","81190001","","Bank Spółdzielczy w Kalwarii Zebrzydowskiej","Polish bank register (plewiba.xml)"
"PL","81230000","POLUPLPRXXX","81230000","","ABS Bank Spółdzielczy","Polish bank register (plewiba.xml)"
"PL","81240009","POLUPLPRXXX","81240009","","Bank Spółdzielczy w Porąbce","Polish bank register (plewiba.xml)"
"PL","81250008","POLUPLPRXXX","81250008","","Bank Spółdzielczy w Rajczy","Polish bank register (plewiba.xml)"
"PL","81251018","POLUPLPRXXX","81251018","","Bank Spółdzielczy w Rajczy","Polish bank register (plewiba.xml)"
"PL","81260007","POLUPLPRXXX","81260007","","Bank Spółdzielczy w Skoczowie","Polish bank register (plewiba.xml)"
"PL","81261017","POLUPLPRXXX","81261017","","Bank Spółdzielczy w Skoczowie","Polish bank register (plewiba.xml)"
"PL","81261020","SPOCPLP1XXX","81261020","","Bank Spółdzielczy w Skoczowie","Polish bank register (plewiba.xml)"
"PL","81261033","POLUPLPRXXX","81261033","","Bank Spółdzielczy w Skoczowie","Polish bank register (plewiba.xml)"
"PL","81280005","POLUPLPRXXX","81280005","","Bank Spółdzielczy w Suchej Beskidzkiej","Polish bank register (plewiba.xml)"
"PL","81290004","POLUPLPRXXX","81290004","","Bank Spółdzielczy w Ustroniu","Polish bank register (plewiba.xml)"
"PL","81291014","POLUPLPRXXX","81291014","","Bank Spółdzielczy w Ustroniu","Polish bank register (plewiba.xml)"
"PL","81310005","POLUPLPRXXX","81310005","","Bank Spółdzielczy w Węgierskiej Górce","Polish bank register (plewiba.xml)"
"PL","81330003","POLUPLPRXXX","81330003","","Bank Spółdzielczy w Bystrej","Polish bank register (plewiba.xml)"
"PL","81340002","POLUPLPRXXX","81340002","","ABS Bank Spółdzielczy","Polish bank register (plewiba.xml)"
"PL","81360000","POLUPLPRXXX","81360000","","Bank Spółdzielczy w Zatorze","Polish bank register (plewiba.xml)"
"PL","81370009","POLUPLPRXXX","81370009","","Bank Spółdzielczy w Żywcu","Polish bank register (plewiba.xml)"
"PL","81380008","SPAYPLP1XXX","81380008","","ABS Bank Spółdzielczy","Polish bank register (plewiba.xml)"
"PL","81410008","POLUPLPRXXX","81410008","","Bank Spółdzielczy w Gilowicach","Polish bank register (plewiba.xml)"
"PL","81420007","POLUPLPRXXX","81420007","","Bank Spółdzielczy w Bydgoszczy","Polish bank register (plewiba.xml)"
"PL","81421017","POLUPLPRXXX","81421017","","Bank Spółdzielczy w Bydgoszczy","Polish bank register (plewiba.xml)"
"PL","81421020","POLUPLPRXXX","81421020","","Bank Spółdzielczy w Bydgoszczy","Polish bank register (plewiba.xml)"
"PL","81421033","POLUPLPRXXX","81421033","","Bank Spółdzielczy w Bydgoszczy","Polish bank register (plewiba.xml)"
"PL","81421046","POLUPLPRXXX","81421046","","Bank Spółdzielczy w Bydgoszczy","Polish bank register (plewiba.xml)"
"PL","81421059","POLUPLPRXXX","81421059","","Bank Spółdzielczy w Bydgoszczy","Polish bank register (plewiba.xml)"
"PL","81421062","POLUPLPRXXX","81421062","","Bank Spółdzielczy w Bydgoszczy","Polish bank register (plewiba.xml)"
"PL","81440005","GBWCPLPPXXX","81440005","","Bank Spółdzielczy w Koronowie","Polish bank register (plewiba.xml)"
"PL","81460003","POLUPLPRXXX","81460003","","Bank Spółdzielczy w Chojnicach","Polish bank register (plewiba.xml)"
"PL","81470002","GBWCPLPPXXX","81470002","","Bank Spółdzielczy w Czersku","Polish bank register (plewiba.xml)"
"PL","81490000","GBWCPLPPXXX","81490000","","InoBank Bank Spółdzielczy w Inowrocławiu","Polish bank register (plewiba.xml)"
"PL","81510001","GBWCPLPPXXX","81510001","","Bank Spółdzielczy w Kruszwicy","Polish bank register (plewiba.xml)"
"PL","81590003","GBWCPLPPXXX","81590003","","Bank Spółdzielczy w Strzelnie","Polish bank register (plewiba.xml)"
"PL","81620003","GBWCPLPPXXX","81620003","","Bank Spółdzielczy w Więcborku","Polish bank register (plewiba.xml)"
"PL","81640001","GBWCPLPPXXX","81640001","","Bank Spółdzielczy w Szubinie","Polish bank register (plewiba.xml)"
"PL","81660009","GBWCPLPPXXX","81660009","","Bank Spółdzielczy w Kcyni","Polish bank register (plewiba.xml)"
"PL","81670008","POLUPLPRXXX","81670008","","Bank Spółdzielczy w Barcinie","Polish bank register (plewiba.xml)"
"PL","81680007","GBWCPLPPXXX","81680007","","Bank Spółdzielczy w Świeciu","Polish bank register (plewiba.xml)"
"PL","81690006","GBWCPLPPXXX","81690006","","Bank Spółdzielczy w Osiu","Polish bank register (plewiba.xml)"
"PL","81691016","GBWCPLPPXXX","81691016","","Bank Spółdzielczy w Osiu","Polish bank register (plewiba.xml)"
"PL","81691029","GBWCPLPPXXX","81691029","","Bank Spółdzielczy w Osiu","Polish bank register (plewiba.xml)"
"PL","81700008","GBWCPLPPXXX","81700008","","Bank Spółdzielczy w Pruszczu Pomorskim","Polish bank register (plewiba.xml)"
"PL","81701018","GBWCPLPPXXX","81701018","","Bank Spółdzielczy w Pruszczu Pomorskim","Polish bank register (plewiba.xml)"
"PL","81701021","GBWCPLPPXXX","81701021","","Bank Spółdzielczy w Pruszczu Pomorskim","Polish bank register (plewiba.xml)"
"PL","81701034","GBWCPLPPXXX","81701034","","Bank Spółdzielczy w Pruszczu Pomorskim","Polish bank register (plewiba.xml)"
"PL","81701047","GBWCPLPPXXX","81701047","","Bank Spółdzielczy w Pruszczu Pomorskim","Polish bank register (plewiba.xml)"
"PL","81730005","GBWCPLPPXXX","81730005","","Bank Spółdzielczy w Nowem n/Wisłą","Polish bank register (plewiba.xml)"
"PL","81740004","GBWCPLPPXXX","81740004","","Bank Spółdzielczy w Tucholi","Polish bank register (plewiba.xml)"
"PL","81790009","GBWCPLPPXXX","81790009","","Bank Spółdzielczy w Nakle n/Notecią","Polish bank register (plewiba.xml)"
"PL","81810000","GBWCPLPPXXX","81810000","","Bank Spółdzielczy ""Pałuki"" w Żninie","Polish bank register (plewiba.xml)"
"PL","81850006","GBWCPLPPXXX","81850006","","Piastowski Bank Spółdzielczy w Janikowie","Polish bank register (plewiba.xml)"
"PL","81870004","POLUPLPRXXX","81870004","","Wschodni Bank Spółdzielczy w Chełmie","Polish bank register (plewiba.xml)"
"PL","81880003","POLUPLPRXXX","81880003","","Bank Spółdzielczy w Wojsławicach","Polish bank register (plewiba.xml)"
"PL","81910003","POLUPLPRXXX","81910003","","Bank Spółdzielczy w Cycowie","Polish bank register (plewiba.xml)"
"PL","81911013","POLUPLPRXXX","81911013","","Bank Spółdzielczy w Cycowie","Polish bank register (plewiba.xml)"
"PL","81911026","POLUPLPRXXX","81911026","","Bank Spółdzielczy w Cycowie","Polish bank register (plewiba.xml)"
"PL","81911042","POLUPLPRXXX","81911042","","Bank Spółdzielczy w Cycowie","Polish bank register (plewiba.xml)"
"PL","81911055","POLUPLPRXXX","81911055","","Bank Spółdzielczy w Cycowie","Polish bank register (plewiba.xml)"
"PL","81911068","POLUPLPRXXX","81911068","","Bank Spółdzielczy w Cycowie","Polish bank register (plewiba.xml)"
"PL","81911071","POLUPLPRXXX","81911071","","Bank Spółdzielczy w Cycowie","Polish bank register (plewiba.xml)"
"PL","81920002","POLUPLPRXXX","81920002","","Spółdzielczy Bank Powiatowy w Piaskach","Polish bank register (plewiba.xml)"
"PL","81950009","POLUPLPRXXX","81950009","","Bank Spółdzielczy w Leśniowicach","Polish bank register (plewiba.xml)"
"PL","82000008","POLUPLPRXXX","82000008","","Bank Spółdzielczy w Krasnymstawie","Polish bank register (plewiba.xml)"
"PL","82001018","POLUPLPRXXX","82001018","","Bank Spółdzielczy w Krasnymstawie","Polish bank register (plewiba.xml)"
"PL","82001021","POLUPLPRXXX","82001021","","Bank Spółdzielczy w Krasnymstawie","Polish bank register (plewiba.xml)"
"PL","82001034","POLUPLPRXXX","82001034","","Bank Spółdzielczy w Krasnymstawie","Polish bank register (plewiba.xml)"
"PL","82001047","POLUPLPRXXX","82001047","","Bank Spółdzielczy w Krasnymstawie","Polish bank register (plewiba.xml)"
"PL","82001050","POLUPLPRXXX","82001050","","Bank Spółdzielczy w Krasnymstawie","Polish bank register (plewiba.xml)"
"PL","82020006","POLUPLPRXXX","82020006","","Bank Spółdzielczy w Białopolu","Polish bank register (plewiba.xml)"
"PL","82021016","POLUPLPRXXX","82021016","","Bank Spółdzielczy w Białopolu","Polish bank register (plewiba.xml)"
"PL","82120009","GBWCPLPPXXX","82120009","","Bank Spółdzielczy w Raciążu","Polish bank register (plewiba.xml)"
"PL","82150006","GBWCPLPPXXX","82150006","","Bank Spółdzielczy w Działdowie z siedzibą w Lidzbarku","Polish bank register (plewiba.xml)"
"PL","82151016","GBWCPLPPXXX","82151016","","Bank Spółdzielczy w Działdowie z siedzibą w Lidzbarku","Polish bank register (plewiba.xml)"
"PL","82151029","GBWCPLPPXXX","82151029","","Bank Spółdzielczy w Działdowie z siedzibą w Lidzbarku","Polish bank register (plewiba.xml)"
"PL","82151032","GBWCPLPPXXX","82151032","","Bank Spółdzielczy w Działdowie z siedzibą w Lidzbarku","Polish bank register (plewiba.xml)"
"PL","82180003","GBWCPLPPXXX","82180003","","Bank Spółdzielczy w Raciążu","Polish bank register (plewiba.xml)"
"PL","82200004","GBWCPLPPXXX","82200004","","Bank Spółdzielczy w Grudusku","Polish bank register (plewiba.xml)"
"PL","82250009","GBWCPLPPXXX","82250009","","Bank Spółdzielczy w Mławie","Polish bank register (plewiba.xml)"
"PL","82251019","GBWCPLPPXXX","82251019","","Bank Spółdzielczy w Mławie","Polish bank register (plewiba.xml)"
"PL","82251022","GBWCPLPPXXX","82251022","","Bank Spółdzielczy w Mławie","Polish bank register (plewiba.xml)"
"PL","82260008","GBWCPLPPXXX","82260008","","Bank Spółdzielczy w Nasielsku","Polish bank register (plewiba.xml)"
"PL","82261018","GBWCPLPPXXX","82261018","","Bank Spółdzielczy w Nasielsku","Polish bank register (plewiba.xml)"
"PL","82261021","GBWCPLPPXXX","82261021","","Bank Spółdzielczy w Nasielsku","Polish bank register (plewiba.xml)"
"PL","82290005","GBWCPLPPXXX","82290005","","Bank Spółdzielczy w Glinojecku","Polish bank register (plewiba.xml)"
"PL","82291015","GBWCPLPPXXX","82291015","","Bank Spółdzielczy w Glinojecku","Polish bank register (plewiba.xml)"
"PL","82300007","POLUPLPRXXX","82300007","","Bank Spółdzielczy w Płońsku","Polish bank register (plewiba.xml)"
"PL","82320005","GBWCPLPPXXX","82320005","","Bank Spółdzielczy w Pułtusku","Polish bank register (plewiba.xml)"
"PL","82330004","GBWCPLPPXXX","82330004","","Bank Spółdzielczy w Raciążu","Polish bank register (plewiba.xml)"
"PL","82331014","GBWCPLPPXXX","82331014","","Bank Spółdzielczy w Raciążu","Polish bank register (plewiba.xml)"
"PL","82380009","GBWCPLPPXXX","82380009","","Bank Spółdzielczy w Strzegowie","Polish bank register (plewiba.xml)"
"PL","82410009","POLUPLPRXXX","82410009","","Bank Spółdzielczy w Płońsku","Polish bank register (plewiba.xml)"
"PL","82411019","POLUPLPRXXX","82411019","","Bank Spółdzielczy w Płońsku","Polish bank register (plewiba.xml)"
"PL","82420008","GBWCPLPPXXX","82420008","","Bank Spółdzielczy w Żurominie","Polish bank register (plewiba.xml)"
"PL","82421018","GBWCPLPPXXX","82421018","","Bank Spółdzielczy w Żurominie","Polish bank register (plewiba.xml)"
"PL","82421021","GBWCPLPPXXX","82421021","","Bank Spółdzielczy w Żurominie","Polish bank register (plewiba.xml)"
"PL","82480002","POLUPLPRXXX","82480002","","Bank Spółdzielczy w Kłobucku","Polish bank register (plewiba.xml)"
"PL","82481012","POLUPLPRXXX","82481012","","Bank Spółdzielczy w Kłobucku","Polish bank register (plewiba.xml)"
"PL","82500003","POLUPLPRXXX","82500003","","Bank Spółdzielczy w Krzepicach","Polish bank register (plewiba.xml)"
"PL","82501013","POLUPLPRXXX","82501013","","Bank Spółdzielczy w Krzepicach","Polish bank register (plewiba.xml)"
"PL","82501026","POLUPLPRXXX","82501026","","Bank Spółdzielczy w Krzepicach","Polish bank register (plewiba.xml)"
"PL","82501039","POLUPLPRXXX","82501039","","Bank Spółdzielczy w Krzepicach","Polish bank register (plewiba.xml)"
"PL","82560007","POLUPLPRXXX","82560007","","Częstochowski Bank Spółdzielczy JURA BANK","Polish bank register (plewiba.xml)"
"PL","82580005","POLUPLPRXXX","82580005","","Bank Spółdzielczy w Mykanowie","Polish bank register (plewiba.xml)"
"PL","82590004","POLUPLPRXXX","82590004","","Bank Spółdzielczy w Kłobucku","Polish bank register (plewiba.xml)"
"PL","82591014","POLUPLPRXXX","82591014","","Bank Spółdzielczy w Kłobucku","Polish bank register (plewiba.xml)"
"PL","82600006","POLUPLPRXXX","82600006","","Częstochowski Bank Spółdzielczy JURA BANK","Polish bank register (plewiba.xml)"
"PL","82601016","POLUPLPRXXX","82601016","","Częstochowski Bank Spółdzielczy JURA BANK","Polish bank register (plewiba.xml)"
"PL","82650001","POLUPLPRXXX","82650001","","Bank Spółdzielczy w Pajęcznie","Polish bank register (plewiba.xml)"
"PL","82651011","POLUPLPRXXX","82651011","","Bank Spółdzielczy w Pajęcznie","Polish bank register (plewiba.xml)"
"PL","82651024","POLUPLPRXXX","82651024","","Bank Spółdzielczy w Pajęcznie","Polish bank register (plewiba.xml)"
"PL","82670009","POLUPLPRXXX","82670009","","Częstochowski Bank Spółdzielczy JURA BANK","Polish bank register (plewiba.xml)"
"PL","82671019","POLUPLPRXXX","82671019","","Częstochowski Bank Spółdzielczy JURA BANK","Polish bank register (plewiba.xml)"
"PL","82671022","POLUPLPRXXX","82671022","","Częstochowski Bank Spółdzielczy JURA BANK","Polish bank register (plewiba.xml)"
"PL","82730006","POLUPLPRXXX","82730006","","Bank Spółdzielczy w Konopiskach","Polish bank register (plewiba.xml)"
"PL","82760003","POLUPLPRXXX","82760003","","Bank Spółdzielczy we Włoszczowie","Polish bank register (plewiba.xml)"
"PL","82761013","POLUPLPRXXX","82761013","","Bank Spółdzielczy we Włoszczowie","Polish bank register (plewiba.xml)"
"PL","82761026","POLUPLPRXXX","82761026","","Bank Spółdzielczy we Włoszczowie","Polish bank register (plewiba.xml)"
"PL","82770002","POLUPLPRXXX","82770002","","Bank Spółdzielczy w Szczekocinach","Polish bank register (plewiba.xml)"
"PL","82790000","POLUPLPRXXX","82790000","","Międzypowiatowy Bank Spółdzielczy w  Myszkowie","Polish bank register (plewiba.xml)"
"PL","82791010","POLUPLPRXXX","82791010","","Międzypowiatowy Bank Spółdzielczy w  Myszkowie","Polish bank register (plewiba.xml)"
"PL","82791023","POLUPLPRXXX","82791023","","Międzypowiatowy Bank Spółdzielczy w  Myszkowie","Polish bank register (plewiba.xml)"
"PL","82791036","POLUPLPRXXX","82791036","","Międzypowiatowy Bank Spółdzielczy w  Myszkowie","Polish bank register (plewiba.xml)"
"PL","82880004","POLUPLPRXXX","82880004","","Międzypowiatowy Bank Spółdzielczy w  Myszkowie","Polish bank register (plewiba.xml)"
"PL","82881014","POLUPLPRXXX","82881014","","Międzypowiatowy Bank Spółdzielczy w  Myszkowie","Polish bank register (plewiba.xml)"
"PL","82970008","GBWCPLPPXXX","82970008","","Braniewsko - Pasłęcki Bank Spółdzielczy z siedzibą w Pasłęku","Polish bank register (plewiba.xml)"
"PL","83000009","POLUPLPRXXX","83000009","","Powiślański Bank Spółdzielczy w Kwidzynie","Polish bank register (plewiba.xml)"
"PL","83030006","GBWCPLPPXXX","83030006","","Bank Spółdzielczy w Malborku","Polish bank register (plewiba.xml)"
"PL","83031029","GBWCPLPPXXX","83031029","","Bank Spółdzielczy w Malborku","Polish bank register (plewiba.xml)"
"PL","83040005","GBWCPLPPXXX","83040005","","Żuławski Bank Spółdzielczy","Polish bank register (plewiba.xml)"
"PL","83060003","GBWCPLPPXXX","83060003","","Żuławski Bank Spółdzielczy","Polish bank register (plewiba.xml)"
"PL","83080001","GBWCPLPPXXX","83080001","","Bank Spółdzielczy w Stegnie","Polish bank register (plewiba.xml)"
"PL","83090000","GBWCPLPPXXX","83090000","","Bank Spółdzielczy w Sztumie","Polish bank register (plewiba.xml)"
"PL","83100002","GBWCPLPPXXX","83100002","","Bank Spółdzielczy w Sztumie","Polish bank register (plewiba.xml)"
"PL","83130009","GBWCPLPPXXX","83130009","","Braniewsko - Pasłęcki Bank Spółdzielczy z siedzibą w Pasłęku","Polish bank register (plewiba.xml)"
"PL","83190003","GBWCPLPPXXX","83190003","","Bank Spółdzielczy w Prabutach","Polish bank register (plewiba.xml)"
"PL","83200005","GBWCPLPPXXX","83200005","","Bank Spółdzielczy w Suszu","Polish bank register (plewiba.xml)"
"PL","83240001","GBWCPLPPXXX","83240001","","Bank Spółdzielczy w Sierakowicach","Polish bank register (plewiba.xml)"
"PL","83280007","GBWCPLPPXXX","83280007","","Bank Spółdzielczy w Kościerzynie","Polish bank register (plewiba.xml)"
"PL","83350003","GBWCPLPPXXX","83350003","","Bank Spółdzielczy w Pruszczu Gdańskim","Polish bank register (plewiba.xml)"
"PL","83370001","GBWCPLPPXXX","83370001","","Bank Spółdzielczy w Pszczółkach","Polish bank register (plewiba.xml)"
"PL","83400001","GBWCPLPPXXX","83400001","","Bank Spółdzielczy w Starogardzie Gdańskim","Polish bank register (plewiba.xml)"
"PL","83410000","GBWCPLPPXXX","83410000","","Bank Spółdzielczy w Skórczu","Polish bank register (plewiba.xml)"
"PL","83420009","GBWCPLPPXXX","83420009","","Bank Spółdzielczy w Skórczu","Polish bank register (plewiba.xml)"
"PL","83430008","GBWCPLPPXXX","83430008","","Bank Spółdzielczy w Starogardzie Gdańskim","Polish bank register (plewiba.xml)"
"PL","83450006","GBWCPLPPXXX","83450006","","Bank Spółdzielczy w Tczewie","Polish bank register (plewiba.xml)"
"PL","83451029","GBWCPLPPXXX","83451029","","Bank Spółdzielczy w Tczewie","Polish bank register (plewiba.xml)"
"PL","83460005","GBWCPLPPXXX","83460005","","Bank Spółdzielczy w Gniewie","Polish bank register (plewiba.xml)"
"PL","83480003","GBWCPLPPXXX","83480003","","Bank Spółdzielczy w Pucku","Polish bank register (plewiba.xml)"
"PL","83490002","GBWCPLPPXXX","83490002","","Bank Spółdzielczy w Krokowej","Polish bank register (plewiba.xml)"
"PL","83500004","GBWCPLPPXXX","83500004","","Kaszubski Bank Spółdzielczy","Polish bank register (plewiba.xml)"
"PL","83510003","GBWCPLPPXXX","83510003","","Bank Rumia Spółdzielczy","Polish bank register (plewiba.xml)"
"PL","83550009","POLUPLPRXXX","83550009","","Gospodarczy Bank Spółdzielczy w Barlinku","Polish bank register (plewiba.xml)"
"PL","83590005","GBWCPLPPXXX","83590005","","Zachodniopomorski Bank Spółdzielczy","Polish bank register (plewiba.xml)"
"PL","83620005","GBWCPLPPXXX","83620005","","Lubusko-Wielkopolski Bank Spółdzielczy","Polish bank register (plewiba.xml)"
"PL","83621044","GBWCPLPPXXX","83621044","","Lubusko-Wielkopolski Bank Spółdzielczy","Polish bank register (plewiba.xml)"
"PL","83630004","GBWCPLPPXXX","83630004","","Gospodarczy Bank Spółdzielczy w Gorzowie Wielkopolskim","Polish bank register (plewiba.xml)"
"PL","83670000","GBWCPLPPXXX","83670000","","Lubuski Bank Spółdzielczy","Polish bank register (plewiba.xml)"
"PL","83690008","GBWCPLPPXXX","83690008","","Bank Spółdzielczy w Ośnie Lubuskim","Polish bank register (plewiba.xml)"
"PL","83710009","GBWCPLPPXXX","83710009","","Bank Spółdzielczy w Rzepinie","Polish bank register (plewiba.xml)"
"PL","83711019","GBWCPLPPXXX","83711019","","Bank Spółdzielczy w Rzepinie","Polish bank register (plewiba.xml)"
"PL","83711022","GBWCPLPPXXX","83711022","","Bank Spółdzielczy w Rzepinie","Polish bank register (plewiba.xml)"
"PL","83720008","GBWCPLPPXXX","83720008","","Lubuski Bank Spółdzielczy","Polish bank register (plewiba.xml)"
"PL","83820001","POLUPLPRXXX","83820001","","Bank Spółdzielczy w Pieńsku","Polish bank register (plewiba.xml)"
"PL","83840009","GBWCPLPPXXX","83840009","","Bank Spółdzielczy Lwówek Śląski w Lwówku Śląskim","Polish bank register (plewiba.xml)"
"PL","83841019","GBWCPLPPXXX","83841019","","Bank Spółdzielczy Lwówek Śląski w Lwówku Śląskim","Polish bank register (plewiba.xml)"
"PL","83841022","GBWCPLPPXXX","83841022","","Bank Spółdzielczy Lwówek Śląski w Lwówku Śląskim","Polish bank register (plewiba.xml)"
"PL","83920004","POLUPLPRXXX","83920004","","Łużycki Bank Spółdzielczy w Lubaniu","Polish bank register (plewiba.xml)"
"PL","83950001","POLUPLPRXXX","83950001","","Bank Spółdzielczy w Kamiennej Górze","Polish bank register (plewiba.xml)"
"PL","84040006","GBWCPLPPXXX","84040006","","Bank Spółdzielczy Ziemi Kaliskiej","Polish bank register (plewiba.xml)"
"PL","84070003","GBWCPLPPXXX","84070003","","Bank Spółdzielczy w Pleszewie","Polish bank register (plewiba.xml)"
"PL","84090001","GBWCPLPPXXX","84090001","","Bank Spółdzielczy w Dobrzycy","Polish bank register (plewiba.xml)"
"PL","84100003","GBWCPLPPXXX","84100003","","Bank Spółdzielczy w Krotoszynie","Polish bank register (plewiba.xml)"
"PL","84101013","GBWCPLPPXXX","84101013","","Bank Spółdzielczy w Krotoszynie","Polish bank register (plewiba.xml)"
"PL","84101026","GBWCPLPPXXX","84101026","","Bank Spółdzielczy w Krotoszynie","Polish bank register (plewiba.xml)"
"PL","84101039","GBWCPLPPXXX","84101039","","Bank Spółdzielczy w Krotoszynie","Polish bank register (plewiba.xml)"
"PL","84130000","GBWCPLPPXXX","84130000","","Spółdzielczy Bank Ludowy w Kępnie","Polish bank register (plewiba.xml)"
"PL","84131010","GBWCPLPPXXX","84131010","","Spółdzielczy Bank Ludowy w Kępnie","Polish bank register (plewiba.xml)"
"PL","84131023","GBWCPLPPXXX","84131023","","Spółdzielczy Bank Ludowy w Kępnie","Polish bank register (plewiba.xml)"
"PL","84131036","GBWCPLPPXXX","84131036","","Spółdzielczy Bank Ludowy w Kępnie","Polish bank register (plewiba.xml)"
"PL","84131049","GBWCPLPPXXX","84131049","","Spółdzielczy Bank Ludowy w Kępnie","Polish bank register (plewiba.xml)"
"PL","84131052","GBWCPLPPXXX","84131052","","Spółdzielczy Bank Ludowy w Kępnie","Polish bank register (plewiba.xml)"
"PL","84131065","GBWCPLPPXXX","84131065","","Spółdzielczy Bank Ludowy w Kępnie","Polish bank register (plewiba.xml)"
"PL","84131078","GBWCPLPPXXX","84131078","","Spółdzielczy Bank Ludowy w Kępnie","Polish bank register (plewiba.xml)"
"PL","84131081","GBWCPLPPXXX","84131081","","Spółdzielczy Bank Ludowy w Kępnie","Polish bank register (plewiba.xml)"
"PL","84131094","GBWCPLPPXXX","84131094","","Spółdzielczy Bank Ludowy w Kępnie","Polish bank register (plewiba.xml)"
"PL","84131108","GBWCPLPPXXX","84131108","","Spółdzielczy Bank Ludowy w Kępnie","Polish bank register (plewiba.xml)"
"PL","84131111","GBWCPLPPXXX","84131111","","Spółdzielczy Bank Ludowy w Kępnie","Polish bank register (plewiba.xml)"
"PL","84270009","GBWCPLPPXXX","84270009","","Bank Spółdzielczy w Jarocinie","Polish bank register (plewiba.xml)"
"PL","84300009","GBWCPLPPXXX","84300009","","Bank Spółdzielczy w Raszkowie","Polish bank register (plewiba.xml)"
"PL","84310008","GBWCPLPPXXX","84310008","","Spółdzielczy Bank Ludowy w Skalmierzycach","Polish bank register (plewiba.xml)"
"PL","84350004","POLUPLPRXXX","84350004","","Bank Spółdzielczy w Tychach","Polish bank register (plewiba.xml)"
"PL","84360003","POLUPLPRXXX","84360003","","Mikołowski Bank Spółdzielczy w Mikołowie","Polish bank register (plewiba.xml)"
"PL","84370002","POLUPLPRXXX","84370002","","Śląski Bank Spółdzielczy ""Silesia"" w Katowicach","Polish bank register (plewiba.xml)"
"PL","84380001","POLUPLPRXXX","84380001","","Bank Spółdzielczy w Będzinie","Polish bank register (plewiba.xml)"
"PL","84410001","KRSPPLPKXXX","84410001","","Krakowski Bank Spółdzielczy","Polish bank register (plewiba.xml)"
"PL","84420000","POLUPLPRXXX","84420000","","Śląski Bank Spółdzielczy ""Silesia"" w Katowicach","Polish bank register (plewiba.xml)"
"PL","84421010","POLUPLPRXXX","84421010","","Śląski Bank Spółdzielczy ""Silesia"" w Katowicach","Polish bank register (plewiba.xml)"
"PL","84440008","POLUPLPRXXX","84440008","","Bank Spółdzielczy w Chrzanowie","Polish bank register (plewiba.xml)"
"PL","84450007","POLUPLPRXXX","84450007","","Bank Spółdzielczy w Jaworznie","Polish bank register (plewiba.xml)"
"PL","84460006","POLUPLPRXXX","84460006","","Bank Spółdzielczy w Miedźnej","Polish bank register (plewiba.xml)"
"PL","84461016","POLUPLPRXXX","84461016","","Bank Spółdzielczy w Miedźnej","Polish bank register (plewiba.xml)"
"PL","84470005","POLUPLPRXXX","84470005","","Bank Spółdzielczy w Pawłowicach","Polish bank register (plewiba.xml)"
"PL","84480004","POLUPLPRXXX","84480004","","Bank Spółdzielczy w Pszczynie","Polish bank register (plewiba.xml)"
"PL","84500005","POLUPLPRXXX","84500005","","Bank Spółdzielczy w Wolbromiu","Polish bank register (plewiba.xml)"
"PL","84530002","POLUPLPRXXX","84530002","","Bank Spółdzielczy Czechowice-Dziedzice-Bestwina","Polish bank register (plewiba.xml)"
"PL","84540001","POLUPLPRXXX","84540001","","Orzesko-Knurowski Bank Spółdzielczy  z siedzibą w Knurowie","Polish bank register (plewiba.xml)"
"PL","84541024","POLUPLPRXXX","84541024","","Orzesko-Knurowski Bank Spółdzielczy  z siedzibą w Knurowie","Polish bank register (plewiba.xml)"
"PL","84541037","POLUPLPRXXX","84541037","","Orzesko-Knurowski Bank Spółdzielczy  z siedzibą w Knurowie","Polish bank register (plewiba.xml)"
"PL","84541040","POLUPLPRXXX","84541040","","Orzesko-Knurowski Bank Spółdzielczy  z siedzibą w Knurowie","Polish bank register (plewiba.xml)"
"PL","84541053","POLUPLPRXXX","84541053","","Orzesko-Knurowski Bank Spółdzielczy  z siedzibą w Knurowie","Polish bank register (plewiba.xml)"
"PL","84541066","POLUPLPRXXX","84541066","","Orzesko-Knurowski Bank Spółdzielczy  z siedzibą w Knurowie","Polish bank register (plewiba.xml)"
"PL","84541079","POLUPLPRXXX","84541079","","Orzesko-Knurowski Bank Spółdzielczy  z siedzibą w Knurowie","Polish bank register (plewiba.xml)"
"PL","84541082","POLUPLPRXXX","84541082","","Orzesko-Knurowski Bank Spółdzielczy  z siedzibą w Knurowie","Polish bank register (plewiba.xml)"
"PL","84541095","POLUPLPRXXX","84541095","","Orzesko-Knurowski Bank Spółdzielczy  z siedzibą w Knurowie","Polish bank register (plewiba.xml)"
"PL","84550000","POLUPLPRXXX","84550000","","Mikołowski Bank Spółdzielczy w Mikołowie","Polish bank register (plewiba.xml)"
"PL","84560009","POLUPLPRXXX","84560009","","Bank Spółdzielczy w Żorach","Polish bank register (plewiba.xml)"
"PL","84561019","POLUPLPRXXX","84561019","","Bank Spółdzielczy w Żorach","Polish bank register (plewiba.xml)"
"PL","84570008","POLUPLPRXXX","84570008","","Bank Spółdzielczy w Gliwicach","Polish bank register (plewiba.xml)"
"PL","84600008","POLUPLPRXXX","84600008","","Mikołowski Bank Spółdzielczy w Mikołowie","Polish bank register (plewiba.xml)"
"PL","84630005","POLUPLPRXXX","84630005","","Bank Spółdzielczy w Tarnowskich Górach","Polish bank register (plewiba.xml)"
"PL","84660002","POLUPLPRXXX","84660002","","Bank Spółdzielczy w Tworogu","Polish bank register (plewiba.xml)"
"PL","84670001","POLUPLPRXXX","84670001","","Bank Spółdzielczy w Świerklańcu","Polish bank register (plewiba.xml)"
"PL","84680000","POLUPLPRXXX","84680000","","Mikołowski Bank Spółdzielczy w Mikołowie","Polish bank register (plewiba.xml)"
"PL","84690009","POLUPLPRXXX","84690009","","Bank Spółdzielczy w Gorzycach","Polish bank register (plewiba.xml)"
"PL","84700001","POLUPLPRXXX","84700001","","Bank Spółdzielczy w Jastrzębiu-Zdroju","Polish bank register (plewiba.xml)"
"PL","84710000","KRSPPLPKXXX","84710000","","Krakowski Bank Spółdzielczy","Polish bank register (plewiba.xml)"
"PL","84740007","POLUPLPRXXX","84740007","","Meander Bank Spółdzielczy w Krzyżanowicach","Polish bank register (plewiba.xml)"
"PL","84750006","POLUPLPRXXX","84750006","","Bank Spółdzielczy w Raciborzu","Polish bank register (plewiba.xml)"
"PL","84751016","POLUPLPRXXX","84751016","","Bank Spółdzielczy w Raciborzu","Polish bank register (plewiba.xml)"
"PL","84751029","POLUPLPRXXX","84751029","","Bank Spółdzielczy w Raciborzu","Polish bank register (plewiba.xml)"
"PL","84751032","POLUPLPRXXX","84751032","","Bank Spółdzielczy w Raciborzu","Polish bank register (plewiba.xml)"
"PL","84751045","POLUPLPRXXX","84751045","","Bank Spółdzielczy w Raciborzu","Polish bank register (plewiba.xml)"
"PL","84800004","POLUPLPRXXX","84800004","","Bank Spółdzielczy w Busku-Zdroju","Polish bank register (plewiba.xml)"
"PL","84830001","POLUPLPRXXX","84830001","","Bank Spółdzielczy w Chmielniku","Polish bank register (plewiba.xml)"
"PL","84850009","POLUPLPRXXX","84850009","","Bank Spółdzielczy Daleszyce-Górno","Polish bank register (plewiba.xml)"
"PL","84851019","POLUPLPRXXX","84851019","","Bank Spółdzielczy Daleszyce-Górno","Polish bank register (plewiba.xml)"
"PL","84851022","POLUPLPRXXX","84851022","","Bank Spółdzielczy Daleszyce-Górno","Polish bank register (plewiba.xml)"
"PL","84900007","POLUPLPRXXX","84900007","","Świętokrzyski Bank Spółdzielczy w Jędrzejowie","Polish bank register (plewiba.xml)"
"PL","84930004","POLUPLPRXXX","84930004","","Bank Spółdzielczy w Kielcach","Polish bank register (plewiba.xml)"
"PL","84940003","POLUPLPRXXX","84940003","","Bank Spółdzielczy w Końskich","Polish bank register (plewiba.xml)"
"PL","84990008","POLUPLPRXXX","84990008","","Bank Spółdzielczy w Łopusznie","Polish bank register (plewiba.xml)"
"PL","85070004","POLUPLPRXXX","85070004","","Bank Spółdzielczy w Ostrowcu Świętokrzyskim","Polish bank register (plewiba.xml)"
"PL","85071014","POLUPLPRXXX","85071014","","Bank Spółdzielczy w Ostrowcu Świętokrzyskim","Polish bank register (plewiba.xml)"
"PL","85071027","POLUPLPRXXX","85071027","","Bank Spółdzielczy w Ostrowcu Świętokrzyskim","Polish bank register (plewiba.xml)"
"PL","85071030","POLUPLPRXXX","85071030","","Bank Spółdzielczy w Ostrowcu Świętokrzyskim","Polish bank register (plewiba.xml)"
"PL","85071043","POLUPLPRXXX","85071043","","Bank Spółdzielczy w Ostrowcu Świętokrzyskim","Polish bank register (plewiba.xml)"
"PL","85090002","POLUPLPRXXX","85090002","","Bank Spółdzielczy w Pińczowie","Polish bank register (plewiba.xml)"
"PL","85110003","POLUPLPRXXX","85110003","","Bank Spółdzielczy w Końskich","Polish bank register (plewiba.xml)"
"PL","85120002","POLUPLPRXXX","85120002","","Bank Spółdzielczy w Samsonowie","Polish bank register (plewiba.xml)"
"PL","85130001","POLUPLPRXXX","85130001","","Świętokrzyski Bank Spółdzielczy w Jędrzejowie","Polish bank register (plewiba.xml)"
"PL","85131011","POLUPLPRXXX","85131011","","Świętokrzyski Bank Spółdzielczy w Jędrzejowie","Polish bank register (plewiba.xml)"
"PL","85170007","POLUPLPRXXX","85170007","","Nadwiślański Bank Spółdzielczy w Solcu-Zdroju","Polish bank register (plewiba.xml)"
"PL","85180006","POLUPLPRXXX","85180006","","Bank Spółdzielczy w Starachowicach","Polish bank register (plewiba.xml)"
"PL","85190005","POLUPLPRXXX","85190005","","Bank Spółdzielczy w Stopnicy","Polish bank register (plewiba.xml)"
"PL","85191015","POLUPLPRXXX","85191015","","Bank Spółdzielczy w Stopnicy","Polish bank register (plewiba.xml)"
"PL","85200007","SPSNPLP1XXX","85200007","","Bank Spółdzielczy w Suchedniowie","Polish bank register (plewiba.xml)"
"PL","85210006","POLUPLPRXXX","85210006","","Bank Spółdzielczy w Szydłowie","Polish bank register (plewiba.xml)"
"PL","85211016","POLUPLPRXXX","85211016","","Bank Spółdzielczy w Szydłowie","Polish bank register (plewiba.xml)"
"PL","85230004","POLUPLPRXXX","85230004","","Bank Spółdzielczy w Wąchocku","Polish bank register (plewiba.xml)"
"PL","85250002","POLUPLPRXXX","85250002","","Bank Spółdzielczy we Włoszczowie","Polish bank register (plewiba.xml)"
"PL","85260001","POLUPLPRXXX","85260001","","Bank Spółdzielczy w Wodzisławiu","Polish bank register (plewiba.xml)"
"PL","85300000","GBWCPLPPXXX","85300000","","Bank Spółdzielczy w Koninie","Polish bank register (plewiba.xml)"
"PL","85340006","GBWCPLPPXXX","85340006","","Bank Spółdzielczy w Ślesinie","Polish bank register (plewiba.xml)"
"PL","85380002","GBWCPLPPXXX","85380002","","Bank Spółdzielczy w Witkowie","Polish bank register (plewiba.xml)"
"PL","85381012","GBWCPLPPXXX","85381012","","Bank Spółdzielczy w Witkowie","Polish bank register (plewiba.xml)"
"PL","85381025","GBWCPLPPXXX","85381025","","Bank Spółdzielczy w Witkowie","Polish bank register (plewiba.xml)"
"PL","85390001","GBWCPLPPXXX","85390001","","Bank Spółdzielczy w Witkowie","Polish bank register (plewiba.xml)"
"PL","85420001","GBWCPLPPXXX","85420001","","Bank Spółdzielczy w Słupcy","Polish bank register (plewiba.xml)"
"PL","85430000","GBWCPLPPXXX","85430000","","Ludowy Bank Spółdzielczy w Strzałkowie","Polish bank register (plewiba.xml)"
"PL","85440009","GBWCPLPPXXX","85440009","","Bank Spółdzielczy w Słupcy","Polish bank register (plewiba.xml)"
"PL","85450008","GBWCPLPPXXX","85450008","","Bank Spółdzielczy w Kłodawie","Polish bank register (plewiba.xml)"
"PL","85570009","GBWCPLPPXXX","85570009","","Rejonowy Bank Spółdzielczy w Malanowie","Polish bank register (plewiba.xml)"
"PL","85580008","GBWCPLPPXXX","85580008","","Bank Spółdzielczy w Wierzbinku","Polish bank register (plewiba.xml)"
"PL","85620007","GBWCPLPPXXX","85620007","","Bank Spółdzielczy w Białogardzie","Polish bank register (plewiba.xml)"
"PL","85660003","GBWCPLPPXXX","85660003","","Bałtycki Bank Spółdzielczy","Polish bank register (plewiba.xml)"
"PL","85661013","GBWCPLPPXXX","85661013","","Bałtycki Bank Spółdzielczy","Polish bank register (plewiba.xml)"
"PL","85661026","GBWCPLPPXXX","85661026","","Bałtycki Bank Spółdzielczy","Polish bank register (plewiba.xml)"
"PL","85661039","GBWCPLPPXXX","85661039","","Bałtycki Bank Spółdzielczy","Polish bank register (plewiba.xml)"
"PL","85661042","GBWCPLPPXXX","85661042","","Bałtycki Bank Spółdzielczy","Polish bank register (plewiba.xml)"
"PL","85700002","GBWCPLPPXXX","85700002","","Bank Spółdzielczy w Kaliszu Pomorskim","Polish bank register (plewiba.xml)"
"PL","85701012","GBWCPLPPXXX","85701012","","Bank Spółdzielczy w Kaliszu Pomorskim","Polish bank register (plewiba.xml)"
"PL","85770005","GBWCPLPPXXX","85770005","","Bank Spółdzielczy w Połczynie Zdroju","Polish bank register (plewiba.xml)"
"PL","85771015","GBWCPLPPXXX","85771015","","Bank Spółdzielczy w Połczynie Zdroju","Polish bank register (plewiba.xml)"
"PL","85810004","GBWCPLPPXXX","85810004","","Pomorski Bank Spółdzielczy w Świdwinie","Polish bank register (plewiba.xml)"
"PL","85811014","GBWCPLPPXXX","85811014","","Pomorski Bank Spółdzielczy w Świdwinie","Polish bank register (plewiba.xml)"
"PL","85811027","GBWCPLPPXXX","85811027","","Pomorski Bank Spółdzielczy w Świdwinie","Polish bank register (plewiba.xml)"
"PL","85811030","GBWCPLPPXXX","85811030","","Pomorski Bank Spółdzielczy w Świdwinie","Polish bank register (plewiba.xml)"
"PL","85811043","GBWCPLPPXXX","85811043","","Pomorski Bank Spółdzielczy w Świdwinie","Polish bank register (plewiba.xml)"
"PL","85811056","GBWCPLPPXXX","85811056","","Pomorski Bank Spółdzielczy w Świdwinie","Polish bank register (plewiba.xml)"
"PL","85890006","SRZKPLPKXXX","85890006","","Bank Spółdzielczy Rzemiosła w Krakowie","Polish bank register (plewiba.xml)"
"PL","85910007","KRSPPLPKXXX","85910007","","Krakowski Bank Spółdzielczy","Polish bank register (plewiba.xml)"
"PL","85970001","POLUPLPRXXX","85970001","","Bank Spółdzielczy w Proszowicach","Polish bank register (plewiba.xml)"
"PL","86000002","POLUPLPRXXX","86000002","","Bank Spółdzielczy w Skawinie","Polish bank register (plewiba.xml)"
"PL","86020000","POLUPLPRXXX","86020000","","Bank Spółdzielczy w Dobczycach","Polish bank register (plewiba.xml)"
"PL","86120003","POLUPLPRXXX","86120003","","Bank Spółdzielczy w Krzeszowicach","Polish bank register (plewiba.xml)"
"PL","86140001","POLUPLPRXXX","86140001","","Bank Spółdzielczy w Słomnikach","Polish bank register (plewiba.xml)"
"PL","86190006","POLUPLPRXXX","86190006","","Małopolski Bank Spółdzielczy","Polish bank register (plewiba.xml)"
"PL","86210007","POLUPLPRXXX","86210007","","Bieszczadzki Bank Spółdzielczy w Ustrzykach Dolnych","Polish bank register (plewiba.xml)"
"PL","86220006","SPBUPLP1XXX","86220006","","Bank Spółdzielczy w Bieczu","Polish bank register (plewiba.xml)"
"PL","86260002","POLUPLPRXXX","86260002","","Bank Spółdzielczy w Kołaczycach","Polish bank register (plewiba.xml)"
"PL","86270001","POLUPLPRXXX","86270001","","Bank Spółdzielczy w Bieczu","Polish bank register (plewiba.xml)"
"PL","86271011","POLUPLPRXXX","86271011","","Bank Spółdzielczy w Bieczu","Polish bank register (plewiba.xml)"
"PL","86271024","POLUPLPRXXX","86271024","","Bank Spółdzielczy w Bieczu","Polish bank register (plewiba.xml)"
"PL","86271037","POLUPLPRXXX","86271037","","Bank Spółdzielczy w Bieczu","Polish bank register (plewiba.xml)"
"PL","86271040","POLUPLPRXXX","86271040","","Bank Spółdzielczy w Bieczu","Polish bank register (plewiba.xml)"
"PL","86280000","POLUPLPRXXX","86280000","","Bank Spółdzielczy w Lipinkach","Polish bank register (plewiba.xml)"
"PL","86360005","POLUPLPRXXX","86360005","","Bank Spółdzielczy w Rymanowie","Polish bank register (plewiba.xml)"
"PL","86361015","POLUPLPRXXX","86361015","","Bank Spółdzielczy w Rymanowie","Polish bank register (plewiba.xml)"
"PL","86361028","POLUPLPRXXX","86361028","","Bank Spółdzielczy w Rymanowie","Polish bank register (plewiba.xml)"
"PL","86361031","POLUPLPRXXX","86361031","","Bank Spółdzielczy w Rymanowie","Polish bank register (plewiba.xml)"
"PL","86361044","POLUPLPRXXX","86361044","","Bank Spółdzielczy w Rymanowie","Polish bank register (plewiba.xml)"
"PL","86420002","POLUPLPRXXX","86420002","","Bank Nowy Spółka Akcyjna","Polish bank register (plewiba.xml)"
"PL","86420015","POLUPLPRXXX","86420015","","Bank Nowy Spółka Akcyjna","Polish bank register (plewiba.xml)"
"PL","86421012","POLUPLPRXXX","86421012","","Bank Nowy Spółka Akcyjna","Polish bank register (plewiba.xml)"
"PL","86421025","POLUPLPRXXX","86421025","","Bank Nowy Spółka Akcyjna","Polish bank register (plewiba.xml)"
"PL","86421038","POLUPLPRXXX","86421038","","Bank Nowy Spółka Akcyjna","Polish bank register (plewiba.xml)"
"PL","86421041","POLUPLPRXXX","86421041","","Bank Nowy Spółka Akcyjna","Polish bank register (plewiba.xml)"
"PL","86421067","POLUPLPRXXX","86421067","","Bank Nowy Spółka Akcyjna","Polish bank register (plewiba.xml)"
"PL","86421070","POLUPLPRXXX","86421070","","Bank Nowy Spółka Akcyjna","Polish bank register (plewiba.xml)"
"PL","86421083","POLUPLPRXXX","86421083","","Bank Nowy Spółka Akcyjna","Polish bank register (plewiba.xml)"
"PL","86421096","POLUPLPRXXX","86421096","","Bank Nowy Spółka Akcyjna","Polish bank register (plewiba.xml)"
"PL","86421100","POLUPLPRXXX","86421100","","Bank Nowy Spółka Akcyjna","Polish bank register (plewiba.xml)"
"PL","86421113","POLUPLPRXXX","86421113","","Bank Nowy Spółka Akcyjna","Polish bank register (plewiba.xml)"
"PL","86421126","POLUPLPRXXX","86421126","","Bank Nowy Spółka Akcyjna","Polish bank register (plewiba.xml)"
"PL","86421139","POLUPLPRXXX","86421139","","Bank Nowy Spółka Akcyjna","Polish bank register (plewiba.xml)"
"PL","86421142","POLUPLPRXXX","86421142","","Bank Nowy Spółka Akcyjna","Polish bank register (plewiba.xml)"
"PL","86421155","POLUPLPRXXX","86421155","","Bank Nowy Spółka Akcyjna","Polish bank register (plewiba.xml)"
"PL","86421168","POLUPLPRXXX","86421168","","Bank Nowy Spółka Akcyjna","Polish bank register (plewiba.xml)"
"PL","86421171","POLUPLPRXXX","86421171","","Bank Nowy Spółka Akcyjna","Polish bank register (plewiba.xml)"
"PL","86421184","POLUPLPRXXX","86421184","","Bank Nowy Spółka Akcyjna","Polish bank register (plewiba.xml)"
"PL","86421197","POLUPLPRXXX","86421197","","Bank Nowy Spółka Akcyjna","Polish bank register (plewiba.xml)"
"PL","86421201","POLUPLPRXXX","86421201","","Bank Nowy Spółka Akcyjna","Polish bank register (plewiba.xml)"
"PL","86440000","POLUPLPRXXX","86440000","","Bank Spółdzielczy w Chojnowie","Polish bank register (plewiba.xml)"
"PL","86460008","POLUPLPRXXX","86460008","","Bank Spółdzielczy w Głogowie","Polish bank register (plewiba.xml)"
"PL","86470007","POLUPLPRXXX","86470007","","Bank Spółdzielczy w Jaworze","Polish bank register (plewiba.xml)"
"PL","86471017","POLUPLPRXXX","86471017","","Bank Spółdzielczy w Jaworze","Polish bank register (plewiba.xml)"
"PL","86471020","POLUPLPRXXX","86471020","","Bank Spółdzielczy w Jaworze","Polish bank register (plewiba.xml)"
"PL","86471033","POLUPLPRXXX","86471033","","Bank Spółdzielczy w Jaworze","Polish bank register (plewiba.xml)"
"PL","86471046","POLUPLPRXXX","86471046","","Bank Spółdzielczy w Jaworze","Polish bank register (plewiba.xml)"
"PL","86471059","POLUPLPRXXX","86471059","","Bank Spółdzielczy w Jaworze","Polish bank register (plewiba.xml)"
"PL","86490005","POLUPLPRXXX","86490005","","Bank Spółdzielczy w Legnicy","Polish bank register (plewiba.xml)"
"PL","86491015","POLUPLPRXXX","86491015","","Bank Spółdzielczy w Legnicy","Polish bank register (plewiba.xml)"
"PL","86491028","POLUPLPRXXX","86491028","","Bank Spółdzielczy w Legnicy","Polish bank register (plewiba.xml)"
"PL","86491031","POLUPLPRXXX","86491031","","Bank Spółdzielczy w Legnicy","Polish bank register (plewiba.xml)"
"PL","86491044","POLUPLPRXXX","86491044","","Bank Spółdzielczy w Legnicy","Polish bank register (plewiba.xml)"
"PL","86491057","POLUPLPRXXX","86491057","","Bank Spółdzielczy w Legnicy","Polish bank register (plewiba.xml)"
"PL","86491060","POLUPLPRXXX","86491060","","Bank Spółdzielczy w Legnicy","Polish bank register (plewiba.xml)"
"PL","86530004","GBWCPLPPXXX","86530004","","SGB-Bank Spółka Akcyjna","Polish bank register (plewiba.xml)"
"PL","86580009","POLUPLPRXXX","86580009","","Powiatowy Bank Spółdzielczy w Złotoryi","Polish bank register (plewiba.xml)"
"PL","86581019","POLUPLPRXXX","86581019","","Powiatowy Bank Spółdzielczy w Złotoryi","Polish bank register (plewiba.xml)"
"PL","86581022","POLUPLPRXXX","86581022","","Powiatowy Bank Spółdzielczy w Złotoryi","Polish bank register (plewiba.xml)"
"PL","86610009","GBWCPLPPXXX","86610009","","Bank Spółdzielczy we Włoszakowicach","Polish bank register (plewiba.xml)"
"PL","86630007","GBWCPLPPXXX","86630007","","Powiatowy Bank Spółdzielczy w Gostyniu","Polish bank register (plewiba.xml)"
"PL","86660004","GBWCPLPPXXX","86660004","","Bank Spółdzielczy w Kościanie","Polish bank register (plewiba.xml)"
"PL","86670003","GBWCPLPPXXX","86670003","","Bank Spółdzielczy w Śmiglu","Polish bank register (plewiba.xml)"
"PL","86690001","GBWCPLPPXXX","86690001","","Bank Spółdzielczy we Wschowie","Polish bank register (plewiba.xml)"
"PL","86740009","GBWCPLPPXXX","86740009","","Bank Spółdzielczy w Jutrosinie","Polish bank register (plewiba.xml)"
"PL","86741019","GBWCPLPPXXX","86741019","","Bank Spółdzielczy w Jutrosinie","Polish bank register (plewiba.xml)"
"PL","86780005","GBWCPLPPXXX","86780005","","Powiatowy Bank Spółdzielczy w Gostyniu","Polish bank register (plewiba.xml)"
"PL","86820004","GBWCPLPPXXX","86820004","","Bank Spółdzielczy w Poniecu","Polish bank register (plewiba.xml)"
"PL","86821030","GBWCPLPPXXX","86821030","","Bank Spółdzielczy w Poniecu","Polish bank register (plewiba.xml)"
"PL","86850001","POLUPLPRXXX","86850001","","Rejonowy Bank Spółdzielczy w Bychawie","Polish bank register (plewiba.xml)"
"PL","86870009","POLUPLPRXXX","86870009","","Bank Spółdzielczy w Niedrzwicy Dużej","Polish bank register (plewiba.xml)"
"PL","86890007","POLUPLPRXXX","86890007","","Spółdzielczy Bank Powiatowy w Piaskach","Polish bank register (plewiba.xml)"
"PL","86930006","POLUPLPRXXX","86930006","","Bank Spółdzielczy w Łęcznej","Polish bank register (plewiba.xml)"
"PL","87020001","POLUPLPRXXX","87020001","","Bank Spółdzielczy w Niemcach","Polish bank register (plewiba.xml)"
"PL","87021011","POLUPLPRXXX","87021011","","Bank Spółdzielczy w Niemcach","Polish bank register (plewiba.xml)"
"PL","87021024","POLUPLPRXXX","87021024","","Bank Spółdzielczy w Niemcach","Polish bank register (plewiba.xml)"
"PL","87070006","POLUPLPRXXX","87070006","","Bank Spółdzielczy w Lubartowie","Polish bank register (plewiba.xml)"
"PL","87071016","POLUPLPRXXX","87071016","","Bank Spółdzielczy w Lubartowie","Polish bank register (plewiba.xml)"
"PL","87071029","POLUPLPRXXX","87071029","","Bank Spółdzielczy w Lubartowie","Polish bank register (plewiba.xml)"
"PL","87071032","POLUPLPRXXX","87071032","","Bank Spółdzielczy w Lubartowie","Polish bank register (plewiba.xml)"
"PL","87071045","POLUPLPRXXX","87071045","","Bank Spółdzielczy w Lubartowie","Polish bank register (plewiba.xml)"
"PL","87170009","POLUPLPRXXX","87170009","","Bank Spółdzielczy Ziemi Kraśnickiej  w Kraśniku","Polish bank register (plewiba.xml)"
"PL","87171019","POLUPLPRXXX","87171019","","Bank Spółdzielczy Ziemi Kraśnickiej  w Kraśniku","Polish bank register (plewiba.xml)"
"PL","87171022","POLUPLPRXXX","87171022","","Bank Spółdzielczy Ziemi Kraśnickiej  w Kraśniku","Polish bank register (plewiba.xml)"
"PL","87171035","POLUPLPRXXX","87171035","","Bank Spółdzielczy Ziemi Kraśnickiej  w Kraśniku","Polish bank register (plewiba.xml)"
"PL","87171048","POLUPLPRXXX","87171048","","Bank Spółdzielczy Ziemi Kraśnickiej  w Kraśniku","Polish bank register (plewiba.xml)"
"PL","87171051","POLUPLPRXXX","87171051","","Bank Spółdzielczy Ziemi Kraśnickiej  w Kraśniku","Polish bank register (plewiba.xml)"
"PL","87171064","POLUPLPRXXX","87171064","","Bank Spółdzielczy Ziemi Kraśnickiej  w Kraśniku","Polish bank register (plewiba.xml)"
"PL","87171077","POLUPLPRXXX","87171077","","Bank Spółdzielczy Ziemi Kraśnickiej  w Kraśniku","Polish bank register (plewiba.xml)"
"PL","87171080","POLUPLPRXXX","87171080","","Bank Spółdzielczy Ziemi Kraśnickiej  w Kraśniku","Polish bank register (plewiba.xml)"
"PL","87171093","POLUPLPRXXX","87171093","","Bank Spółdzielczy Ziemi Kraśnickiej  w Kraśniku","Polish bank register (plewiba.xml)"
"PL","87171107","POLUPLPRXXX","87171107","","Bank Spółdzielczy Ziemi Kraśnickiej  w Kraśniku","Polish bank register (plewiba.xml)"
"PL","87171110","POLUPLPRXXX","87171110","","Bank Spółdzielczy Ziemi Kraśnickiej  w Kraśniku","Polish bank register (plewiba.xml)"
"PL","87171123","POLUPLPRXXX","87171123","","Bank Spółdzielczy Ziemi Kraśnickiej  w Kraśniku","Polish bank register (plewiba.xml)"
"PL","87210008","POLUPLPRXXX","87210008","","Bank Spółdzielczy w Łukowie","Polish bank register (plewiba.xml)"
"PL","87240005","POLUPLPRXXX","87240005","","Bank Spółdzielczy w Rykach","Polish bank register (plewiba.xml)"
"PL","87241015","POLUPLPRXXX","87241015","","Bank Spółdzielczy w Rykach","Polish bank register (plewiba.xml)"
"PL","87241028","POLUPLPRXXX","87241028","","Bank Spółdzielczy w Rykach","Polish bank register (plewiba.xml)"
"PL","87290000","POLUPLPRXXX","87290000","","Bank Spółdzielczy w Józefowie nad Wisłą","Polish bank register (plewiba.xml)"
"PL","87310001","POLUPLPRXXX","87310001","","Bank Spółdzielczy w Kazimierzu Dolnym","Polish bank register (plewiba.xml)"
"PL","87320000","POLUPLPRXXX","87320000","","Bank Spółdzielczy w Niemcach","Polish bank register (plewiba.xml)"
"PL","87330009","POLUPLPRXXX","87330009","","Bank Spółdzielczy w Nałęczowie","Polish bank register (plewiba.xml)"
"PL","87340008","POLUPLPRXXX","87340008","","Powiatowy Bank Spółdzielczy w Opolu  Lubelskim","Polish bank register (plewiba.xml)"
"PL","87350007","POLUPLPRXXX","87350007","","Bank Spółdzielczy w Poniatowej","Polish bank register (plewiba.xml)"
"PL","87351017","SPPNPLP1XXX","87351017","","Bank Spółdzielczy w Poniatowej","Polish bank register (plewiba.xml)"
"PL","87360006","POLUPLPRXXX","87360006","","Lubelski Bank Spółdzielczy","Polish bank register (plewiba.xml)"
"PL","87410004","POLUPLPRXXX","87410004","","Lubelski Bank Spółdzielczy","Polish bank register (plewiba.xml)"
"PL","87470008","POLUPLPRXXX","87470008","","Bank Spółdzielczy w Czyżewie","Polish bank register (plewiba.xml)"
"PL","87471018","POLUPLPRXXX","87471018","","Bank Spółdzielczy w Czyżewie","Polish bank register (plewiba.xml)"
"PL","87490006","POLUPLPRXXX","87490006","","Bank Spółdzielczy w Ciechanowcu","Polish bank register (plewiba.xml)"
"PL","87520006","POLUPLPRXXX","87520006","","Bank Spółdzielczy w Jedwabnem","Polish bank register (plewiba.xml)"
"PL","87521016","POLUPLPRXXX","87521016","","Bank Spółdzielczy w Jedwabnem","Polish bank register (plewiba.xml)"
"PL","87521029","POLUPLPRXXX","87521029","","Bank Spółdzielczy w Jedwabnem","Polish bank register (plewiba.xml)"
"PL","87540004","POLUPLPRXXX","87540004","","Bank Spółdzielczy w Kolnie","Polish bank register (plewiba.xml)"
"PL","87570001","POLUPLPRXXX","87570001","","Bank Spółdzielczy w Łomży","Polish bank register (plewiba.xml)"
"PL","87571011","POLUPLPRXXX","87571011","","Bank Spółdzielczy w Łomży","Polish bank register (plewiba.xml)"
"PL","87571024","POLUPLPRXXX","87571024","","Bank Spółdzielczy w Łomży","Polish bank register (plewiba.xml)"
"PL","87571037","POLUPLPRXXX","87571037","","Bank Spółdzielczy w Łomży","Polish bank register (plewiba.xml)"
"PL","87620009","POLUPLPRXXX","87620009","","Hexa Bank Spółdzielczy","Polish bank register (plewiba.xml)"
"PL","87621019","POLUPLPRXXX","87621019","","Hexa Bank Spółdzielczy","Polish bank register (plewiba.xml)"
"PL","87621022","POLUPLPRXXX","87621022","","Hexa Bank Spółdzielczy","Polish bank register (plewiba.xml)"
"PL","87640007","POLUPLPRXXX","87640007","","Bank Spółdzielczy w Szczuczynie","Polish bank register (plewiba.xml)"
"PL","87660005","GBWCPLPPXXX","87660005","","Bank Spółdzielczy w Sokołach","Polish bank register (plewiba.xml)"
"PL","87680003","POLUPLPRXXX","87680003","","Bank Spółdzielczy w Szczuczynie","Polish bank register (plewiba.xml)"
"PL","87681013","POLUPLPRXXX","87681013","","Bank Spółdzielczy w Szczuczynie","Polish bank register (plewiba.xml)"
"PL","87681026","POLUPLPRXXX","87681026","","Bank Spółdzielczy w Szczuczynie","Polish bank register (plewiba.xml)"
"PL","87690002","POLUPLPRXXX","87690002","","Spółdzielczy Bank Rozwoju","Polish bank register (plewiba.xml)"
"PL","87700004","POLUPLPRXXX","87700004","","Bank Spółdzielczy w Szumowie","Polish bank register (plewiba.xml)"
"PL","87740000","POLUPLPRXXX","87740000","","Bank Spółdzielczy w Wysokiem Mazowieckiem","Polish bank register (plewiba.xml)"
"PL","87750009","POLUPLPRXXX","87750009","","Bank Spółdzielczy w Zambrowie","Polish bank register (plewiba.xml)"
"PL","87800007","POLUPLPRXXX","87800007","","AURET BANK Spółdzielczy","Polish bank register (plewiba.xml)"
"PL","87810006","POLUPLPRXXX","87810006","","Bank Spółdzielczy w Andrespolu","Polish bank register (plewiba.xml)"
"PL","87830004","POLUPLPRXXX","87830004","","Bank Spółdzielczy w Zgierzu","Polish bank register (plewiba.xml)"
"PL","87840003","GBWCPLPPXXX","87840003","","Łódzki Bank Spółdzielczy","Polish bank register (plewiba.xml)"
"PL","87860001","POLUPLPRXXX","87860001","","Bank Spółdzielczy w Ozorkowie","Polish bank register (plewiba.xml)"
"PL","87870000","GBWCPLPPXXX","87870000","","Bank Spółdzielczy w Głownie","Polish bank register (plewiba.xml)"
"PL","87880009","GBWCPLPPXXX","87880009","","Bank Spółdzielczy Ziemi Kaliskiej","Polish bank register (plewiba.xml)"
"PL","87910009","POLUPLPRXXX","87910009","","Bank Spółdzielczy Ziem Górskich KARPATIA","Polish bank register (plewiba.xml)"
"PL","87920008","POLUPLPRXXX","87920008","","Bank Spółdzielczy w Czarnym Dunajcu","Polish bank register (plewiba.xml)"
"PL","87950005","POLUPLPRXXX","87950005","","Bank Spółdzielczy w Gorlicach","Polish bank register (plewiba.xml)"
"PL","87951015","POLUPLPRXXX","87951015","","Bank Spółdzielczy w Gorlicach","Polish bank register (plewiba.xml)"
"PL","87970003","POLUPLPRXXX","87970003","","Bank Spółdzielczy w Grybowie","Polish bank register (plewiba.xml)"
"PL","87971013","POLUPLPRXXX","87971013","","Bank Spółdzielczy w Grybowie","Polish bank register (plewiba.xml)"
"PL","87971026","POLUPLPRXXX","87971026","","Bank Spółdzielczy w Grybowie","Polish bank register (plewiba.xml)"
"PL","87971039","POLUPLPRXXX","87971039","","Bank Spółdzielczy w Grybowie","Polish bank register (plewiba.xml)"
"PL","87980002","POLUPLPRXXX","87980002","","Bank Spółdzielczy w Jabłonce","Polish bank register (plewiba.xml)"
"PL","87990001","POLUPLPRXXX","87990001","","Bank Spółdzielczy w Jordanowie","Polish bank register (plewiba.xml)"
"PL","88040000","POLUPLPRXXX","88040000","","Bank Spółdzielczy w Limanowej","Polish bank register (plewiba.xml)"
"PL","88050009","POLUPLPRXXX","88050009","","Łącki Bank Spółdzielczy","Polish bank register (plewiba.xml)"
"PL","88070007","POLUPLPRXXX","88070007","","Bank Spółdzielczy w Gorlicach","Polish bank register (plewiba.xml)"
"PL","88080006","SPZLPLP1XXX","88080006","","Bank Spółdzielczy w Mszanie Dolnej","Polish bank register (plewiba.xml)"
"PL","88110006","POLUPLPRXXX","88110006","","Bank Spółdzielczy w Nowym Sączu","Polish bank register (plewiba.xml)"
"PL","88120005","POLUPLPRXXX","88120005","","Bank Spółdzielczy w Nowym Targu","Polish bank register (plewiba.xml)"
"PL","88130004","POLUPLPRXXX","88130004","","Bank Spółdzielczy w Piwnicznej - Zdroju","Polish bank register (plewiba.xml)"
"PL","88140003","POLUPLPRXXX","88140003","","Bank Spółdzielczy w Podegrodziu","Polish bank register (plewiba.xml)"
"PL","88150002","POLUPLPRXXX","88150002","","Bank Spółdzielczy w Rabie Wyżnej","Polish bank register (plewiba.xml)"
"PL","88160001","POLUPLPRXXX","88160001","","Bank Spółdzielczy w Starym Sączu","Polish bank register (plewiba.xml)"
"PL","88170000","POLUPLPRXXX","88170000","","Pieniński Bank Spółdzielczy","Polish bank register (plewiba.xml)"
"PL","88180009","POLUPLPRXXX","88180009","","Bank Spółdzielczy w Łososinie Dolnej","Polish bank register (plewiba.xml)"
"PL","88210009","POLUPLPRXXX","88210009","","Podhalański Bank Spółdzielczy w Zakopanem","Polish bank register (plewiba.xml)"
"PL","88230007","POLUPLPRXXX","88230007","","Bank Spółdzielczy w Olsztynku","Polish bank register (plewiba.xml)"
"PL","88231017","POLUPLPRXXX","88231017","","Bank Spółdzielczy w Olsztynku","Polish bank register (plewiba.xml)"
"PL","88310002","POLUPLPRXXX","88310002","","Bank Spółdzielczy w Iławie","Polish bank register (plewiba.xml)"
"PL","88311012","POLUPLPRXXX","88311012","","Bank Spółdzielczy w Iławie","Polish bank register (plewiba.xml)"
"PL","88311025","POLUPLPRXXX","88311025","","Bank Spółdzielczy w Iławie","Polish bank register (plewiba.xml)"
"PL","88311038","POLUPLPRXXX","88311038","","Bank Spółdzielczy w Iławie","Polish bank register (plewiba.xml)"
"PL","88320001","POLUPLPRXXX","88320001","","Bank Spółdzielczy w Lubawie","Polish bank register (plewiba.xml)"
"PL","88340009","POLUPLPRXXX","88340009","","Bank Spółdzielczy w Nidzicy","Polish bank register (plewiba.xml)"
"PL","88341019","POLUPLPRXXX","88341019","","Bank Spółdzielczy w Nidzicy","Polish bank register (plewiba.xml)"
"PL","88341022","POLUPLPRXXX","88341022","","Bank Spółdzielczy w Nidzicy","Polish bank register (plewiba.xml)"
"PL","88341035","POLUPLPRXXX","88341035","","Bank Spółdzielczy w Nidzicy","Polish bank register (plewiba.xml)"
"PL","88380005","POLUPLPRXXX","88380005","","Bank Spółdzielczy w Szczytnie","Polish bank register (plewiba.xml)"
"PL","88381015","POLUPLPRXXX","88381015","","Bank Spółdzielczy w Szczytnie","Polish bank register (plewiba.xml)"
"PL","88381028","POLUPLPRXXX","88381028","","Bank Spółdzielczy w Szczytnie","Polish bank register (plewiba.xml)"
"PL","88381031","POLUPLPRXXX","88381031","","Bank Spółdzielczy w Szczytnie","Polish bank register (plewiba.xml)"
"PL","88381044","POLUPLPRXXX","88381044","","Bank Spółdzielczy w Szczytnie","Polish bank register (plewiba.xml)"
"PL","88381057","POLUPLPRXXX","88381057","","Bank Spółdzielczy w Szczytnie","Polish bank register (plewiba.xml)"
"PL","88381060","POLUPLPRXXX","88381060","","Bank Spółdzielczy w Szczytnie","Polish bank register (plewiba.xml)"
"PL","88430003","POLUPLPRXXX","88430003","","Morąsko-Zalewski Bank Spółdzielczy","Polish bank register (plewiba.xml)"
"PL","88480008","POLUPLPRXXX","88480008","","Bank Spółdzielczy w Mrągowie","Polish bank register (plewiba.xml)"
"PL","88510008","POLUPLPRXXX","88510008","","Bank Spółdzielczy w Reszlu","Polish bank register (plewiba.xml)"
"PL","88511018","POLUPLPRXXX","88511018","","Bank Spółdzielczy w Reszlu","Polish bank register (plewiba.xml)"
"PL","88511021","POLUPLPRXXX","88511021","","Bank Spółdzielczy w Reszlu","Polish bank register (plewiba.xml)"
"PL","88511034","POLUPLPRXXX","88511034","","Bank Spółdzielczy w Reszlu","Polish bank register (plewiba.xml)"
"PL","88511047","POLUPLPRXXX","88511047","","Bank Spółdzielczy w Reszlu","Polish bank register (plewiba.xml)"
"PL","88550004","POLUPLPRXXX","88550004","","Bank Spółdzielczy w Bartoszycach","Polish bank register (plewiba.xml)"
"PL","88570002","POLUPLPRXXX","88570002","","Warmiński Bank Spółdzielczy","Polish bank register (plewiba.xml)"
"PL","88571012","POLUPLPRXXX","88571012","","Warmiński Bank Spółdzielczy","Polish bank register (plewiba.xml)"
"PL","88571025","POLUPLPRXXX","88571025","","Warmiński Bank Spółdzielczy","Polish bank register (plewiba.xml)"
"PL","88571038","POLUPLPRXXX","88571038","","Warmiński Bank Spółdzielczy","Polish bank register (plewiba.xml)"
"PL","88571041","WBSJPLP1XXX","88571041","","Warmiński Bank Spółdzielczy","Polish bank register (plewiba.xml)"
"PL","88571054","POLUPLPRXXX","88571054","","Warmiński Bank Spółdzielczy","Polish bank register (plewiba.xml)"
"PL","88571067","POLUPLPRXXX","88571067","","Warmiński Bank Spółdzielczy","Polish bank register (plewiba.xml)"
"PL","88580001","POLUPLPRXXX","88580001","","Warmińsko - Mazurski Bank Spółdzielczy","Polish bank register (plewiba.xml)"
"PL","88581011","POLUPLPRXXX","88581011","","Warmińsko - Mazurski Bank Spółdzielczy","Polish bank register (plewiba.xml)"
"PL","88630009","POLUPLPRXXX","88630009","","Bank Spółdzielczy w Brzegu","Polish bank register (plewiba.xml)"
"PL","88631019","POLUPLPRXXX","88631019","","Bank Spółdzielczy w Brzegu","Polish bank register (plewiba.xml)"
"PL","88660006","POLUPLPRXXX","88660006","","Bank Spółdzielczy w Baborowie","Polish bank register (plewiba.xml)"
"PL","88670005","POLUPLPRXXX","88670005","","Bank Spółdzielczy w Namysłowie","Polish bank register (plewiba.xml)"
"PL","88680004","POLUPLPRXXX","88680004","","Bank Spółdzielczy w Głubczycach","Polish bank register (plewiba.xml)"
"PL","88700005","POLUPLPRXXX","88700005","","Bank Spółdzielczy Grodków-Łosiów z siedzibą w Grodkowie","Polish bank register (plewiba.xml)"
"PL","88720003","POLUPLPRXXX","88720003","","Bank Spółdzielczy w Otmuchowie","Polish bank register (plewiba.xml)"
"PL","88721026","POLUPLPRXXX","88721026","","Bank Spółdzielczy w Otmuchowie","Polish bank register (plewiba.xml)"
"PL","88760009","GBWCPLPPXXX","88760009","","Bank Spółdzielczy w Wołczynie","Polish bank register (plewiba.xml)"
"PL","88820006","POLUPLPRXXX","88820006","","Powiatowy Bank Spółdzielczy w Kędzierzynie-Koźlu","Polish bank register (plewiba.xml)"
"PL","88821016","POLUPLPRXXX","88821016","","Powiatowy Bank Spółdzielczy w Kędzierzynie-Koźlu","Polish bank register (plewiba.xml)"
"PL","88821032","POLUPLPRXXX","88821032","","Powiatowy Bank Spółdzielczy w Kędzierzynie-Koźlu","Polish bank register (plewiba.xml)"
"PL","88830005","POLUPLPRXXX","88830005","","Bank Spółdzielczy w Gogolinie","Polish bank register (plewiba.xml)"
"PL","88831015","POLUPLPRXXX","88831015","","Bank Spółdzielczy w Gogolinie","Polish bank register (plewiba.xml)"
"PL","88831028","POLUPLPRXXX","88831028","","Bank Spółdzielczy w Gogolinie","Polish bank register (plewiba.xml)"
"PL","88831031","POLUPLPRXXX","88831031","","Bank Spółdzielczy w Gogolinie","Polish bank register (plewiba.xml)"
"PL","88840004","POLUPLPRXXX","88840004","","Bank Spółdzielczy w Krapkowicach","Polish bank register (plewiba.xml)"
"PL","88841014","POLUPLPRXXX","88841014","","Bank Spółdzielczy w Krapkowicach","Polish bank register (plewiba.xml)"
"PL","88841027","POLUPLPRXXX","88841027","","Bank Spółdzielczy w Krapkowicach","Polish bank register (plewiba.xml)"
"PL","88841030","POLUPLPRXXX","88841030","","Bank Spółdzielczy w Krapkowicach","Polish bank register (plewiba.xml)"
"PL","88860002","POLUPLPRXXX","88860002","","Bank Spółdzielczy w Brzegu","Polish bank register (plewiba.xml)"
"PL","88900001","POLUPLPRXXX","88900001","","Bank Spółdzielczy w Namysłowie","Polish bank register (plewiba.xml)"
"PL","88901011","POLUPLPRXXX","88901011","","Bank Spółdzielczy w Namysłowie","Polish bank register (plewiba.xml)"
"PL","88901024","POLUPLPRXXX","88901024","","Bank Spółdzielczy w Namysłowie","Polish bank register (plewiba.xml)"
"PL","88901037","POLUPLPRXXX","88901037","","Bank Spółdzielczy w Namysłowie","Polish bank register (plewiba.xml)"
"PL","88901040","POLUPLPRXXX","88901040","","Bank Spółdzielczy w Namysłowie","Polish bank register (plewiba.xml)"
"PL","88901053","POLUPLPRXXX","88901053","","Bank Spółdzielczy w Namysłowie","Polish bank register (plewiba.xml)"
"PL","88901066","POLUPLPRXXX","88901066","","Bank Spółdzielczy w Namysłowie","Polish bank register (plewiba.xml)"
"PL","88901079","POLUPLPRXXX","88901079","","Bank Spółdzielczy w Namysłowie","Polish bank register (plewiba.xml)"
"PL","88910000","POLUPLPRXXX","88910000","","Bank Spółdzielczy w Leśnicy","Polish bank register (plewiba.xml)"
"PL","88920009","POLUPLPRXXX","88920009","","Bank Spółdzielczy w Otmuchowie","Polish bank register (plewiba.xml)"
"PL","88950006","POLUPLPRXXX","88950006","","Bank Spółdzielczy w Dobrzeniu Wielkim","Polish bank register (plewiba.xml)"
"PL","88970004","POLUPLPRXXX","88970004","","Bank Spółdzielczy w Łubnianach","Polish bank register (plewiba.xml)"
"PL","88980003","POLUPLPRXXX","88980003","","Bank Spółdzielczy ""Bank Rolników"" w Opolu","Polish bank register (plewiba.xml)"
"PL","89030002","POLUPLPRXXX","89030002","","Bank Spółdzielczy w Białej","Polish bank register (plewiba.xml)"
"PL","89040001","POLUPLPRXXX","89040001","","Bank Spółdzielczy w Głogówku","Polish bank register (plewiba.xml)"
"PL","89050000","POLUPLPRXXX","89050000","","Bank Spółdzielczy w Prudniku","Polish bank register (plewiba.xml)"
"PL","89051010","POLUPLPRXXX","89051010","","Bank Spółdzielczy w Prudniku","Polish bank register (plewiba.xml)"
"PL","89070008","POLUPLPRXXX","89070008","","Bank Spółdzielczy w Leśnicy","Polish bank register (plewiba.xml)"
"PL","89071018","POLUPLPRXXX","89071018","","Bank Spółdzielczy w Leśnicy","Polish bank register (plewiba.xml)"
"PL","89071021","POLUPLPRXXX","89071021","","Bank Spółdzielczy w Leśnicy","Polish bank register (plewiba.xml)"
"PL","89071034","POLUPLPRXXX","89071034","","Bank Spółdzielczy w Leśnicy","Polish bank register (plewiba.xml)"
"PL","89071047","POLUPLPRXXX","89071047","","Bank Spółdzielczy w Leśnicy","Polish bank register (plewiba.xml)"
"PL","89071050","POLUPLPRXXX","89071050","","Bank Spółdzielczy w Leśnicy","Polish bank register (plewiba.xml)"
"PL","89071063","SPLYPLP1XXX","89071063","","Bank Spółdzielczy w Leśnicy","Polish bank register (plewiba.xml)"
"PL","89071076","SPLYPLP1XXX","89071076","","Bank Spółdzielczy w Leśnicy","Polish bank register (plewiba.xml)"
"PL","89071089","POLUPLPRXXX","89071089","","Bank Spółdzielczy w Leśnicy","Polish bank register (plewiba.xml)"
"PL","89071092","SPLYPLP1XXX","89071092","","Bank Spółdzielczy w Leśnicy","Polish bank register (plewiba.xml)"
"PL","89090006","POLUPLPRXXX","89090006","","Bank Spółdzielczy w Zawadzkiem","Polish bank register (plewiba.xml)"
"PL","89091016","POLUPLPRXXX","89091016","","Bank Spółdzielczy w Zawadzkiem","Polish bank register (plewiba.xml)"
"PL","89091029","POLUPLPRXXX","89091029","","Bank Spółdzielczy w Zawadzkiem","Polish bank register (plewiba.xml)"
"PL","89091032","POLUPLPRXXX","89091032","","Bank Spółdzielczy w Zawadzkiem","Polish bank register (plewiba.xml)"
"PL","89091045","POLUPLPRXXX","89091045","","Bank Spółdzielczy w Zawadzkiem","Polish bank register (plewiba.xml)"
"PL","89091058","POLUPLPRXXX","89091058","","Bank Spółdzielczy w Zawadzkiem","Polish bank register (plewiba.xml)"
"PL","89130005","POLUPLPRXXX","89130005","","Limes Bank Spółdzielczy","Polish bank register (plewiba.xml)"
"PL","89150003","POLUPLPRXXX","89150003","","Bank Spółdzielczy w Goworowie","Polish bank register (plewiba.xml)"
"PL","89151013","POLUPLPRXXX","89151013","","Bank Spółdzielczy w Goworowie","Polish bank register (plewiba.xml)"
"PL","89160002","POLUPLPRXXX","89160002","","Bank Spółdzielczy w Kadzidle","Polish bank register (plewiba.xml)"
"PL","89170001","POLUPLPRXXX","89170001","","Bank Spółdzielczy w Krasnosielcu z siedzibą w Makowie Mazowieckim","Polish bank register (plewiba.xml)"
"PL","89200001","POLUPLPRXXX","89200001","","Kurpiowski Bank Spółdzielczy w Myszyńcu","Polish bank register (plewiba.xml)"
"PL","89201011","MBREPLPWXXX","89201011","","Kurpiowski Bank Spółdzielczy w Myszyńcu","Polish bank register (plewiba.xml)"
"PL","89230008","POLUPLPRXXX","89230008","","Bank Spółdzielczy w Ostrowi Mazowieckiej","Polish bank register (plewiba.xml)"
"PL","89231018","POLUPLPRXXX","89231018","","Bank Spółdzielczy w Ostrowi Mazowieckiej","Polish bank register (plewiba.xml)"
"PL","89231021","POLUPLPRXXX","89231021","","Bank Spółdzielczy w Ostrowi Mazowieckiej","Polish bank register (plewiba.xml)"
"PL","89231034","POLUPLPRXXX","89231034","","Bank Spółdzielczy w Ostrowi Mazowieckiej","Polish bank register (plewiba.xml)"
"PL","89231047","POLUPLPRXXX","89231047","","Bank Spółdzielczy w Ostrowi Mazowieckiej","Polish bank register (plewiba.xml)"
"PL","89231050","POLUPLPRXXX","89231050","","Bank Spółdzielczy w Ostrowi Mazowieckiej","Polish bank register (plewiba.xml)"
"PL","89231063","POLUPLPRXXX","89231063","","Bank Spółdzielczy w Ostrowi Mazowieckiej","Polish bank register (plewiba.xml)"
"PL","89231076","SPOMPLP1XXX","89231076","","Bank Spółdzielczy w Ostrowi Mazowieckiej","Polish bank register (plewiba.xml)"
"PL","89240007","POLUPLPRXXX","89240007","","Bank Spółdzielczy w Przasnyszu","Polish bank register (plewiba.xml)"
"PL","89250006","POLUPLPRXXX","89250006","","Bank Spółdzielczy w Różanie","Polish bank register (plewiba.xml)"
"PL","89300004","POLUPLPRXXX","89300004","","Bank Spółdzielczy w Wąsewie","Polish bank register (plewiba.xml)"
"PL","89310003","POLUPLPRXXX","89310003","","Polski Bank Spółdzielczy w Wyszkowie","Polish bank register (plewiba.xml)"
"PL","89350009","GBWCPLPPXXX","89350009","","Bank Spółdzielczy w Jastrowiu","Polish bank register (plewiba.xml)"
"PL","89370007","GBWCPLPPXXX","89370007","","Nadnotecki Bank Spółdzielczy","Polish bank register (plewiba.xml)"
"PL","89380006","POLUPLPRXXX","89380006","","Bank Spółdzielczy w Łobżenicy","Polish bank register (plewiba.xml)"
"PL","89400007","POLUPLPRXXX","89400007","","Bank Spółdzielczy w Wysokiej","Polish bank register (plewiba.xml)"
"PL","89410006","GBWCPLPPXXX","89410006","","Spółdzielczy Bank Ludowy w Złotowie","Polish bank register (plewiba.xml)"
"PL","89411016","GBWCPLPPXXX","89411016","","Spółdzielczy Bank Ludowy w Złotowie","Polish bank register (plewiba.xml)"
"PL","89411029","GBWCPLPPXXX","89411029","","Spółdzielczy Bank Ludowy w Złotowie","Polish bank register (plewiba.xml)"
"PL","89411032","GBWCPLPPXXX","89411032","","Spółdzielczy Bank Ludowy w Złotowie","Polish bank register (plewiba.xml)"
"PL","89430004","GBWCPLPPXXX","89430004","","Bank Spółdzielczy w Lipce","Polish bank register (plewiba.xml)"
"PL","89440003","GBWCPLPPXXX","89440003","","Spółdzielczy Bank Ludowy w Zakrzewie","Polish bank register (plewiba.xml)"
"PL","89450002","GBWCPLPPXXX","89450002","","Bank Spółdzielczy w Chodzieży","Polish bank register (plewiba.xml)"
"PL","89510009","GBWCPLPPXXX","89510009","","Bank Spółdzielczy w Czarnkowie","Polish bank register (plewiba.xml)"
"PL","89590001","GBWCPLPPXXX","89590001","","Pałucki Bank Spółdzielczy w Wągrowcu","Polish bank register (plewiba.xml)"
"PL","89600003","GBWCPLPPXXX","89600003","","Bank Spółdzielczy w Wieleniu","Polish bank register (plewiba.xml)"
"PL","89610002","GBWCPLPPXXX","89610002","","Bank Spółdzielczy we Wronkach","Polish bank register (plewiba.xml)"
"PL","89730003","GBWCPLPPXXX","89730003","","naturoBank Bank Spółdzielczy","Polish bank register (plewiba.xml)"
"PL","89780008","GBWCPLPPXXX","89780008","","ESBANK Bank Spółdzielczy","Polish bank register (plewiba.xml)"
"PL","89781018","GBWCPLPPXXX","89781018","","ESBANK Bank Spółdzielczy","Polish bank register (plewiba.xml)"
"PL","89781021","GBWCPLPPXXX","89781021","","ESBANK Bank Spółdzielczy","Polish bank register (plewiba.xml)"
"PL","89800009","GBWCPLPPXXX","89800009","","ESBANK Bank Spółdzielczy","Polish bank register (plewiba.xml)"
"PL","89850004","GBWCPLPPXXX","89850004","","Powiatowy Bank Spółdzielczy w Tomaszowie Mazowieckim","Polish bank register (plewiba.xml)"
"PL","89851014","GBWCPLPPXXX","89851014","","Powiatowy Bank Spółdzielczy w Tomaszowie Mazowieckim","Polish bank register (plewiba.xml)"
"PL","89851027","GBWCPLPPXXX","89851027","","Powiatowy Bank Spółdzielczy w Tomaszowie Mazowieckim","Polish bank register (plewiba.xml)"
"PL","89851030","GBWCPLPPXXX","89851030","","Powiatowy Bank Spółdzielczy w Tomaszowie Mazowieckim","Polish bank register (plewiba.xml)"
"PL","89851043","GBWCPLPPXXX","89851043","","Powiatowy Bank Spółdzielczy w Tomaszowie Mazowieckim","Polish bank register (plewiba.xml)"
"PL","89880001","GBWCPLPPXXX","89880001","","Bank Spółdzielczy w Przedborzu","Polish bank register (plewiba.xml)"
"PL","89920000","GBWCPLPPXXX","89920000","","Bank Spółdzielczy w Opocznie","Polish bank register (plewiba.xml)"
"PL","90060007","POLUPLPRXXX","90060007","","Bank Spółdzielczy w Małej Wsi","Polish bank register (plewiba.xml)"
"PL","90080005","POLUPLPRXXX","90080005","","Bank Spółdzielczy w Staroźrebach","Polish bank register (plewiba.xml)"
"PL","90100006","GBWCPLPPXXX","90100006","","Bank Spółdzielczy w Iłowie","Polish bank register (plewiba.xml)"
"PL","90110005","POLUPLPRXXX","90110005","","Vistula Bank Spółdzielczy","Polish bank register (plewiba.xml)"
"PL","90120004","POLUPLPRXXX","90120004","","Bank Spółdzielczy w Gostyninie","Polish bank register (plewiba.xml)"
"PL","90130003","GBWCPLPPXXX","90130003","","Bank Spółdzielczy w Gąbinie","Polish bank register (plewiba.xml)"
"PL","90131013","GBWCPLPPXXX","90131013","","Bank Spółdzielczy w Gąbinie","Polish bank register (plewiba.xml)"
"PL","90150001","GBWCPLPPXXX","90150001","","Bank Spółdzielczy w Starej Białej","Polish bank register (plewiba.xml)"
"PL","90210008","GBWCPLPPXXX","90210008","","Bank Spółdzielczy ""Wspólna Praca"" w Kutnie","Polish bank register (plewiba.xml)"
"PL","90211018","GBWCPLPPXXX","90211018","","Bank Spółdzielczy ""Wspólna Praca"" w Kutnie","Polish bank register (plewiba.xml)"
"PL","90211021","GBWCPLPPXXX","90211021","","Bank Spółdzielczy ""Wspólna Praca"" w Kutnie","Polish bank register (plewiba.xml)"
"PL","90220007","GBWCPLPPXXX","90220007","","Bank Spółdzielczy w Starej Białej","Polish bank register (plewiba.xml)"
"PL","90290000","GBWCPLPPXXX","90290000","","Rejonowy Bank Spółdzielczy w Lututowie","Polish bank register (plewiba.xml)"
"PL","90291010","GBWCPLPPXXX","90291010","","Rejonowy Bank Spółdzielczy w Lututowie","Polish bank register (plewiba.xml)"
"PL","90291023","GBWCPLPPXXX","90291023","","Rejonowy Bank Spółdzielczy w Lututowie","Polish bank register (plewiba.xml)"
"PL","90291036","GBWCPLPPXXX","90291036","","Rejonowy Bank Spółdzielczy w Lututowie","Polish bank register (plewiba.xml)"
"PL","90350007","GBWCPLPPXXX","90350007","","Bank Spółdzielczy w Starej Białej","Polish bank register (plewiba.xml)"
"PL","90380004","GBWCPLPPXXX","90380004","","Bank Spółdzielczy w Starej Białej","Polish bank register (plewiba.xml)"
"PL","90381014","GBWCPLPPXXX","90381014","","Bank Spółdzielczy w Starej Białej","Polish bank register (plewiba.xml)"
"PL","90420003","GBWCPLPPXXX","90420003","","Bank Spółdzielczy ""MAZOWSZE"" w Płocku","Polish bank register (plewiba.xml)"
"PL","90421042","GBWCPLPPXXX","90421042","","Bank Spółdzielczy ""MAZOWSZE"" w Płocku","Polish bank register (plewiba.xml)"
"PL","90421071","GBWCPLPPXXX","90421071","","Bank Spółdzielczy ""MAZOWSZE"" w Płocku","Polish bank register (plewiba.xml)"
"PL","90430002","GBWCPLPPXXX","90430002","","POZNAŃSKI BANK SPÓŁDZIELCZY","Polish bank register (plewiba.xml)"
"PL","90431012","GBWCPLPPXXX","90431012","","POZNAŃSKI BANK SPÓŁDZIELCZY","Polish bank register (plewiba.xml)"
"PL","90431025","GBWCPLPPXXX","90431025","","POZNAŃSKI BANK SPÓŁDZIELCZY","Polish bank register (plewiba.xml)"
"PL","90431038","GBWCPLPPXXX","90431038","","POZNAŃSKI BANK SPÓŁDZIELCZY","Polish bank register (plewiba.xml)"
"PL","90431041","GBWCPLPPXXX","90431041","","POZNAŃSKI BANK SPÓŁDZIELCZY","Polish bank register (plewiba.xml)"
"PL","90431054","GBWCPLPPXXX","90431054","","POZNAŃSKI BANK SPÓŁDZIELCZY","Polish bank register (plewiba.xml)"
"PL","90431067","GBWCPLPPXXX","90431067","","POZNAŃSKI BANK SPÓŁDZIELCZY","Polish bank register (plewiba.xml)"
"PL","90431070","GBWCPLPPXXX","90431070","","POZNAŃSKI BANK SPÓŁDZIELCZY","Polish bank register (plewiba.xml)"
"PL","90431083","GBWCPLPPXXX","90431083","","POZNAŃSKI BANK SPÓŁDZIELCZY","Polish bank register (plewiba.xml)"
"PL","90440001","GBWCPLPPXXX","90440001","","Pobiedzisko - Gośliński Bank Spółdzielczy w Pobiedziskach","Polish bank register (plewiba.xml)"
"PL","90480007","GBWCPLPPXXX","90480007","","Gospodarczy Bank Spółdzielczy w Mosinie","Polish bank register (plewiba.xml)"
"PL","90550003","GBWCPLPPXXX","90550003","","Ludowy Bank Spółdzielczy w Obornikach","Polish bank register (plewiba.xml)"
"PL","90580000","GBWCPLPPXXX","90580000","","Bank Spółdzielczy w Nowym Tomyślu","Polish bank register (plewiba.xml)"
"PL","90630008","GBWCPLPPXXX","90630008","","Bank Spółdzielczy w Grodzisku Wielkopolskim","Polish bank register (plewiba.xml)"
"PL","90650006","GBWCPLPPXXX","90650006","","Bank Spółdzielczy w Gnieźnie","Polish bank register (plewiba.xml)"
"PL","90680003","POLUPLPRXXX","90680003","","Bank Nowy Spółka Akcyjna","Polish bank register (plewiba.xml)"
"PL","90681013","POLUPLPRXXX","90681013","","Bank Nowy Spółka Akcyjna","Polish bank register (plewiba.xml)"
"PL","90720002","GBWCPLPPXXX","90720002","","Bank Spółdzielczy Duszniki","Polish bank register (plewiba.xml)"
"PL","90750009","GBWCPLPPXXX","90750009","","Bank Spółdzielczy w Kostrzynie","Polish bank register (plewiba.xml)"
"PL","90751019","GBWCPLPPXXX","90751019","","Bank Spółdzielczy w Kostrzynie","Polish bank register (plewiba.xml)"
"PL","90760008","GBWCPLPPXXX","90760008","","Bank Spółdzielczy w Kórniku","Polish bank register (plewiba.xml)"
"PL","90810006","GBWCPLPPXXX","90810006","","Nadobrzański Bank Spółdzielczy w Rakoniewicach","Polish bank register (plewiba.xml)"
"PL","90811016","GBWCPLPPXXX","90811016","","Nadobrzański Bank Spółdzielczy w Rakoniewicach","Polish bank register (plewiba.xml)"
"PL","90811029","GBWCPLPPXXX","90811029","","Nadobrzański Bank Spółdzielczy w Rakoniewicach","Polish bank register (plewiba.xml)"
"PL","90820005","GBWCPLPPXXX","90820005","","Bank Spółdzielczy Pojezierza Międzychodzko - Sierakowskiego w Sierakowie","Polish bank register (plewiba.xml)"
"PL","90840003","GBWCPLPPXXX","90840003","","Spółdzielczy Bank Ludowy im.Ks.P.Wawrzyniaka","Polish bank register (plewiba.xml)"
"PL","90841013","GBWCPLPPXXX","90841013","","Spółdzielczy Bank Ludowy im.Ks.P.Wawrzyniaka","Polish bank register (plewiba.xml)"
"PL","90841026","GBWCPLPPXXX","90841026","","Spółdzielczy Bank Ludowy im.Ks.P.Wawrzyniaka","Polish bank register (plewiba.xml)"
"PL","90850002","GBWCPLPPXXX","90850002","","BANK SPÓŁDZIELCZY w Środzie Wielkopolskiej","Polish bank register (plewiba.xml)"
"PL","90910009","POLUPLPRXXX","90910009","","Bank Spółdzielczy w Chłopicach","Polish bank register (plewiba.xml)"
"PL","90930007","POLUPLPRXXX","90930007","","Bank Spółdzielczy w Dynowie","Polish bank register (plewiba.xml)"
"PL","90931017","POLUPLPRXXX","90931017","","Bank Spółdzielczy w Dynowie","Polish bank register (plewiba.xml)"
"PL","90931020","POLUPLPRXXX","90931020","","Bank Spółdzielczy w Dynowie","Polish bank register (plewiba.xml)"
"PL","90931033","POLUPLPRXXX","90931033","","Bank Spółdzielczy w Dynowie","Polish bank register (plewiba.xml)"
"PL","90931046","POLUPLPRXXX","90931046","","Bank Spółdzielczy w Dynowie","Polish bank register (plewiba.xml)"
"PL","90940006","POLUPLPRXXX","90940006","","Bank Spółdzielczy w Lubaczowie","Polish bank register (plewiba.xml)"
"PL","90960004","SPOAPLP1XXX","90960004","","Bank Spółdzielczy w Jarosławiu","Polish bank register (plewiba.xml)"
"PL","90961014","POLUPLPRXXX","90961014","","Bank Spółdzielczy w Jarosławiu","Polish bank register (plewiba.xml)"
"PL","91010003","POLUPLPRXXX","91010003","","Bank Spółdzielczy w Lubaczowie","Polish bank register (plewiba.xml)"
"PL","91011013","POLUPLPRXXX","91011013","","Bank Spółdzielczy w Lubaczowie","Polish bank register (plewiba.xml)"
"PL","91011026","POLUPLPRXXX","91011026","","Bank Spółdzielczy w Lubaczowie","Polish bank register (plewiba.xml)"
"PL","91011039","POLUPLPRXXX","91011039","","Bank Spółdzielczy w Lubaczowie","Polish bank register (plewiba.xml)"
"PL","91011042","POLUPLPRXXX","91011042","","Bank Spółdzielczy w Lubaczowie","Polish bank register (plewiba.xml)"
"PL","91030001","POLUPLPRXXX","91030001","","Bank Spółdzielczy w Narolu","Polish bank register (plewiba.xml)"
"PL","91060008","POLUPLPRXXX","91060008","","Bank Spółdzielczy w Przeworsku","Polish bank register (plewiba.xml)"
"PL","91061018","POLUPLPRXXX","91061018","","Bank Spółdzielczy w Przeworsku","Polish bank register (plewiba.xml)"
"PL","91070007","POLUPLPRXXX","91070007","","Bank Spółdzielczy w Radymnie","Polish bank register (plewiba.xml)"
"PL","91080006","POLUPLPRXXX","91080006","","Bank Spółdzielczy w Jarosławiu","Polish bank register (plewiba.xml)"
"PL","91130004","POLUPLPRXXX","91130004","","Bank Spółdzielczy w Żurawicy","Polish bank register (plewiba.xml)"
"PL","91131014","POLUPLPRXXX","91131014","","Bank Spółdzielczy w Żurawicy","Polish bank register (plewiba.xml)"
"PL","91131027","POLUPLPRXXX","91131027","","Bank Spółdzielczy w Żurawicy","Polish bank register (plewiba.xml)"
"PL","91131030","POLUPLPRXXX","91131030","","Bank Spółdzielczy w Żurawicy","Polish bank register (plewiba.xml)"
"PL","91131043","POLUPLPRXXX","91131043","","Bank Spółdzielczy w Żurawicy","Polish bank register (plewiba.xml)"
"PL","91150002","POLUPLPRXXX","91150002","","Bank Spółdzielczy Rzemiosła w Radomiu","Polish bank register (plewiba.xml)"
"PL","91160001","GBWCPLPPXXX","91160001","","Bank Spółdzielczy im.Stefczyka w Belsku Dużym","Polish bank register (plewiba.xml)"
"PL","91170000","GBWCPLPPXXX","91170000","","Bank Spółdzielczy w Białobrzegach","Polish bank register (plewiba.xml)"
"PL","91171010","GBWCPLPPXXX","91171010","","Bank Spółdzielczy w Białobrzegach","Polish bank register (plewiba.xml)"
"PL","91210009","GBWCPLPPXXX","91210009","","Bank Spółdzielczy w Chynowie","Polish bank register (plewiba.xml)"
"PL","91250005","GBWCPLPPXXX","91250005","","Bank Spółdzielczy w Białobrzegach","Polish bank register (plewiba.xml)"
"PL","91280002","GBWCPLPPXXX","91280002","","Bank Spółdzielczy w Grójcu","Polish bank register (plewiba.xml)"
"PL","91290001","POLUPLPRXXX","91290001","","Bank Spółdzielczy w Iłży","Polish bank register (plewiba.xml)"
"PL","91300003","POLUPLPRXXX","91300003","","Bank Spółdzielczy w Jasieńcu","Polish bank register (plewiba.xml)"
"PL","91320001","GBWCPLPPXXX","91320001","","Południowo-Mazowiecki Bank Spółdzielczy w Jedlińsku","Polish bank register (plewiba.xml)"
"PL","91350008","GBWCPLPPXXX","91350008","","Bank Spółdzielczy w Lipsku","Polish bank register (plewiba.xml)"
"PL","91410005","GBWCPLPPXXX","91410005","","Bank Spółdzielczy w Pionkach","Polish bank register (plewiba.xml)"
"PL","91411015","MBREPLPWXXX","91411015","","Bank Spółdzielczy w Pionkach","Polish bank register (plewiba.xml)"
"PL","91411028","MBREPLPWXXX","91411028","","Bank Spółdzielczy w Pionkach","Polish bank register (plewiba.xml)"
"PL","91450001","GBWCPLPPXXX","91450001","","Bank Spółdzielczy w Przysusze","Polish bank register (plewiba.xml)"
"PL","91451011","GBWCPLPPXXX","91451011","","Bank Spółdzielczy w Przysusze","Polish bank register (plewiba.xml)"
"PL","91451024","GBWCPLPPXXX","91451024","","Bank Spółdzielczy w Przysusze","Polish bank register (plewiba.xml)"
"PL","91451037","GBWCPLPPXXX","91451037","","Bank Spółdzielczy w Przysusze","Polish bank register (plewiba.xml)"
"PL","91451040","GBWCPLPPXXX","91451040","","Bank Spółdzielczy w Przysusze","Polish bank register (plewiba.xml)"
"PL","91451053","GBWCPLPPXXX","91451053","","Bank Spółdzielczy w Przysusze","Polish bank register (plewiba.xml)"
"PL","91451066","GBWCPLPPXXX","91451066","","Bank Spółdzielczy w Przysusze","Polish bank register (plewiba.xml)"
"PL","91451079","GBWCPLPPXXX","91451079","","Bank Spółdzielczy w Przysusze","Polish bank register (plewiba.xml)"
"PL","91451082","GBWCPLPPXXX","91451082","","Bank Spółdzielczy w Przysusze","Polish bank register (plewiba.xml)"
"PL","91451095","GBWCPLPPXXX","91451095","","Bank Spółdzielczy w Przysusze","Polish bank register (plewiba.xml)"
"PL","91451109","GBWCPLPPXXX","91451109","","Bank Spółdzielczy w Przysusze","Polish bank register (plewiba.xml)"
"PL","91470009","POLUPLPRXXX","91470009","","Bank Spółdzielczy w Radomiu","Polish bank register (plewiba.xml)"
"PL","91500009","GBWCPLPPXXX","91500009","","Bank Spółdzielczy w Skaryszewie","Polish bank register (plewiba.xml)"
"PL","91540005","GBWCPLPPXXX","91540005","","Bank Spółdzielczy w Warce","Polish bank register (plewiba.xml)"
"PL","91570002","GBWCPLPPXXX","91570002","","Bank Spółdzielczy w Zwoleniu","Polish bank register (plewiba.xml)"
"PL","91580001","POLUPLPRXXX","91580001","","Bank Spółdzielczy w Błażowej","Polish bank register (plewiba.xml)"
"PL","91581011","POLUPLPRXXX","91581011","","Bank Spółdzielczy w Błażowej","Polish bank register (plewiba.xml)"
"PL","91590000","POLUPLPRXXX","91590000","","Bank Spółdzielczy w Głogowie Małopolskim","Polish bank register (plewiba.xml)"
"PL","91591010","POLUPLPRXXX","91591010","","Bank Spółdzielczy w Głogowie Małopolskim","Polish bank register (plewiba.xml)"
"PL","91591023","POLUPLPRXXX","91591023","","Bank Spółdzielczy w Głogowie Małopolskim","Polish bank register (plewiba.xml)"
"PL","91591036","POLUPLPRXXX","91591036","","Bank Spółdzielczy w Głogowie Małopolskim","Polish bank register (plewiba.xml)"
"PL","91591049","POLUPLPRXXX","91591049","","Bank Spółdzielczy w Głogowie Małopolskim","Polish bank register (plewiba.xml)"
"PL","91610001","POLUPLPRXXX","91610001","","Bank Spółdzielczy w Lubeni","Polish bank register (plewiba.xml)"
"PL","91620000","POLUPLPRXXX","91620000","","Bank Spółdzielczy w Rzeszowie","Polish bank register (plewiba.xml)"
"PL","91621010","POLUPLPRXXX","91621010","","Bank Spółdzielczy w Rzeszowie","Polish bank register (plewiba.xml)"
"PL","91630009","POLUPLPRXXX","91630009","","Bank Spółdzielczy w Niechobrzu","Polish bank register (plewiba.xml)"
"PL","91640008","POLUPLPRXXX","91640008","","Bank Spółdzielczy w Tyczynie","Polish bank register (plewiba.xml)"
"PL","91641018","POLUPLPRXXX","91641018","","Bank Spółdzielczy w Tyczynie","Polish bank register (plewiba.xml)"
"PL","91680004","POLUPLPRXXX","91680004","","Bank Spółdzielczy w Strzyżowie","Polish bank register (plewiba.xml)"
"PL","91681014","POLUPLPRXXX","91681014","","Bank Spółdzielczy w Strzyżowie","Polish bank register (plewiba.xml)"
"PL","91681027","POLUPLPRXXX","91681027","","Bank Spółdzielczy w Strzyżowie","Polish bank register (plewiba.xml)"
"PL","91681030","POLUPLPRXXX","91681030","","Bank Spółdzielczy w Strzyżowie","Polish bank register (plewiba.xml)"
"PL","91681043","POLUPLPRXXX","91681043","","Bank Spółdzielczy w Strzyżowie","Polish bank register (plewiba.xml)"
"PL","91700005","POLUPLPRXXX","91700005","","Bank Spółdzielczy w Jasionce","Polish bank register (plewiba.xml)"
"PL","91710004","POLUPLPRXXX","91710004","","Bank Spółdzielczy w Ropczycach","Polish bank register (plewiba.xml)"
"PL","91720003","POLUPLPRXXX","91720003","","Bank Spółdzielczy w Sędziszowie Młp.","Polish bank register (plewiba.xml)"
"PL","91721013","POLUPLPRXXX","91721013","","Bank Spółdzielczy w Sędziszowie Młp.","Polish bank register (plewiba.xml)"
"PL","91730002","POLUPLPRXXX","91730002","","Bank Spółdzielczy w Wielopolu Skrzyńskim","Polish bank register (plewiba.xml)"
"PL","91750000","POLUPLPRXXX","91750000","","Bank Spółdzielczy w Żołyni","Polish bank register (plewiba.xml)"
"PL","91760009","GBWCPLPPXXX","91760009","","EXPRESS BANK SPÓŁDZIELCZY","Polish bank register (plewiba.xml)"
"PL","91761019","GBWCPLPPXXX","91761019","","EXPRESS BANK SPÓŁDZIELCZY","Polish bank register (plewiba.xml)"
"PL","91761022","GBWCPLPPXXX","91761022","","EXPRESS BANK SPÓŁDZIELCZY","Polish bank register (plewiba.xml)"
"PL","91761035","GBWCPLPPXXX","91761035","","EXPRESS BANK SPÓŁDZIELCZY","Polish bank register (plewiba.xml)"
"PL","91761048","GBWCPLPPXXX","91761048","","EXPRESS BANK SPÓŁDZIELCZY","Polish bank register (plewiba.xml)"
"PL","91770008","POLUPLPRXXX","91770008","","Bank Spółdzielczy w Łańcucie","Polish bank register (plewiba.xml)"
"PL","91771018","POLUPLPRXXX","91771018","","Bank Spółdzielczy w Łańcucie","Polish bank register (plewiba.xml)"
"PL","91771021","POLUPLPRXXX","91771021","","Bank Spółdzielczy w Łańcucie","Polish bank register (plewiba.xml)"
"PL","91800008","POLUPLPRXXX","91800008","","Bank Spółdzielczy w Kolbuszowej","Polish bank register (plewiba.xml)"
"PL","91801018","POLUPLPRXXX","91801018","","Bank Spółdzielczy w Kolbuszowej","Polish bank register (plewiba.xml)"
"PL","91801021","POLUPLPRXXX","91801021","","Bank Spółdzielczy w Kolbuszowej","Polish bank register (plewiba.xml)"
"PL","91801034","POLUPLPRXXX","91801034","","Bank Spółdzielczy w Kolbuszowej","Polish bank register (plewiba.xml)"
"PL","91820006","POLUPLPRXXX","91820006","","Bank Spółdzielczy w Sokołowie Małopolskim","Polish bank register (plewiba.xml)"
"PL","91830005","POLUPLPRXXX","91830005","","Bank Spółdzielczy w Mielcu","Polish bank register (plewiba.xml)"
"PL","91831015","POLUPLPRXXX","91831015","","Bank Spółdzielczy w Mielcu","Polish bank register (plewiba.xml)"
"PL","91831028","POLUPLPRXXX","91831028","","Bank Spółdzielczy w Mielcu","Polish bank register (plewiba.xml)"
"PL","91831031","POLUPLPRXXX","91831031","","Bank Spółdzielczy w Mielcu","Polish bank register (plewiba.xml)"
"PL","91831044","POLUPLPRXXX","91831044","","Bank Spółdzielczy w Mielcu","Polish bank register (plewiba.xml)"
"PL","91840004","POLUPLPRXXX","91840004","","Bank Spółdzielczy w Przecławiu","Polish bank register (plewiba.xml)"
"PL","91870001","POLUPLPRXXX","91870001","","Bank Spółdzielczy w Leżajsku","Polish bank register (plewiba.xml)"
"PL","91871011","POLUPLPRXXX","91871011","","Bank Spółdzielczy w Leżajsku","Polish bank register (plewiba.xml)"
"PL","91871024","POLUPLPRXXX","91871024","","Bank Spółdzielczy w Leżajsku","Polish bank register (plewiba.xml)"
"PL","91910000","POLUPLPRXXX","91910000","","Bank Spółdzielczy w Jasionce","Polish bank register (plewiba.xml)"
"PL","91930008","POLUPLPRXXX","91930008","","Bank Spółdzielczy w Mokobodach","Polish bank register (plewiba.xml)"
"PL","91940007","POLUPLPRXXX","91940007","","Bank Spółdzielczy w Siedlcach","Polish bank register (plewiba.xml)"
"PL","91970004","POLUPLPRXXX","91970004","","Mazovia Bank Spółdzielczy","Polish bank register (plewiba.xml)"
"PL","91980003","POLUPLPRXXX","91980003","","Międzygminny Bank Spółdzielczy w Zbuczynie","Polish bank register (plewiba.xml)"
"PL","92020003","POLUPLPRXXX","92020003","","Bank Spółdzielczy w Adamowie","Polish bank register (plewiba.xml)"
"PL","92030002","POLUPLPRXXX","92030002","","Bank Spółdzielczy w Krzywdzie","Polish bank register (plewiba.xml)"
"PL","92040001","POLUPLPRXXX","92040001","","Bank Spółdzielczy w Łukowie","Polish bank register (plewiba.xml)"
"PL","92041011","POLUPLPRXXX","92041011","","Bank Spółdzielczy w Łukowie","Polish bank register (plewiba.xml)"
"PL","92060009","POLUPLPRXXX","92060009","","Bank Spółdzielczy w Trzebieszowie","Polish bank register (plewiba.xml)"
"PL","92061019","POLUPLPRXXX","92061019","","Bank Spółdzielczy w Trzebieszowie","Polish bank register (plewiba.xml)"
"PL","92061022","POLUPLPRXXX","92061022","","Bank Spółdzielczy w Trzebieszowie","Polish bank register (plewiba.xml)"
"PL","92061035","POLUPLPRXXX","92061035","","Bank Spółdzielczy w Trzebieszowie","Polish bank register (plewiba.xml)"
"PL","92061048","POLUPLPRXXX","92061048","","Bank Spółdzielczy w Trzebieszowie","Polish bank register (plewiba.xml)"
"PL","92100008","POLUPLPRXXX","92100008","","Bank Spółdzielczy w Garwolinie","Polish bank register (plewiba.xml)"
"PL","92170001","POLUPLPRXXX","92170001","","Bank Spółdzielczy w Łaskarzewie","Polish bank register (plewiba.xml)"
"PL","92210000","POLUPLPRXXX","92210000","","Powiatowy Bank Spółdzielczy w Sokołowie Podlaskim","Polish bank register (plewiba.xml)"
"PL","92240007","POLUPLPRXXX","92240007","","Bank Spółdzielczy w Kałuszynie","Polish bank register (plewiba.xml)"
"PL","92260005","POLUPLPRXXX","92260005","","Bank Spółdzielczy w Mińsku Mazowieckim","Polish bank register (plewiba.xml)"
"PL","92270004","POLUPLPRXXX","92270004","","Bank Spółdzielczy w Siedlcach","Polish bank register (plewiba.xml)"
"PL","92330001","POLUPLPRXXX","92330001","","Bank Spółdzielczy w Łochowie","Polish bank register (plewiba.xml)"
"PL","92360008","POLUPLPRXXX","92360008","","Powiatowy Bank Spółdzielczy w Węgrowie","Polish bank register (plewiba.xml)"
"PL","92440003","GBWCPLPPXXX","92440003","","Bank Spółdzielczy Ziemi Wieluńskiej","Polish bank register (plewiba.xml)"
"PL","92450002","GBWCPLPPXXX","92450002","","Bank Spółdzielczy w Błaszkach","Polish bank register (plewiba.xml)"
"PL","92510009","GBWCPLPPXXX","92510009","","Nadwarciański Bank Spółdzielczy w Działoszynie","Polish bank register (plewiba.xml)"
"PL","92511019","GBWCPLPPXXX","92511019","","Nadwarciański Bank Spółdzielczy w Działoszynie","Polish bank register (plewiba.xml)"
"PL","92560004","GBWCPLPPXXX","92560004","","Rejonowy Bank Spółdzielczy w Lututowie","Polish bank register (plewiba.xml)"
"PL","92630000","POLUPLPRXXX","92630000","","Bank Spółdzielczy w Poddębicach","Polish bank register (plewiba.xml)"
"PL","92640009","GBWCPLPPXXX","92640009","","Bank Spółdzielczy w Ruścu","Polish bank register (plewiba.xml)"
"PL","92670006","GBWCPLPPXXX","92670006","","Bank Spółdzielczy w Sieradzu","Polish bank register (plewiba.xml)"
"PL","92690004","GBWCPLPPXXX","92690004","","Bank Spółdzielczy w Szadku","Polish bank register (plewiba.xml)"
"PL","92700006","POLUPLPRXXX","92700006","","Bank Spółdzielczy w Warcie","Polish bank register (plewiba.xml)"
"PL","92701016","POLUPLPRXXX","92701016","","Bank Spółdzielczy w Warcie","Polish bank register (plewiba.xml)"
"PL","92701029","POLUPLPRXXX","92701029","","Bank Spółdzielczy w Warcie","Polish bank register (plewiba.xml)"
"PL","92710005","GBWCPLPPXXX","92710005","","Bank Spółdzielczy w Wartkowicach","Polish bank register (plewiba.xml)"
"PL","92790007","GBWCPLPPXXX","92790007","","Ludowy Bank Spółdzielczy w Zduńskiej Woli","Polish bank register (plewiba.xml)"
"PL","92830006","POLUPLPRXXX","92830006","","Bank Spółdzielczy w Sochaczewie","Polish bank register (plewiba.xml)"
"PL","92840005","GBWCPLPPXXX","92840005","","Bank Spółdzielczy Ziemi Łowickiej w Łowiczu","Polish bank register (plewiba.xml)"
"PL","92880001","GBWCPLPPXXX","92880001","","Bank Spółdzielczy Ziemi Łowickiej w Łowiczu","Polish bank register (plewiba.xml)"
"PL","92881011","GBWCPLPPXXX","92881011","","Bank Spółdzielczy Ziemi Łowickiej w Łowiczu","Polish bank register (plewiba.xml)"
"PL","92881024","GBWCPLPPXXX","92881024","","Bank Spółdzielczy Ziemi Łowickiej w Łowiczu","Polish bank register (plewiba.xml)"
"PL","92881037","GBWCPLPPXXX","92881037","","Bank Spółdzielczy Ziemi Łowickiej w Łowiczu","Polish bank register (plewiba.xml)"
"PL","92881040","GBWCPLPPXXX","92881040","","Bank Spółdzielczy Ziemi Łowickiej w Łowiczu","Polish bank register (plewiba.xml)"
"PL","92881053","GBWCPLPPXXX","92881053","","Bank Spółdzielczy Ziemi Łowickiej w Łowiczu","Polish bank register (plewiba.xml)"
"PL","92881066","GBWCPLPPXXX","92881066","","Bank Spółdzielczy Ziemi Łowickiej w Łowiczu","Polish bank register (plewiba.xml)"
"PL","92881079","GBWCPLPPXXX","92881079","","Bank Spółdzielczy Ziemi Łowickiej w Łowiczu","Polish bank register (plewiba.xml)"
"PL","92881082","GBWCPLPPXXX","92881082","","Bank Spółdzielczy Ziemi Łowickiej w Łowiczu","Polish bank register (plewiba.xml)"
"PL","92881095","GBWCPLPPXXX","92881095","","Bank Spółdzielczy Ziemi Łowickiej w Łowiczu","Polish bank register (plewiba.xml)"
"PL","92881109","GBWCPLPPXXX","92881109","","Bank Spółdzielczy Ziemi Łowickiej w Łowiczu","Polish bank register (plewiba.xml)"
"PL","92881112","GBWCPLPPXXX","92881112","","Bank Spółdzielczy Ziemi Łowickiej w Łowiczu","Polish bank register (plewiba.xml)"
"PL","92881125","GBWCPLPPXXX","92881125","","Bank Spółdzielczy Ziemi Łowickiej w Łowiczu","Polish bank register (plewiba.xml)"
"PL","92910001","POLUPLPRXXX","92910001","","Bank Spółdzielczy w Białej Rawskiej","Polish bank register (plewiba.xml)"
"PL","92970005","POLUPLPRXXX","92970005","","Bank Spółdzielczy w Skierniewicach","Polish bank register (plewiba.xml)"
"PL","93020004","GBWCPLPPXXX","93020004","","Bank Spółdzielczy w Mszczonowie","Polish bank register (plewiba.xml)"
"PL","93021014","GBWCPLPPXXX","93021014","","Bank Spółdzielczy w Mszczonowie","Polish bank register (plewiba.xml)"
"PL","93021027","GBWCPLPPXXX","93021027","","Bank Spółdzielczy w Mszczonowie","Polish bank register (plewiba.xml)"
"PL","93040002","GBWCPLPPXXX","93040002","","Bank Spółdzielczy Ziemi Łowickiej w Łowiczu","Polish bank register (plewiba.xml)"
"PL","93041012","GBWCPLPPXXX","93041012","","Bank Spółdzielczy Ziemi Łowickiej w Łowiczu","Polish bank register (plewiba.xml)"
"PL","93150004","GBWCPLPPXXX","93150004","","Bank Spółdzielczy w Ustce","Polish bank register (plewiba.xml)"
"PL","93151030","GBWCPLPPXXX","93151030","","Bank Spółdzielczy w Ustce","Polish bank register (plewiba.xml)"
"PL","93151043","GBWCPLPPXXX","93151043","","Bank Spółdzielczy w Ustce","Polish bank register (plewiba.xml)"
"PL","93170002","GBWCPLPPXXX","93170002","","Bank Spółdzielczy w Sławnie","Polish bank register (plewiba.xml)"
"PL","93171012","GBWCPLPPXXX","93171012","","Bank Spółdzielczy w Sławnie","Polish bank register (plewiba.xml)"
"PL","93171025","GBWCPLPPXXX","93171025","","Bank Spółdzielczy w Sławnie","Polish bank register (plewiba.xml)"
"PL","93171038","GBWCPLPPXXX","93171038","","Bank Spółdzielczy w Sławnie","Polish bank register (plewiba.xml)"
"PL","93210001","GBWCPLPPXXX","93210001","","Bank Spółdzielczy w Bytowie","Polish bank register (plewiba.xml)"
"PL","93211024","GBWCPLPPXXX","93211024","","Bank Spółdzielczy w Bytowie","Polish bank register (plewiba.xml)"
"PL","93240008","GBWCPLPPXXX","93240008","","Bank Rumia Spółdzielczy","Polish bank register (plewiba.xml)"
"PL","93241018","GBWCPLPPXXX","93241018","","Bank Rumia Spółdzielczy","Polish bank register (plewiba.xml)"
"PL","93260006","GBWCPLPPXXX","93260006","","Bank Spółdzielczy w Człuchowie","Polish bank register (plewiba.xml)"
"PL","93310004","POLUPLPRXXX","93310004","","Bank Spółdzielczy w Ełku","Polish bank register (plewiba.xml)"
"PL","93340001","POLUPLPRXXX","93340001","","Bank Spółdzielczy w Bargłowie Kościelnym","Polish bank register (plewiba.xml)"
"PL","93390006","POLUPLPRXXX","93390006","","Bank Spółdzielczy w Olecku","Polish bank register (plewiba.xml)"
"PL","93430005","POLUPLPRXXX","93430005","","Mazurski Bank Spółdzielczy w Giżycku","Polish bank register (plewiba.xml)"
"PL","93431015","MASZPLP1XXX","93431015","","Mazurski Bank Spółdzielczy w Giżycku","Polish bank register (plewiba.xml)"
"PL","93431028","MASZPLP1XXX","93431028","","Mazurski Bank Spółdzielczy w Giżycku","Polish bank register (plewiba.xml)"
"PL","93480000","POLUPLPRXXX","93480000","","Bank Spółdzielczy w Węgorzewie","Polish bank register (plewiba.xml)"
"PL","93500001","POLUPLPRXXX","93500001","","Bank Spółdzielczy w Węgorzewie","Polish bank register (plewiba.xml)"
"PL","93510000","POLUPLPRXXX","93510000","","Bank Spółdzielczy w Augustowie","Polish bank register (plewiba.xml)"
"PL","93540007","POLUPLPRXXX","93540007","","Bank Spółdzielczy w Sejnach","Polish bank register (plewiba.xml)"
"PL","93590002","POLUPLPRXXX","93590002","","Bank Spółdzielczy w Suwałkach","Polish bank register (plewiba.xml)"
"PL","93640000","POLUPLPRXXX","93640000","","Warmińsko - Mazurski Bank Spółdzielczy","Polish bank register (plewiba.xml)"
"PL","93670007","POLUPLPRXXX","93670007","","Bank Spółdzielczy w Rutce-Tartak","Polish bank register (plewiba.xml)"
"PL","93700007","GBWCPLPPXXX","93700007","","Bank Spółdzielczy w Chojnie","Polish bank register (plewiba.xml)"
"PL","93701017","GBWCPLPPXXX","93701017","","Bank Spółdzielczy w Chojnie","Polish bank register (plewiba.xml)"
"PL","93701020","GBWCPLPPXXX","93701020","","Bank Spółdzielczy w Chojnie","Polish bank register (plewiba.xml)"
"PL","93701033","GBWCPLPPXXX","93701033","","Bank Spółdzielczy w Chojnie","Polish bank register (plewiba.xml)"
"PL","93701046","GBWCPLPPXXX","93701046","","Bank Spółdzielczy w Chojnie","Polish bank register (plewiba.xml)"
"PL","93701059","GBWCPLPPXXX","93701059","","Bank Spółdzielczy w Chojnie","Polish bank register (plewiba.xml)"
"PL","93750002","GBWCPLPPXXX","93750002","","Bank Spółdzielczy w Goleniowie","Polish bank register (plewiba.xml)"
"PL","93751012","GBWCPLPPXXX","93751012","","Bank Spółdzielczy w Goleniowie","Polish bank register (plewiba.xml)"
"PL","93751025","GBWCPLPPXXX","93751025","","Bank Spółdzielczy w Goleniowie","Polish bank register (plewiba.xml)"
"PL","93751038","GBWCPLPPXXX","93751038","","Bank Spółdzielczy w Goleniowie","Polish bank register (plewiba.xml)"
"PL","93751041","GBWCPLPPXXX","93751041","","Bank Spółdzielczy w Goleniowie","Polish bank register (plewiba.xml)"
"PL","93751054","GBWCPLPPXXX","93751054","","Bank Spółdzielczy w Goleniowie","Polish bank register (plewiba.xml)"
"PL","93760001","GBWCPLPPXXX","93760001","","Bank Spółdzielczy w Gryficach","Polish bank register (plewiba.xml)"
"PL","93761011","GBWCPLPPXXX","93761011","","Bank Spółdzielczy w Gryficach","Polish bank register (plewiba.xml)"
"PL","93770000","GBWCPLPPXXX","93770000","","Bank Spółdzielczy Ziemi Szczecińskiej","Polish bank register (plewiba.xml)"
"PL","93830007","GBWCPLPPXXX","93830007","","Bank Spółdzielczy w Wolinie","Polish bank register (plewiba.xml)"
"PL","93870003","GBWCPLPPXXX","93870003","","Bank Spółdzielczy Ziemi Szczecińskiej","Polish bank register (plewiba.xml)"
"PL","93871013","GBWCPLPPXXX","93871013","","Bank Spółdzielczy Ziemi Szczecińskiej","Polish bank register (plewiba.xml)"
"PL","93871026","GBWCPLPPXXX","93871026","","Bank Spółdzielczy Ziemi Szczecińskiej","Polish bank register (plewiba.xml)"
"PL","93871039","GBWCPLPPXXX","93871039","","Bank Spółdzielczy Ziemi Szczecińskiej","Polish bank register (plewiba.xml)"
"PL","93871042","GBWCPLPPXXX","93871042","","Bank Spółdzielczy Ziemi Szczecińskiej","Polish bank register (plewiba.xml)"
"PL","93930000","GBWCPLPPXXX","93930000","","Bank Spółdzielczy w Wolinie","Polish bank register (plewiba.xml)"
"PL","93931010","GBWCPLPPXXX","93931010","","Bank Spółdzielczy w Wolinie","Polish bank register (plewiba.xml)"
"PL","93931023","GBWCPLPPXXX","93931023","","Bank Spółdzielczy w Wolinie","Polish bank register (plewiba.xml)"
"PL","94070000","POLUPLPRXXX","94070000","","Bank Spółdzielczy w Grębowie","Polish bank register (plewiba.xml)"
"PL","94100000","POLUPLPRXXX","94100000","","Bank Spółdzielczy w Janowie Lubelskim","Polish bank register (plewiba.xml)"
"PL","94101010","POLUPLPRXXX","94101010","","Bank Spółdzielczy w Janowie Lubelskim","Polish bank register (plewiba.xml)"
"PL","94101023","POLUPLPRXXX","94101023","","Bank Spółdzielczy w Janowie Lubelskim","Polish bank register (plewiba.xml)"
"PL","94101036","POLUPLPRXXX","94101036","","Bank Spółdzielczy w Janowie Lubelskim","Polish bank register (plewiba.xml)"
"PL","94101049","POLUPLPRXXX","94101049","","Bank Spółdzielczy w Janowie Lubelskim","Polish bank register (plewiba.xml)"
"PL","94230000","GBWCPLPPXXX","94230000","","Bank Spółdzielczy w Ożarowie","Polish bank register (plewiba.xml)"
"PL","94231010","GBWCPLPPXXX","94231010","","Bank Spółdzielczy w Ożarowie","Polish bank register (plewiba.xml)"
"PL","94231023","GBWCPLPPXXX","94231023","","Bank Spółdzielczy w Ożarowie","Polish bank register (plewiba.xml)"
"PL","94250008","POLUPLPRXXX","94250008","","Bank Spółdzielczy w Połańcu","Polish bank register (plewiba.xml)"
"PL","94290004","GBWCPLPPXXX","94290004","","Bank Spółdzielczy w Sandomierzu","Polish bank register (plewiba.xml)"
"PL","94300006","POLUPLPRXXX","94300006","","Nadsański Bank Spółdzielczy","Polish bank register (plewiba.xml)"
"PL","94301016","POLUPLPRXXX","94301016","","Nadsański Bank Spółdzielczy","Polish bank register (plewiba.xml)"
"PL","94301029","POLUPLPRXXX","94301029","","Nadsański Bank Spółdzielczy","Polish bank register (plewiba.xml)"
"PL","94301032","POLUPLPRXXX","94301032","","Nadsański Bank Spółdzielczy","Polish bank register (plewiba.xml)"
"PL","94301045","POLUPLPRXXX","94301045","","Nadsański Bank Spółdzielczy","Polish bank register (plewiba.xml)"
"PL","94301058","POLUPLPRXXX","94301058","","Nadsański Bank Spółdzielczy","Polish bank register (plewiba.xml)"
"PL","94301061","POLUPLPRXXX","94301061","","Nadsański Bank Spółdzielczy","Polish bank register (plewiba.xml)"
"PL","94310005","POLUPLPRXXX","94310005","","Bank Spółdzielczy w Staszowie","Polish bank register (plewiba.xml)"
"PL","94311015","POLUPLPRXXX","94311015","","Bank Spółdzielczy w Staszowie","Polish bank register (plewiba.xml)"
"PL","94340002","POLUPLPRXXX","94340002","","Bank Spółdzielczy w Tarnobrzegu","Polish bank register (plewiba.xml)"
"PL","94340015","POLUPLPRXXX","94340015","","Bank Spółdzielczy w Tarnobrzegu","Polish bank register (plewiba.xml)"
"PL","94341012","POLUPLPRXXX","94341012","","Bank Spółdzielczy w Tarnobrzegu","Polish bank register (plewiba.xml)"
"PL","94341025","POLUPLPRXXX","94341025","","Bank Spółdzielczy w Tarnobrzegu","Polish bank register (plewiba.xml)"
"PL","94341038","POLUPLPRXXX","94341038","","Bank Spółdzielczy w Tarnobrzegu","Polish bank register (plewiba.xml)"
"PL","94341041","POLUPLPRXXX","94341041","","Bank Spółdzielczy w Tarnobrzegu","Polish bank register (plewiba.xml)"
"PL","94341054","POLUPLPRXXX","94341054","","Bank Spółdzielczy w Tarnobrzegu","Polish bank register (plewiba.xml)"
"PL","94341067","POLUPLPRXXX","94341067","","Bank Spółdzielczy w Tarnobrzegu","Polish bank register (plewiba.xml)"
"PL","94341070","POLUPLPRXXX","94341070","","Bank Spółdzielczy w Tarnobrzegu","Polish bank register (plewiba.xml)"
"PL","94341083","POLUPLPRXXX","94341083","","Bank Spółdzielczy w Tarnobrzegu","Polish bank register (plewiba.xml)"
"PL","94341096","POLUPLPRXXX","94341096","","Bank Spółdzielczy w Tarnobrzegu","Polish bank register (plewiba.xml)"
"PL","94390007","POLUPLPRXXX","94390007","","Bank Spółdzielczy w Zaleszanach","Polish bank register (plewiba.xml)"
"PL","94391017","POLUPLPRXXX","94391017","","Bank Spółdzielczy w Zaleszanach","Polish bank register (plewiba.xml)"
"PL","94530009","POLUPLPRXXX","94530009","","Bank Spółdzielczy w Brzesku","Polish bank register (plewiba.xml)"
"PL","94620003","POLUPLPRXXX","94620003","","Bank Spółdzielczy w Dąbrowie Tarnowskiej","Polish bank register (plewiba.xml)"
"PL","94621013","POLUPLPRXXX","94621013","","Bank Spółdzielczy w Dąbrowie Tarnowskiej","Polish bank register (plewiba.xml)"
"PL","94621026","POLUPLPRXXX","94621026","","Bank Spółdzielczy w Dąbrowie Tarnowskiej","Polish bank register (plewiba.xml)"
"PL","94640001","POLUPLPRXXX","94640001","","Bank Spółdzielczy w Szczucinie","Polish bank register (plewiba.xml)"
"PL","94641011","POLUPLPRXXX","94641011","","Bank Spółdzielczy w Szczucinie","Polish bank register (plewiba.xml)"
"PL","94770001","POLUPLPRXXX","94770001","","Bank Spółdzielczy w Pilźnie","Polish bank register (plewiba.xml)"
"PL","94771011","POLUPLPRXXX","94771011","","Bank Spółdzielczy w Pilźnie","Polish bank register (plewiba.xml)"
"PL","94780000","POLUPLPRXXX","94780000","","Bank Spółdzielczy w Żyrakowie","Polish bank register (plewiba.xml)"
"PL","94790009","POLUPLPRXXX","94790009","","Bank Spółdzielczy w Radomyślu Wielkim","Polish bank register (plewiba.xml)"
"PL","94840007","SPBOPLP1XXX","94840007","","Bank Spółdzielczy w Brodnicy","Polish bank register (plewiba.xml)"
"PL","94841017","SPBOPLP1XXX","94841017","","Bank Spółdzielczy w Brodnicy","Polish bank register (plewiba.xml)"
"PL","94841020","SPBOPLP1XXX","94841020","","Bank Spółdzielczy w Brodnicy","Polish bank register (plewiba.xml)"
"PL","94841033","SPBOPLP1XXX","94841033","","Bank Spółdzielczy w Brodnicy","Polish bank register (plewiba.xml)"
"PL","94841121","SPBOPLP1XXX","94841121","","Bank Spółdzielczy w Brodnicy","Polish bank register (plewiba.xml)"
"PL","94841150","SPBOPLP1XXX","94841150","","Bank Spółdzielczy w Brodnicy","Polish bank register (plewiba.xml)"
"PL","94841163","SPBOPLP1XXX","94841163","","Bank Spółdzielczy w Brodnicy","Polish bank register (plewiba.xml)"
"PL","94841176","SPBOPLP1XXX","94841176","","Bank Spółdzielczy w Brodnicy","Polish bank register (plewiba.xml)"
"PL","94841189","SPBOPLP1XXX","94841189","","Bank Spółdzielczy w Brodnicy","Polish bank register (plewiba.xml)"
"PL","94841192","SPBOPLP1XXX","94841192","","Bank Spółdzielczy w Brodnicy","Polish bank register (plewiba.xml)"
"PL","94841206","SPBOPLP1XXX","94841206","","Bank Spółdzielczy w Brodnicy","Polish bank register (plewiba.xml)"
"PL","94841219","SPBOPLP1XXX","94841219","","Bank Spółdzielczy w Brodnicy","Polish bank register (plewiba.xml)"
"PL","94870004","SPBOPLP1XXX","94870004","","Bank Spółdzielczy w Brodnicy","Polish bank register (plewiba.xml)"
"PL","94890002","GBWCPLPPXXX","94890002","","Bank Spółdzielczy w Golubiu - Dobrzyniu","Polish bank register (plewiba.xml)"
"PL","94910003","GBWCPLPPXXX","94910003","","Bank Spółdzielczy w Grębocinie","Polish bank register (plewiba.xml)"
"PL","94930001","SPBOPLP1XXX","94930001","","Bank Spółdzielczy w Brodnicy","Polish bank register (plewiba.xml)"
"PL","94960008","GBWCPLPPXXX","94960008","","Bank Spółdzielczy w Kowalewie Pomorskim","Polish bank register (plewiba.xml)"
"PL","95000008","GBWCPLPPXXX","95000008","","Bank Spółdzielczy w Łasinie","Polish bank register (plewiba.xml)"
"PL","95110000","GBWCPLPPXXX","95110000","","Nicolaus Bank Spółdzielczy w Toruniu","Polish bank register (plewiba.xml)"
"PL","95230001","POLUPLPRXXX","95230001","","Bank Spółdzielczy w Kłodzku","Polish bank register (plewiba.xml)"
"PL","95231011","POLUPLPRXXX","95231011","","Bank Spółdzielczy w Kłodzku","Polish bank register (plewiba.xml)"
"PL","95231040","POLUPLPRXXX","95231040","","Bank Spółdzielczy w Kłodzku","Polish bank register (plewiba.xml)"
"PL","95270007","GBWCPLPPXXX","95270007","","Bank Spółdzielczy w Dzierżoniowie","Polish bank register (plewiba.xml)"
"PL","95310006","POLUPLPRXXX","95310006","","Bank Spółdzielczy w Świdnicy","Polish bank register (plewiba.xml)"
"PL","95311016","POLUPLPRXXX","95311016","","Bank Spółdzielczy w Świdnicy","Polish bank register (plewiba.xml)"
"PL","95311029","POLUPLPRXXX","95311029","","Bank Spółdzielczy w Świdnicy","Polish bank register (plewiba.xml)"
"PL","95311032","POLUPLPRXXX","95311032","","Bank Spółdzielczy w Świdnicy","Polish bank register (plewiba.xml)"
"PL","95330004","POLUPLPRXXX","95330004","","Bank Spółdzielczy w Ząbkowicach Śląskich","Polish bank register (plewiba.xml)"
"PL","95331014","POLUPLPRXXX","95331014","","Bank Spółdzielczy w Ząbkowicach Śląskich","Polish bank register (plewiba.xml)"
"PL","95331027","POLUPLPRXXX","95331027","","Bank Spółdzielczy w Ząbkowicach Śląskich","Polish bank register (plewiba.xml)"
"PL","95331030","POLUPLPRXXX","95331030","","Bank Spółdzielczy w Ząbkowicach Śląskich","Polish bank register (plewiba.xml)"
"PL","95331043","POLUPLPRXXX","95331043","","Bank Spółdzielczy w Ząbkowicach Śląskich","Polish bank register (plewiba.xml)"
"PL","95331056","POLUPLPRXXX","95331056","","Bank Spółdzielczy w Ząbkowicach Śląskich","Polish bank register (plewiba.xml)"
"PL","95331069","POLUPLPRXXX","95331069","","Bank Spółdzielczy w Ząbkowicach Śląskich","Polish bank register (plewiba.xml)"
"PL","95331072","POLUPLPRXXX","95331072","","Bank Spółdzielczy w Ząbkowicach Śląskich","Polish bank register (plewiba.xml)"
"PL","95360001","POLUPLPRXXX","95360001","","Gospodarczy Bank Spółdzielczy Radków z/s w Nowej Rudzie","Polish bank register (plewiba.xml)"
"PL","95370000","GBWCPLPPXXX","95370000","","Kujawski Bank Spółdzielczy w Aleksandrowie Kujawskim","Polish bank register (plewiba.xml)"
"PL","95420008","GBWCPLPPXXX","95420008","","Bank Spółdzielczy w Lipnie","Polish bank register (plewiba.xml)"
"PL","95460004","GBWCPLPPXXX","95460004","","Bank Spółdzielczy w Skępem","Polish bank register (plewiba.xml)"
"PL","95490001","GBWCPLPPXXX","95490001","","Bank Spółdzielczy w Radziejowie","Polish bank register (plewiba.xml)"
"PL","95491011","GBWCPLPPXXX","95491011","","Bank Spółdzielczy w Radziejowie","Polish bank register (plewiba.xml)"
"PL","95500003","GBWCPLPPXXX","95500003","","Kujawsko-Dobrzyński Bank Spółdzielczy","Polish bank register (plewiba.xml)"
"PL","95510002","GBWCPLPPXXX","95510002","","Bank Spółdzielczy w Piotrkowie Kujawskim","Polish bank register (plewiba.xml)"
"PL","95511012","GBWCPLPPXXX","95511012","","Bank Spółdzielczy w Piotrkowie Kujawskim","Polish bank register (plewiba.xml)"
"PL","95511025","GBWCPLPPXXX","95511025","","Bank Spółdzielczy w Piotrkowie Kujawskim","Polish bank register (plewiba.xml)"
"PL","95570006","GBWCPLPPXXX","95570006","","Bank Spółdzielczy w Kowalu","Polish bank register (plewiba.xml)"
"PL","95571016","GBWCPLPPXXX","95571016","","Bank Spółdzielczy w Kowalu","Polish bank register (plewiba.xml)"
"PL","95571029","GBWCPLPPXXX","95571029","","Bank Spółdzielczy w Kowalu","Polish bank register (plewiba.xml)"
"PL","95571032","GBWCPLPPXXX","95571032","","Bank Spółdzielczy w Kowalu","Polish bank register (plewiba.xml)"
"PL","95590004","GBWCPLPPXXX","95590004","","Bank Spółdzielczy w Lubrańcu","Polish bank register (plewiba.xml)"
"PL","95591014","GBWCPLPPXXX","95591014","","Bank Spółdzielczy w Lubrańcu","Polish bank register (plewiba.xml)"
"PL","95591027","GBWCPLPPXXX","95591027","","Bank Spółdzielczy w Lubrańcu","Polish bank register (plewiba.xml)"
"PL","95591030","GBWCPLPPXXX","95591030","","Bank Spółdzielczy w Lubrańcu","Polish bank register (plewiba.xml)"
"PL","95740005","POLUPLPRXXX","95740005","","Bank Spółdzielczy w Kątach Wrocławskich","Polish bank register (plewiba.xml)"
"PL","95741015","POLUPLPRXXX","95741015","","Bank Spółdzielczy w Kątach Wrocławskich","Polish bank register (plewiba.xml)"
"PL","95741028","POLUPLPRXXX","95741028","","Bank Spółdzielczy w Kątach Wrocławskich","Polish bank register (plewiba.xml)"
"PL","95750004","GBWCPLPPXXX","95750004","","Bank Spółdzielczy w Kobierzycach","Polish bank register (plewiba.xml)"
"PL","95751014","GBWCPLPPXXX","95751014","","Bank Spółdzielczy w Kobierzycach","Polish bank register (plewiba.xml)"
"PL","95751027","GBWCPLPPXXX","95751027","","Bank Spółdzielczy w Kobierzycach","Polish bank register (plewiba.xml)"
"PL","95820000","POLUPLPRXXX","95820000","","Bank Spółdzielczy w Miliczu","Polish bank register (plewiba.xml)"
"PL","95821010","POLUPLPRXXX","95821010","","Bank Spółdzielczy w Miliczu","Polish bank register (plewiba.xml)"
"PL","95821023","POLUPLPRXXX","95821023","","Bank Spółdzielczy w Miliczu","Polish bank register (plewiba.xml)"
"PL","95830009","POLUPLPRXXX","95830009","","Bank Spółdzielczy w Obornikach Śląskich","Polish bank register (plewiba.xml)"
"PL","95831019","POLUPLPRXXX","95831019","","Bank Spółdzielczy w Obornikach Śląskich","Polish bank register (plewiba.xml)"
"PL","95831022","POLUPLPRXXX","95831022","","Bank Spółdzielczy w Obornikach Śląskich","Polish bank register (plewiba.xml)"
"PL","95840008","POLUPLPRXXX","95840008","","Bank Spółdzielczy w Oleśnicy","Polish bank register (plewiba.xml)"
"PL","95841018","POLUPLPRXXX","95841018","","Bank Spółdzielczy w Oleśnicy","Polish bank register (plewiba.xml)"
"PL","95841021","POLUPLPRXXX","95841021","","Bank Spółdzielczy w Oleśnicy","Polish bank register (plewiba.xml)"
"PL","95841034","POLUPLPRXXX","95841034","","Bank Spółdzielczy w Oleśnicy","Polish bank register (plewiba.xml)"
"PL","95841047","POLUPLPRXXX","95841047","","Bank Spółdzielczy w Oleśnicy","Polish bank register (plewiba.xml)"
"PL","95841050","POLUPLPRXXX","95841050","","Bank Spółdzielczy w Oleśnicy","Polish bank register (plewiba.xml)"
"PL","95841063","POLUPLPRXXX","95841063","","Bank Spółdzielczy w Oleśnicy","Polish bank register (plewiba.xml)"
"PL","95841076","POLUPLPRXXX","95841076","","Bank Spółdzielczy w Oleśnicy","Polish bank register (plewiba.xml)"
"PL","95841092","POLUPLPRXXX","95841092","","Bank Spółdzielczy w Oleśnicy","Polish bank register (plewiba.xml)"
"PL","95841106","POLUPLPRXXX","95841106","","Bank Spółdzielczy w Oleśnicy","Polish bank register (plewiba.xml)"
"PL","95841119","POLUPLPRXXX","95841119","","Bank Spółdzielczy w Oleśnicy","Polish bank register (plewiba.xml)"
"PL","95850007","GBWCPLPPXXX","95850007","","Bank Spółdzielczy w Oławie","Polish bank register (plewiba.xml)"
"PL","95880004","GBWCPLPPXXX","95880004","","Gospodarczy Bank Spółdzielczy w Strzelinie","Polish bank register (plewiba.xml)"
"PL","95890003","POLUPLPRXXX","95890003","","Bank Spółdzielczy w Środzie Śląskiej","Polish bank register (plewiba.xml)"
"PL","95910004","POLUPLPRXXX","95910004","","Bank Spółdzielczy w Trzebnicy","Polish bank register (plewiba.xml)"
"PL","95980007","POLUPLPRXXX","95980007","","Bank Spółdzielczy w Żmigrodzie","Polish bank register (plewiba.xml)"
"PL","96020007","SPBJPLP1XXX","96020007","","Bank Spółdzielczy w Biłgoraju","Polish bank register (plewiba.xml)"
"PL","96030006","POLUPLPRXXX","96030006","","Powiatowy Bank Spółdzielczy w Zamościu","Polish bank register (plewiba.xml)"
"PL","96031016","POLUPLPRXXX","96031016","","Powiatowy Bank Spółdzielczy w Zamościu","Polish bank register (plewiba.xml)"
"PL","96031029","POLUPLPRXXX","96031029","","Powiatowy Bank Spółdzielczy w Zamościu","Polish bank register (plewiba.xml)"
"PL","96040005","POLUPLPRXXX","96040005","","Bank Spółdzielczy we Frampolu","Polish bank register (plewiba.xml)"
"PL","96100002","POLUPLPRXXX","96100002","","Bank Spółdzielczy w Izbicy","Polish bank register (plewiba.xml)"
"PL","96140008","POLUPLPRXXX","96140008","","Lubelski Bank Spółdzielczy","Polish bank register (plewiba.xml)"
"PL","96170005","GBWCPLPPXXX","96170005","","Bank Spółdzielczy w Lubyczy Królewskiej","Polish bank register (plewiba.xml)"
"PL","96171015","GBWCPLPPXXX","96171015","","Bank Spółdzielczy w Lubyczy Królewskiej","Polish bank register (plewiba.xml)"
"PL","96190003","POLUPLPRXXX","96190003","","Bank Spółdzielczy w Łukowej","Polish bank register (plewiba.xml)"
"PL","96200005","POLUPLPRXXX","96200005","","Bank Spółdzielczy w Tomaszowie Lubelskim","Polish bank register (plewiba.xml)"
"PL","96230002","POLUPLPRXXX","96230002","","Bank Spółdzielczy w Obszy","Polish bank register (plewiba.xml)"
"PL","96280007","POLUPLPRXXX","96280007","","Bank Spółdzielczy w Krasnymstawie","Polish bank register (plewiba.xml)"
"PL","96320006","POLUPLPRXXX","96320006","","Bank Spółdzielczy w Szczebrzeszynie","Polish bank register (plewiba.xml)"
"PL","96370001","POLUPLPRXXX","96370001","","Bank Spółdzielczy w Tarnogrodzie","Polish bank register (plewiba.xml)"
"PL","96371011","POLUPLPRXXX","96371011","","Bank Spółdzielczy w Tarnogrodzie","Polish bank register (plewiba.xml)"
"PL","96390009","POLUPLPRXXX","96390009","","Bank Spółdzielczy w Tomaszowie Lubelskim","Polish bank register (plewiba.xml)"
"PL","96391035","POLUPLPRXXX","96391035","","Bank Spółdzielczy w Tomaszowie Lubelskim","Polish bank register (plewiba.xml)"
"PL","96391048","POLUPLPRXXX","96391048","","Bank Spółdzielczy w Tomaszowie Lubelskim","Polish bank register (plewiba.xml)"
"PL","96391051","POLUPLPRXXX","96391051","","Bank Spółdzielczy w Tomaszowie Lubelskim","Polish bank register (plewiba.xml)"
"PL","96391064","POLUPLPRXXX","96391064","","Bank Spółdzielczy w Tomaszowie Lubelskim","Polish bank register (plewiba.xml)"
"PL","96420009","POLUPLPRXXX","96420009","","Bank Spółdzielczy w Werbkowicach","Polish bank register (plewiba.xml)"
"PL","96421019","POLUPLPRXXX","96421019","","Bank Spółdzielczy w Werbkowicach","Polish bank register (plewiba.xml)"
"PL","96440007","POLUPLPRXXX","96440007","","Powiatowy Bank Spółdzielczy w Zamościu","Polish bank register (plewiba.xml)"
"PL","96441020","POLUPLPRXXX","96441020","","Powiatowy Bank Spółdzielczy w Zamościu","Polish bank register (plewiba.xml)"
"PL","96441033","POLUPLPRXXX","96441033","","Powiatowy Bank Spółdzielczy w Zamościu","Polish bank register (plewiba.xml)"
"PL","96441046","POLUPLPRXXX","96441046","","Powiatowy Bank Spółdzielczy w Zamościu","Polish bank register (plewiba.xml)"
"PL","96441059","POLUPLPRXXX","96441059","","Powiatowy Bank Spółdzielczy w Zamościu","Polish bank register (plewiba.xml)"
"PL","96441062","POLUPLPRXXX","96441062","","Powiatowy Bank Spółdzielczy w Zamościu","Polish bank register (plewiba.xml)"
"PL","96441075","POLUPLPRXXX","96441075","","Powiatowy Bank Spółdzielczy w Zamościu","Polish bank register (plewiba.xml)"
"PL","96490002","POLUPLPRXXX","96490002","","Bank Spółdzielczy w Biszczy","Polish bank register (plewiba.xml)"
"PL","96560008","GBWCPLPPXXX","96560008","","Bank Spółdzielczy w Krośnie Odrzańskim","Polish bank register (plewiba.xml)"
"PL","96570007","POLUPLPRXXX","96570007","","Bank Spółdzielczy w Żaganiu","Polish bank register (plewiba.xml)"
"PL","96580006","POLUPLPRXXX","96580006","","Bank Spółdzielczy w Iłowej","Polish bank register (plewiba.xml)"
"PL","96600007","GBWCPLPPXXX","96600007","","Bank Spółdzielczy w Siedlcu","Polish bank register (plewiba.xml)"
"PL","96601017","GBWCPLPPXXX","96601017","","Bank Spółdzielczy w Siedlcu","Polish bank register (plewiba.xml)"
"PL","96720008","POLUPLPRXXX","96720008","","Bank Spółdzielczy w Iłowej","Polish bank register (plewiba.xml)"
"PL","96730007","POLUPLPRXXX","96730007","","Bank Spółdzielczy w Kożuchowie","Polish bank register (plewiba.xml)"
"PL","96731017","POLUPLPRXXX","96731017","","Bank Spółdzielczy w Kożuchowie","Polish bank register (plewiba.xml)"
"PL","96731020","POLUPLPRXXX","96731020","","Bank Spółdzielczy w Kożuchowie","Polish bank register (plewiba.xml)"
"PL","96740006","POLUPLPRXXX","96740006","","Bank Spółdzielczy w Nowej Soli","Polish bank register (plewiba.xml)"
"PL","96810002","GBWCPLPPXXX","96810002","","Powiatowy Bank Spółdzielczy we Wrześni","Polish bank register (plewiba.xml)"
